seller_id,seller_city,seller_state,completed_order_count,customer_count,item_count,item_price_total,freight_total,gross_item_value,average_item_value_per_order,average_items_per_order,valid_delivery_order_count,late_delivery_order_count,late_delivery_rate_pct,average_delivery_days,average_carrier_handling_days,average_delay_days_when_late,shipping_limit_breach_count,shipping_limit_breach_rate_pct,reviewed_order_count,average_review_score,low_review_order_count,low_review_rate_pct,same_state_order_count,same_state_delivery_rate_pct,first_completed_purchase_date,last_completed_purchase_date,distinct_product_count,distinct_category_count,seller_revenue_rank,seller_revenue_share_pct
4869f7a5dfa277a7dca6462dcf3b52b2,guariba,SP,1124,1117,1148,226987.93,20019.13,247007.06,201.95,1.02,1112,118,10.61,15.04,2.78,9.25,62,5.52,1116,4.15,146,13.08,444,39.50,2017-03-14,2018-08-24,94,10,1,1.7168
53243585a1d6dc2643021fd1853d8905,lauro de freitas,BA,348,340,400,217940.44,12856.58,230797.02,626.27,1.15,348,12,3.45,13.34,3.42,9.92,24,6.90,346,4.19,36,10.40,43,12.36,2017-08-28,2018-08-21,23,2,2,1.6484
4a3ca9315b744ce9f8e9374361493884,ibitinga,SP,1772,1759,1949,196882.12,34338.31,231220.43,111.11,1.10,1756,172,9.79,14.49,2.74,11.23,154,8.69,1753,3.85,323,18.43,800,45.15,2017-01-08,2018-08-27,394,7,3,1.4891
fa1c13f2614d7b5c4749cbc52fecda94,sumare,SP,578,575,579,190917.14,9916.36,200833.50,330.31,1.00,574,53,9.23,13.33,2.66,10.89,46,7.96,574,4.37,55,9.58,207,35.81,2017-01-07,2018-08-29,284,5,4,1.4440
7c67e1448b00f6e969d365cea6b010ab,itaquaquecetuba,SP,973,962,1355,186570.05,51236.64,237806.69,191.75,1.39,972,89,9.16,22.31,11.90,12.31,289,29.70,967,3.50,246,25.44,389,39.98,2017-01-26,2018-08-07,197,6,5,1.4111
7e93a43ef30c4f03f38b393420bc753a,barueri,SP,319,319,322,165981.49,5992.06,171973.55,520.32,1.01,313,15,4.79,11.30,2.74,17.80,25,7.84,318,4.36,26,8.18,108,33.86,2016-10-08,2018-07-13,175,7,6,1.2554
da8622b14eb17ae2831f4ac5b9dab84a,piracicaba,SP,1311,1272,1548,159816.87,24889.91,184706.78,121.90,1.18,1285,87,6.77,11.21,2.71,11.48,59,4.50,1305,4.18,154,11.80,717,54.69,2017-02-05,2018-08-28,221,4,7,1.2088
7a67c85e85bb2ce8582c35f2203ad736,sao paulo,SP,1145,1140,1155,139658.69,20619.83,160278.52,121.97,1.01,1132,59,5.21,11.15,2.01,12.90,32,2.79,1137,4.27,112,9.85,363,31.70,2017-01-27,2018-08-21,146,2,8,1.0563
1025f0e2d44d7041d6cf58b6550e0bfa,sao paulo,SP,910,894,1420,138208.56,33716.40,171924.96,151.88,1.56,898,71,7.91,12.38,4.29,7.69,162,17.80,902,4.01,151,16.74,321,35.27,2017-07-09,2018-08-26,153,4,9,1.0453
955fee9216a65b617aa5c0531780ce60,sao paulo,SP,1261,1256,1472,131836.71,24769.77,156606.48,104.55,1.17,1232,77,6.25,10.75,2.19,8.53,9,0.71,1253,4.20,128,10.22,633,50.20,2017-07-24,2018-08-28,103,23,10,0.9971
46dc3b2cc0980fb8ec44634e21d2718e,rio de janeiro,RJ,503,503,523,122811.38,11351.50,134162.88,244.16,1.04,500,29,5.80,11.86,3.11,9.72,52,10.34,497,4.27,55,11.07,123,24.45,2016-10-04,2018-08-17,183,7,11,0.9289
6560211a19b47992c3666cc44a7e94c0,sao paulo,SP,1819,1790,1996,120702.83,27348.11,148050.94,66.36,1.10,1768,94,5.32,9.58,1.60,7.86,10,0.55,1805,3.98,290,16.07,799,43.93,2017-02-17,2018-08-29,254,7,12,0.9129
620c87c171fb2a6dd6e8bb4dec959fc6,petropolis,RJ,722,708,778,112461.50,13816.68,126278.18,155.76,1.08,717,63,8.79,12.90,2.71,10.70,54,7.48,716,4.31,80,11.17,147,20.36,2016-10-04,2018-08-24,124,2,13,0.8506
7d13fca15225358621be4086e1eb0964,ribeirao preto,SP,558,557,571,112436.18,8498.29,120934.47,201.50,1.02,549,64,11.66,15.73,3.86,11.41,83,14.87,555,4.04,95,17.12,194,34.77,2018-02-14,2018-08-25,57,7,14,0.8504
5dceca129747e92ff8ef7a997dc4f8ca,santa barbara d´oeste,SP,322,318,343,111126.73,13576.19,124702.92,345.11,1.07,322,18,5.59,11.62,2.55,8.56,14,4.35,318,4.01,61,19.18,140,43.48,2017-01-27,2018-06-25,47,6,15,0.8405
1f50f920176fa81dab994f9023523100,sao jose do rio preto,SP,1399,1383,1926,106655.71,35057.23,141712.94,76.24,1.38,1391,124,8.91,15.75,3.87,10.59,152,10.86,1394,4.14,195,13.99,499,35.67,2017-04-03,2018-08-25,23,3,16,0.8067
cc419e0650a3c5ba77189a1882b7556a,santo andre,SP,1651,1607,1719,101090.96,24846.03,125936.99,61.23,1.04,1646,87,5.29,11.54,2.85,7.86,12,0.73,1647,4.15,210,12.75,654,39.61,2017-01-31,2018-08-27,37,4,17,0.7646
a1043bafd471dff536d0c462352beb48,ilicinea,MG,702,698,752,99309.23,31103.51,130412.74,141.47,1.07,683,33,4.83,13.66,1.99,9.15,5,0.71,700,4.28,66,9.43,187,26.64,2017-02-14,2018-08-25,6,3,18,0.7511
3d871de0142ce09b7081e2b9d1733cb1,campo limpo paulista,SP,1064,1058,1131,93407.40,22108.25,115515.65,87.79,1.06,1057,58,5.49,13.47,3.27,10.09,137,12.88,1053,4.19,110,10.45,460,43.23,2017-03-05,2018-08-26,202,6,19,0.7065
edb1ef5e36e0c8cd84eb3c9b003e486d,teresopolis,RJ,165,163,174,79144.90,3886.24,83031.14,479.67,1.05,161,12,7.45,11.94,1.65,13.75,1,0.61,165,4.44,12,7.27,24,14.55,2017-09-28,2018-08-20,55,1,20,0.5986
ccc4bbb5f32a6ab2b7066a4130f114e3,curitiba,PR,184,183,189,72926.72,5174.62,78101.34,396.34,1.03,182,11,6.04,15.50,3.36,14.64,9,4.89,183,4.32,20,10.93,13,7.07,2017-01-07,2018-08-21,12,2,21,0.5516
f7ba60f8c3f99e7ee4042fdef03b70c4,sao bernardo do campo,SP,218,218,229,68070.00,4317.94,72387.94,312.25,1.05,216,30,13.89,13.39,2.61,10.10,2,0.92,218,4.22,23,10.55,77,35.32,2017-07-31,2018-08-26,9,2,22,0.5148
fe2032dab1a61af8794248c8196565c9,campinas,SP,293,292,305,65689.71,4710.89,70400.60,224.20,1.04,286,26,9.09,10.81,1.88,13.54,19,6.48,289,4.39,28,9.69,142,48.46,2017-03-08,2018-08-21,70,2,23,0.4968
8581055ce74af1daba164fdbd55a40de,guarulhos,SP,380,371,427,64011.22,9462.76,73473.98,168.45,1.12,376,31,8.24,13.09,3.11,11.61,19,5.00,379,4.31,36,9.50,201,52.89,2017-01-18,2018-04-18,32,1,24,0.4841
cca3071e3e9bb7d12640c9fbe2301306,ibitinga,SP,699,688,817,63035.16,14153.39,77188.55,90.18,1.17,697,34,4.88,14.16,4.03,14.50,47,6.72,688,3.88,130,18.90,315,45.06,2016-10-03,2018-08-22,318,6,25,0.4768
04308b1ee57b6625f47df1d56f00eedf,bombinhas,SC,92,92,92,58991.80,2948.82,61940.62,641.22,1.00,91,7,7.69,18.97,6.42,12.86,26,28.26,92,3.95,18,19.57,5,5.43,2017-11-14,2018-08-12,20,1,26,0.4462
522620dcb18a6b31cd7bdf73665113a9,cascavel,PR,172,171,178,56690.49,4583.17,61273.66,329.60,1.03,171,15,8.77,15.47,2.70,8.53,9,5.23,169,3.91,32,18.93,14,8.14,2016-10-03,2018-08-04,38,11,27,0.4288
de722cd6dad950a92b7d4f82673f8833,recife,PE,337,336,377,55126.30,9650.29,64776.59,163.58,1.12,330,12,3.64,12.70,2.10,7.75,8,2.37,336,4.30,31,9.23,18,5.34,2018-01-09,2018-08-23,7,2,28,0.4169
37be5a7c751166fbc5f8ccba4119e043,sao paulo,SP,269,265,278,54735.55,6021.21,60756.76,203.48,1.03,269,7,2.60,10.57,3.32,9.14,9,3.35,266,4.32,24,9.02,101,37.55,2017-05-03,2018-05-21,9,2,29,0.4140
17e34d8224d27a541263c4c64b11a56b,riberao preto,SP,247,246,260,54440.28,5090.21,59530.49,220.41,1.05,245,19,7.76,14.29,3.02,11.95,22,8.91,245,4.25,27,11.02,104,42.11,2017-02-16,2018-08-20,110,12,30,0.4118
7ddcbb64b5bc1ef36ca8c151f6ec77df,sao paulo,SP,325,324,334,54435.66,7767.09,62202.75,167.49,1.03,320,27,8.44,12.58,2.41,12.15,3,0.92,322,4.03,48,14.91,123,37.85,2017-07-19,2018-06-17,19,9,31,0.4117
25c5c91f63607446a97b143d2d535d31,itauna,MG,156,150,266,54208.78,6945.92,61154.70,347.49,1.71,156,11,7.05,14.36,4.92,7.45,25,16.03,155,3.83,30,19.35,21,13.46,2017-03-08,2018-03-28,18,2,32,0.4100
218d46b86c1881d022bce9c68a7d4b15,ribeirao preto,SP,382,373,420,53710.30,7452.64,61162.94,140.60,1.10,380,32,8.42,13.71,1.98,11.78,16,4.19,380,4.19,46,12.11,187,48.95,2017-01-18,2018-08-22,142,3,33,0.4062
ceaec5548eefc6e23e6607c5435102e7,sao paulo,SP,198,196,206,51478.18,6175.55,57653.73,259.99,1.04,196,10,5.10,13.04,3.25,11.20,3,1.52,195,4.20,22,11.28,67,33.84,2018-01-18,2018-08-15,33,7,34,0.3894
f5a590cf36251cf1162ea35bef76fe84,sao bernardo do campo,SP,113,113,118,51232.78,4134.18,55366.96,453.39,1.04,108,8,7.41,11.89,3.18,13.50,13,11.50,113,4.27,12,10.62,48,42.48,2017-03-28,2018-08-18,60,4,35,0.3875
e882b2a25a10b9c057cc49695f222c19,teresopolis,RJ,57,56,58,51057.54,2856.22,53913.76,895.75,1.02,57,0,0.00,9.54,3.58,,6,10.53,57,4.58,3,5.26,26,45.61,2018-01-04,2018-08-18,19,8,36,0.3862
2bf6a2c1e71bbd29a4ad64e6d3c3629f,nova friburgo,RJ,30,30,31,50628.90,1000.59,51629.49,1687.63,1.03,30,2,6.67,13.57,2.63,11.00,0,0.00,30,4.17,4,13.33,7,23.33,2017-11-02,2018-08-13,28,2,37,0.3829
f8db351d8c4c4c22c6835c19a46f01b0,salto,SP,659,657,714,50082.60,12404.42,62487.02,76.00,1.08,647,28,4.33,9.90,1.79,7.39,13,1.97,656,4.27,63,9.60,290,44.01,2017-01-25,2018-08-25,146,20,38,0.3788
b2ba3715d723d245138f291a6fe42594,sao paulo,SP,324,323,350,49302.18,6294.47,55596.65,152.17,1.08,322,22,6.83,14.08,5.46,9.59,77,23.77,321,4.20,38,11.84,159,49.07,2016-10-04,2018-08-22,172,27,39,0.3729
17f51e7198701186712e53a39c564617,sao paulo,SP,56,56,61,48019.00,9793.43,57812.43,857.48,1.09,56,5,8.93,23.29,12.34,7.60,8,14.29,56,4.34,5,8.93,19,33.93,2017-02-04,2018-08-05,27,1,40,0.3632
8160255418d5aaa7dbdc9f4c64ebda44,ibitinga,SP,380,378,424,46368.39,7727.29,54095.68,122.02,1.12,377,52,13.79,16.24,4.00,12.58,93,24.47,376,3.95,64,17.02,162,42.63,2017-10-09,2018-08-20,57,4,41,0.3507
966cb4760537b1404caedd472cc610a5,diadema,SP,67,66,67,45928.26,1504.31,47432.57,685.50,1.00,66,2,3.03,10.05,2.29,1.50,3,4.48,67,4.12,8,11.94,20,29.85,2018-03-19,2018-08-08,15,1,42,0.3474
77530e9772f57a62c906e1c21538ab82,curitiba,PR,312,308,381,45676.60,8274.71,53951.31,146.40,1.22,305,29,9.51,15.15,2.40,11.28,5,1.60,312,4.15,46,14.74,30,9.62,2016-10-04,2018-08-25,167,2,43,0.3455
4e922959ae960d389249c378d1c939f5,jacarei,SP,412,411,446,45338.42,7147.18,52485.60,110.04,1.08,407,37,9.09,14.51,3.85,7.03,45,10.92,408,3.96,74,18.14,161,39.08,2016-10-10,2018-08-28,134,24,44,0.3429
850f4f8af5ea87287ac68de36e29107f,sao paulo,SP,186,186,191,45285.37,3097.35,48382.72,243.47,1.03,184,9,4.89,10.13,1.39,7.22,0,0.00,183,4.30,17,9.29,81,43.55,2017-04-10,2018-06-27,42,4,45,0.3425
c826c40d7b19f62a09e2d7c5e7295ee2,guarulhos,SP,346,346,365,44653.04,5443.63,50096.67,129.06,1.05,343,26,7.58,13.18,2.73,8.69,23,6.65,345,4.13,49,14.20,110,31.79,2017-08-27,2018-08-27,17,2,46,0.3377
b33e7c55446eabf8fe1a42d037ac7d6d,pradopolis,SP,149,149,152,44215.17,2656.38,46871.55,296.75,1.02,146,17,11.64,16.39,2.51,9.65,1,0.67,149,4.20,19,12.75,55,36.91,2017-10-10,2018-08-15,34,5,47,0.3344
ba90964cff9b9e0e6f32b23b82465f7b,guarulhos,SP,38,38,38,44212.50,1311.00,45523.50,1163.49,1.00,38,2,5.26,9.97,1.24,4.50,0,0.00,38,4.42,2,5.26,13,34.21,2018-02-25,2018-08-15,11,5,48,0.3344
eeb6de78f79159600292e314a77cbd18,lages,SC,82,81,83,43510.84,2996.05,46506.89,530.62,1.01,80,3,3.75,12.33,1.54,33.33,0,0.00,82,4.44,5,6.10,11,13.41,2017-02-18,2018-08-11,46,3,49,0.3291
c3cfdc648177fdbbbb35635a37472c53,curitiba,PR,278,266,307,43048.18,6079.63,49127.81,154.85,1.10,275,4,1.45,9.74,1.79,3.00,3,1.08,277,4.47,21,7.58,33,11.87,2017-01-27,2018-08-27,111,2,50,0.3256
4d6d651bd7684af3fffabd5f08d12e5a,jau,SP,363,350,389,42999.00,7786.76,50785.76,118.45,1.07,360,14,3.89,12.99,3.91,9.93,42,11.57,362,4.22,43,11.88,164,45.18,2017-04-25,2018-08-23,70,3,51,0.3252
b839e41795b7f3ad94cc2014a52f6796,sao caetano do sul,SP,33,33,36,42829.00,920.93,43749.93,1297.85,1.09,31,1,3.23,6.58,1.90,9.00,1,3.03,33,4.09,6,18.18,17,51.52,2018-03-01,2018-08-25,10,3,52,0.3239
e9779976487b77c6d4ac45f75ec7afe9,praia grande,SP,645,632,738,42229.69,9981.61,52211.30,65.47,1.14,634,39,6.15,9.86,2.58,12.33,41,6.36,642,4.26,68,10.59,381,59.07,2017-03-01,2018-08-28,131,8,53,0.3194
17a053fcb14bd219540cbde0df490be0,mogi guacu,SP,124,123,148,40353.24,8761.17,49114.41,325.43,1.19,122,7,5.74,12.33,3.72,12.00,21,16.94,122,4.25,12,9.84,65,52.42,2017-07-06,2018-08-13,86,2,54,0.3052
d91fb3b7d041e83b64a00a3edfb37e4f,praia grande,SP,524,481,525,39926.39,9058.06,48984.45,76.20,1.00,514,20,3.89,11.30,3.22,5.05,52,9.92,520,4.14,70,13.46,239,45.61,2017-02-07,2018-08-24,309,6,55,0.3020
834f3294fba9f932f56edc879193f925,araraquara,SP,66,66,66,39907.50,4299.92,44207.42,604.66,1.00,66,4,6.06,14.18,3.03,7.00,4,6.06,66,4.55,3,4.55,26,39.39,2017-05-10,2018-08-15,3,2,56,0.3018
391fc6631aebcf3004804e51b40bcf1e,ibitinga,SP,521,518,605,39475.30,10083.84,49559.14,75.77,1.16,512,45,8.79,14.46,3.39,9.49,32,6.14,518,4.05,76,14.67,249,47.79,2016-10-06,2018-08-25,130,3,57,0.2986
712e6ed8aa4aa1fa65dab41fed5737e4,videira,SC,77,77,85,39385.00,6764.82,46149.82,511.49,1.10,77,16,20.78,24.60,7.99,20.69,15,19.48,76,3.39,27,35.53,4,5.19,2017-02-08,2018-05-18,23,1,58,0.2979
634964b17796e64304cadf1ad3050fb7,rio de janeiro,RJ,265,259,323,39114.10,5900.00,45014.10,147.60,1.22,265,25,9.43,14.54,3.78,11.00,27,10.19,265,4.06,40,15.09,37,13.96,2017-11-12,2018-08-18,28,11,59,0.2958
2eb70248d66e0e3ef83659f71b244378,campinas,SP,187,186,197,38990.72,3056.01,42046.73,208.51,1.05,187,21,11.23,17.93,11.25,8.19,60,32.09,184,2.79,87,47.28,82,43.85,2018-02-06,2018-07-19,28,11,60,0.2949
7142540dd4c91e2237acb7e911c4eba2,penapolis,SP,316,313,328,37181.94,6843.74,44025.68,117.66,1.04,316,23,7.28,14.67,3.77,10.52,19,6.01,314,4.05,43,13.69,105,33.23,2017-03-10,2018-08-17,265,2,61,0.2812
7178f9f4dd81dcef02f62acdf8151e01,videira,SC,202,202,215,36795.40,4385.04,41180.44,182.16,1.06,202,7,3.47,15.61,5.25,6.57,19,9.41,201,4.06,29,14.43,13,6.44,2017-03-21,2018-08-17,57,14,62,0.2783
ea8482cd71df3c1969d7b9473ff13abc,sao paulo,SP,1132,1119,1188,36696.76,17291.87,53988.63,32.42,1.05,1107,96,8.67,13.32,3.43,8.17,87,7.69,1126,4.03,164,14.56,415,36.66,2017-08-15,2018-08-24,219,2,63,0.2776
59417c56835dd8e2e72f91f809cd4092,limeira,SP,18,17,18,36459.00,1198.77,37657.77,2025.50,1.00,18,0,0.00,12.72,4.56,,0,0.00,18,4.28,2,11.11,8,44.44,2017-01-25,2017-10-02,9,1,64,0.2758
c70c1b0d8ca86052f45a432a38b73958,hortolandia,SP,260,252,336,36289.15,3901.41,40190.56,139.57,1.29,254,14,5.51,7.94,3.35,8.07,61,23.46,258,4.37,23,8.91,172,66.15,2018-04-06,2018-08-29,65,1,65,0.2745
06a2c3af7b3aee5d69171b0e14f0ee87,sao luis,MA,389,385,402,36097.98,12071.52,48169.50,92.80,1.03,370,74,20.00,18.01,5.13,8.00,121,31.11,385,4.01,62,16.10,14,3.60,2018-01-19,2018-08-22,44,1,66,0.2730
c3867b4666c7d76867627c2f7fb22e21,guara,SP,228,226,241,34666.90,4693.30,39360.20,152.05,1.06,228,25,10.96,15.32,2.84,12.76,10,4.39,226,4.08,35,15.49,107,46.93,2017-03-30,2018-07-09,96,1,67,0.2622
7299e27ed73d2ad986de7f7c77d919fa,araguari,MG,335,333,358,34107.44,6804.49,40911.93,101.81,1.07,324,12,3.70,11.35,1.60,10.67,5,1.49,335,4.43,22,6.57,57,17.01,2017-03-09,2018-08-21,88,13,68,0.2580
e9bc59e7b60fc3063eb2290deda4cced,maringa,PR,209,206,260,33543.69,4538.73,38082.42,160.50,1.24,209,16,7.66,14.17,5.43,8.19,55,26.32,209,4.08,30,14.35,14,6.70,2017-03-07,2018-08-16,42,2,69,0.2537
1835b56ce799e6a4dc4eddc053f04066,ibitinga,SP,417,415,551,33005.32,8622.96,41628.28,79.15,1.32,404,43,10.64,13.29,1.97,9.53,10,2.40,414,3.66,99,23.91,206,49.40,2017-09-05,2018-08-25,144,2,70,0.2496
5c243662ce92d84573bfaff24c3e3700,sao paulo,SP,98,98,100,32862.02,1775.64,34637.66,335.33,1.02,98,1,1.02,10.95,3.31,6.00,5,5.10,97,4.14,10,10.31,37,37.76,2017-01-28,2018-02-09,24,2,71,0.2486
dbc22125167c298ef99da25668e1011f,borda da mata,MG,394,393,417,32829.12,7787.43,40616.55,83.32,1.06,383,9,2.35,11.48,1.38,12.11,5,1.27,393,4.32,30,7.63,105,26.65,2017-04-09,2018-08-23,100,4,72,0.2483
9c0e69c7bf2619675bbadf47b43f655a,sao jose dos campos,SP,151,150,200,32720.40,2823.42,35543.82,216.69,1.32,151,13,8.61,14.54,5.13,24.31,35,23.18,150,4.17,16,10.67,84,55.63,2017-05-07,2018-05-29,67,3,73,0.2475
2528513dd95219a6013d4d05176e391a,osasco,SP,160,160,166,32660.20,3740.77,36400.97,204.13,1.04,157,6,3.82,10.55,2.59,14.17,18,11.25,157,3.97,27,17.20,80,50.00,2017-03-22,2018-08-24,84,3,74,0.2470
76d5af76d0271110f9af36c92573f765,sao paulo,SP,128,122,155,31944.60,3787.06,35731.66,249.57,1.21,126,12,9.52,11.97,3.32,4.83,17,13.28,127,4.13,18,14.17,62,48.44,2016-10-04,2018-08-01,81,7,75,0.2416
70eea00b476a314817cefde4aad4f89a,itatiba,SP,106,105,112,31424.75,2724.91,34149.66,296.46,1.06,104,7,6.73,13.45,2.37,10.57,4,3.77,105,4.41,7,6.67,37,34.91,2017-02-09,2018-08-22,30,6,76,0.2377
0241d4d5d36f10f80c644447315af0bd,curitiba,PR,238,235,246,31397.70,6853.91,38251.61,131.92,1.03,233,11,4.72,11.09,2.19,8.91,9,3.78,237,4.35,25,10.55,23,9.66,2017-10-08,2018-08-28,56,1,77,0.2375
88460e8ebdecbfecb5f9601833981930,maringa,PR,246,240,300,31320.40,4938.19,36258.59,127.32,1.22,243,42,17.28,17.91,7.93,9.62,117,47.56,245,3.44,74,30.20,20,8.13,2017-11-21,2018-08-17,12,1,78,0.2369
7681ef142fd2c19048da7430856b5588,guarulhos,SP,58,57,76,31211.81,2862.86,34074.67,538.13,1.31,56,5,8.93,10.84,2.23,14.20,2,3.45,57,4.23,7,12.28,31,53.45,2018-02-09,2018-08-22,24,7,79,0.2361
87142160b41353c4e5fca2360caf6f92,porto alegre,RS,305,302,339,31095.98,7218.33,38314.31,101.95,1.11,300,12,4.00,10.92,2.93,7.17,22,7.21,304,4.41,19,6.25,52,17.05,2017-02-03,2018-08-21,56,8,80,0.2352
855668e0971d4dfd7bef1b6a4133b41b,itatiba,SP,300,297,311,30849.22,7559.34,38408.56,102.83,1.04,298,38,12.75,16.23,6.21,10.79,55,18.33,296,3.85,61,20.61,119,39.67,2017-05-02,2018-08-26,72,3,81,0.2333
e59aa562b9f8076dd550fcddf0e73491,curitiba,PR,69,69,82,30716.30,2160.07,32876.37,445.16,1.19,68,6,8.82,13.99,2.72,9.33,4,5.80,69,4.26,7,10.14,5,7.25,2017-09-05,2018-08-20,9,1,82,0.2323
70a12e78e608ac31179aea7f8422044b,jacarei,SP,312,311,323,29963.53,5523.72,35487.25,96.04,1.04,310,29,9.35,14.74,3.89,8.52,54,17.31,310,3.81,61,19.68,117,37.50,2017-01-17,2018-08-20,119,15,83,0.2266
53e4c6e0f4312d4d2107a8c9cddf45cd,pedreira,SP,463,454,512,29587.77,9696.16,39283.93,63.90,1.11,461,22,4.77,12.00,3.97,13.50,97,20.95,461,4.13,59,12.80,244,52.70,2017-02-21,2018-08-27,159,7,84,0.2238
d23019c84ffae2d5ef2270367b8605fc,londrina,PR,39,39,39,29205.10,2749.74,31954.84,748.85,1.00,39,1,2.56,11.21,2.74,22.00,1,2.56,39,4.41,2,5.13,1,2.56,2017-10-10,2018-08-22,8,1,85,0.2209
1554a68530182680ad5c8b042c3ab563,monte siao,MG,246,242,267,28979.64,6734.92,35714.56,117.80,1.09,242,15,6.20,14.35,2.56,19.07,6,2.44,244,4.33,25,10.25,22,8.94,2016-10-04,2018-08-15,69,5,86,0.2192
900ba814c251a692506d7834c1218441,salto,SP,86,86,86,28833.03,2334.43,31167.46,335.27,1.00,86,12,13.95,12.37,4.01,5.92,15,17.44,84,4.23,7,8.33,42,48.84,2017-07-04,2018-08-25,7,1,87,0.2181
0b90b6df587eb83608a64ea8b390cf07,maringa,PR,163,162,209,28492.76,3598.18,32090.94,174.80,1.28,158,6,3.80,14.53,2.78,8.83,5,3.07,162,4.03,27,16.67,12,7.36,2017-10-24,2018-08-16,46,1,88,0.2155
59b22a78efb79a4797979612b885db36,uberlandia,MG,125,125,133,27184.50,4897.57,32082.07,217.48,1.06,121,14,11.57,12.69,2.12,8.79,6,4.80,124,3.98,25,20.16,25,20.00,2017-07-17,2018-08-24,67,4,89,0.2056
d1c281d3ae149232351cd8c8cc885f0d,ibitinga,SP,214,211,239,26833.61,5380.07,32213.68,125.39,1.12,213,14,6.57,12.73,2.18,8.50,5,2.34,212,3.81,46,21.70,105,49.07,2017-02-14,2018-08-16,114,2,90,0.2030
b32be1695eb7ec5f10f72d9610a12527,caxias do sul,RS,44,44,45,26575.00,2937.68,29512.68,603.98,1.02,44,2,4.55,12.20,3.55,1.00,8,18.18,43,4.14,5,11.63,9,20.45,2017-11-24,2018-08-13,14,4,91,0.2010
12b9676b00f60f3b700e83af21824c0e,montenegro,RS,133,133,133,26376.00,3525.67,29901.67,198.32,1.00,133,1,0.75,15.02,4.56,15.00,1,0.75,132,4.54,5,3.79,12,9.02,2017-03-07,2018-08-26,37,3,92,0.1995
a3a38f4affed601eb87a97788c949667,joinville,SC,251,249,260,26294.62,5184.66,31479.28,104.76,1.04,247,11,4.45,12.56,1.92,15.45,3,1.20,249,4.40,20,8.03,11,4.38,2016-10-05,2018-08-23,115,12,93,0.1989
7e1fb0a3ebfb01ffb3a7dae98bf3238d,franca,SP,155,145,169,26169.53,2883.09,29052.62,168.84,1.09,155,18,11.61,15.50,1.56,8.28,2,1.29,153,4.19,16,10.46,59,38.06,2017-02-04,2018-08-23,25,2,94,0.1979
de23c3b98a88888289c6f5cc1209054a,sao paulo,SP,161,157,178,25933.67,2646.19,28579.86,161.08,1.11,160,12,7.50,10.84,2.34,8.75,4,2.48,161,4.29,17,10.56,77,47.83,2017-05-05,2018-08-09,92,6,95,0.1961
9f505651f4a6abe901a56cdc21508025,sao paulo,SP,393,390,426,25912.84,5949.75,31862.59,65.94,1.08,378,16,4.23,8.08,1.37,11.31,2,0.51,390,4.37,37,9.49,196,49.87,2017-10-05,2018-08-29,77,7,96,0.1960
16090f2ca825584b5a147ab24aa30c86,atibaia,SP,398,396,406,25579.16,5404.86,30984.02,64.27,1.02,392,32,8.16,9.16,2.00,9.88,21,5.28,396,4.09,52,13.13,221,55.53,2017-01-31,2018-08-27,37,7,97,0.1935
b94cc9f10ddc85e4ba73a6f7974e7101,macae,RJ,39,39,39,25346.10,1022.39,26368.49,649.90,1.00,39,2,5.13,10.46,2.38,6.00,0,0.00,37,4.30,5,13.51,7,17.95,2017-11-02,2018-06-12,7,2,98,0.1917
a416b6a846a11724393025641d4edd5e,sao paulo,SP,157,156,176,24930.24,2935.56,27865.80,158.79,1.12,155,17,10.97,12.57,3.21,6.18,19,12.10,157,4.22,22,14.01,70,44.59,2017-01-26,2018-08-21,109,2,99,0.1886
c003204e1ab016dfa150abc119207b24,cajamar,SP,195,195,200,24904.29,4714.17,29618.46,127.71,1.03,190,10,5.26,9.63,1.70,12.20,2,1.03,195,4.47,9,4.62,80,41.03,2017-10-18,2018-08-26,11,2,100,0.1884
1c68394e931a64f90ea236c5ea590300,sarandi,PR,142,138,171,24832.75,2896.41,27729.16,174.88,1.20,141,5,3.55,16.03,5.01,20.60,14,9.86,142,3.90,23,16.20,8,5.63,2017-07-15,2018-08-13,39,2,101,0.1878
f62d7bb4a613ec758a03342d46b580b2,vicosa,MG,32,32,32,24665.00,2125.59,26790.59,770.78,1.00,32,3,9.38,13.88,5.34,5.33,5,15.63,32,4.38,2,6.25,0,0.00,2018-01-10,2018-08-09,2,2,102,0.1866
1900267e848ceeba8fa32d80c1a5f5a8,ibitinga,SP,406,398,523,24639.57,8039.97,32679.54,60.69,1.29,405,33,8.15,13.08,2.32,9.52,22,5.42,399,3.87,75,18.80,197,48.52,2017-05-17,2018-08-26,126,3,103,0.1864
001cca7ae9ae17fb1caed9dfb1094831,cariacica,ES,195,195,234,24487.03,8655.87,33142.90,125.57,1.20,195,12,6.15,13.40,2.56,12.08,11,5.64,192,4.06,27,14.06,5,2.56,2017-02-04,2018-07-12,11,2,104,0.1852
b37c4c02bda3161a7546a4e6d222d5b2,sao paulo,SP,4,4,15,24075.00,412.60,24487.60,6018.75,3.75,4,0,0.00,18.50,8.75,,3,75.00,4,2.25,3,75.00,0,0.00,2017-04-23,2018-07-15,3,2,105,0.1821
dc4a0fc896dc34b0d5bfec8438291c80,ibitinga,SP,225,224,242,23655.98,4492.08,28148.06,105.14,1.08,225,15,6.67,13.84,4.11,10.53,14,6.22,225,3.82,46,20.44,98,43.56,2017-02-04,2018-08-20,163,4,106,0.1789
2b3e4a2a3ea8e01938cabda2a3e5cc79,sao paulo,SP,52,52,54,23629.15,905.95,24535.10,454.41,1.04,50,0,0.00,8.86,3.00,,4,7.69,52,4.37,4,7.69,28,53.85,2017-05-09,2018-07-27,13,1,107,0.1787
40db9e9aa57f7bb151bcda6b0f9bdbb7,recife,PE,12,12,12,23168.00,655.99,23823.99,1930.67,1.00,12,1,8.33,14.67,6.00,2.00,5,41.67,11,2.36,7,63.64,0,0.00,2018-02-09,2018-08-17,9,1,108,0.1752
612170e34b97004b3ba37eae81836b4c,novo hamburgo,RS,107,107,110,23065.02,2307.06,25372.08,215.56,1.03,106,1,0.94,10.88,4.85,1.00,3,2.80,107,4.43,8,7.48,17,15.89,2018-06-11,2018-08-22,48,12,109,0.1745
7b0df942f46435babab05d49b744b2c4,braganca paulista,SP,32,32,32,22600.63,672.15,23272.78,706.27,1.00,32,3,9.38,11.03,2.16,3.67,1,3.13,31,4.39,2,6.45,16,50.00,2017-02-03,2018-06-25,16,2,110,0.1709
1a3df491d1c4f1589fc2b934ada68bf2,joinville,SC,160,160,171,22472.40,4078.23,26550.63,140.45,1.07,158,6,3.80,14.87,3.92,6.67,13,8.13,160,4.27,15,9.38,14,8.75,2017-04-29,2018-08-15,5,1,111,0.1700
710e3548e02bc1d2831dfc4f1b5b14d4,rolandia,PR,131,129,137,22369.25,3742.66,26111.91,170.76,1.05,129,5,3.88,14.57,3.96,9.80,32,24.43,130,3.43,40,30.77,16,12.21,2016-10-07,2018-08-16,33,9,112,0.1692
744dac408745240a2c2528fb1b6028f3,colombo,PR,78,78,83,22322.60,1877.80,24200.40,286.19,1.06,77,1,1.30,11.05,1.87,4.00,3,3.85,78,4.58,3,3.85,6,7.69,2017-04-22,2018-08-14,75,4,113,0.1688
7ad32824caee82087b3e2e5f33b1bf32,ibitinga,SP,147,145,180,22018.10,3477.70,25495.80,149.78,1.22,142,19,13.38,12.20,1.85,7.74,5,3.40,144,3.86,28,19.44,78,53.06,2018-01-26,2018-08-27,74,1,114,0.1665
ff69aa92bb6b1bf9b8b7a51c2ed9cf8b,sao paulo,SP,20,20,20,21940.80,1754.40,23695.20,1097.04,1.00,20,4,20.00,11.50,1.75,9.75,0,0.00,20,3.65,6,30.00,12,60.00,2017-12-02,2018-06-18,13,2,115,0.1659
f45122a9ab94eb4f3f8953578bc0c560,piracicaba,SP,184,183,197,21764.68,3279.19,25043.87,118.29,1.07,181,13,7.18,12.77,1.61,11.31,1,0.54,184,3.97,32,17.39,73,39.67,2017-02-09,2018-08-22,88,8,116,0.1646
897060da8b9a21f655304d50fd935913,ribeirao preto,SP,304,300,413,21740.51,6517.82,28258.33,71.51,1.36,302,32,10.60,14.89,3.19,10.75,20,6.58,301,3.71,70,23.26,131,43.09,2016-10-04,2018-06-14,99,4,117,0.1644
06e5eefc71ec47ae763c5c6f8db7064f,porto alegre,RS,90,90,93,21648.67,2151.65,23800.32,240.54,1.03,89,0,0.00,10.90,2.29,,7,7.78,88,3.98,12,13.64,6,6.67,2017-04-25,2018-08-22,34,6,118,0.1637
b1b3948701c5c72445495bd161b83a4c,sao paulo,SP,14,14,14,21519.50,404.75,21924.25,1537.11,1.00,14,9,64.29,23.36,15.64,10.11,10,71.43,14,1.93,10,71.43,9,64.29,2017-06-06,2017-08-09,2,1,119,0.1628
8444e55c1f13cd5c179851e5ca5ebd00,congonhal,MG,92,91,102,21480.96,1964.71,23445.67,233.49,1.11,92,6,6.52,21.00,10.76,7.50,22,23.91,92,3.37,30,32.61,22,23.91,2017-03-13,2018-06-29,52,12,120,0.1625
05ff92fedb5be47920fea08e501238b9,santo angelo,RS,57,56,60,21235.98,1747.89,22983.87,372.56,1.05,56,2,3.57,12.45,2.70,14.00,1,1.75,57,4.32,3,5.26,4,7.02,2016-10-04,2018-08-07,16,4,121,0.1606
8f2ce03f928b567e3d56181ae20ae952,pirituba,SP,151,150,172,21213.20,3756.60,24969.80,140.48,1.14,150,19,12.67,14.35,3.55,9.89,8,5.30,150,4.15,18,12.00,57,37.75,2017-04-30,2018-08-24,78,1,122,0.1604
59fb871bf6f4522a87ba567b42dafecf,sao paulo,SP,123,123,125,21178.60,2013.58,23192.18,172.18,1.02,122,7,5.74,11.98,2.84,4.86,17,13.82,123,4.28,9,7.32,50,40.65,2016-10-06,2018-04-11,23,6,123,0.1602
d2374cbcbb3ca4ab1086534108cc3ab7,ibitinga,SP,514,500,620,20926.02,9444.21,30370.23,40.71,1.21,512,27,5.27,14.61,4.60,7.04,49,9.53,509,3.78,99,19.45,252,49.03,2017-02-10,2018-08-21,111,4,124,0.1583
00ee68308b45bc5e2660cd833c3f81cc,sao paulo,SP,135,134,172,20260.00,3180.66,23440.66,150.07,1.27,130,9,6.92,9.64,1.85,13.44,1,0.74,134,4.30,15,11.19,79,58.52,2017-09-19,2018-08-09,23,2,125,0.1532
48162d548f5b1b11b9d29d1e01f75a61,piracicaba,SP,66,64,89,20109.39,2042.44,22151.83,304.69,1.35,66,1,1.52,11.59,1.64,14.00,0,0.00,66,3.98,11,16.67,21,31.82,2017-01-26,2018-08-17,42,7,126,0.1521
729f06993dac8e860d4f02d7088ca48a,limeira,SP,94,94,113,19885.18,4913.09,24798.27,211.54,1.20,92,9,9.78,11.84,2.53,11.67,2,2.13,93,4.22,10,10.75,54,57.45,2017-03-24,2018-08-27,17,2,127,0.1504
004c9cd9d87a3c30c522c48c4fc07416,ibitinga,SP,156,155,168,19569.73,3524.29,23094.02,125.45,1.08,156,10,6.41,14.79,1.70,10.90,0,0.00,154,4.16,18,11.69,56,35.90,2017-01-27,2018-05-03,87,2,128,0.1480
bfd27a966d91cfaafdb25d076585f0da,serra negra,SP,114,114,115,19225.00,2636.41,21861.41,168.64,1.01,113,6,5.31,12.46,2.23,7.67,1,0.88,113,4.32,12,10.62,36,31.58,2017-02-05,2018-07-02,53,6,129,0.1454
dc317f341ab0e22f39acbd9dbf9b4a1f,cachoeirinha,RS,55,54,58,18988.40,3581.73,22570.13,345.24,1.05,55,3,5.45,12.38,3.05,20.00,2,3.64,55,4.15,9,16.36,4,7.27,2017-01-16,2018-07-01,7,3,130,0.1436
96493fab2fbb13a14d0c0e8772eef5c3,sao paulo,SP,63,63,64,18969.00,1212.23,20181.23,301.10,1.02,63,4,6.35,13.37,4.68,2.00,16,25.40,62,4.06,9,14.52,20,31.75,2017-02-08,2018-06-05,54,1,131,0.1435
f457c46070d02cadd8a68551231220dd,maringa,PR,195,189,230,18798.30,3650.71,22449.01,96.40,1.18,194,11,5.67,14.47,2.59,10.55,7,3.59,194,3.87,39,20.10,14,7.18,2017-12-23,2018-06-30,23,1,132,0.1422
0dd184061fb0eaa7ca37932c68ab91c5,guarulhos,SP,161,160,193,18446.92,5319.50,23766.42,114.58,1.20,156,17,10.90,11.88,2.96,13.12,15,9.32,160,4.03,22,13.75,68,42.24,2017-12-04,2018-08-16,11,3,133,0.1395
44073f8b7e41514de3b7815dd0237f4f,brasilia,DF,142,142,151,18380.64,3138.85,21519.49,129.44,1.06,141,5,3.55,13.13,3.01,6.80,16,11.27,141,3.74,29,20.57,4,2.82,2017-02-22,2018-08-08,76,15,134,0.1390
d650b663c3b5f6fb392b6326366efa9a,cotia,SP,57,56,57,18335.90,852.11,19188.01,321.68,1.00,56,3,5.36,9.86,1.77,9.33,0,0.00,57,4.37,4,7.02,29,50.88,2017-12-03,2018-08-13,29,2,135,0.1387
cd68562d3f44870c08922d380acae552,ribeirao preto,SP,122,122,129,18119.70,2160.16,20279.86,148.52,1.06,122,19,15.57,16.18,3.54,9.42,18,14.75,121,4.02,20,16.53,46,37.70,2017-04-16,2018-03-30,57,9,136,0.1370
527801b552d0077ffd170872eb49683b,garca,SP,90,89,92,17942.80,2062.56,20005.36,199.36,1.02,83,9,10.84,13.61,2.43,6.89,4,4.44,89,4.47,7,7.87,38,42.22,2017-10-05,2018-08-24,26,4,137,0.1357
821fb029fc6e495ca4f08a35d51e53a5,sao paulo,SP,24,24,25,17851.62,1365.55,19217.17,743.82,1.04,23,8,34.78,17.17,2.26,7.75,0,0.00,23,3.48,7,30.43,4,16.67,2018-01-21,2018-08-15,9,4,138,0.1350
a888faf2d1baececa6baf9c3d603ee1f,umuarama,PR,53,53,54,17564.80,1107.95,18672.75,331.41,1.02,53,5,9.43,18.06,7.00,8.80,15,28.30,53,4.09,8,15.09,1,1.89,2017-01-28,2018-05-02,19,1,139,0.1329
9de4643a8dbde634fe55621059d92273,joinville,SC,72,72,81,17560.34,1722.07,19282.41,243.89,1.13,72,2,2.78,14.61,3.25,11.50,4,5.56,72,4.53,4,5.56,6,8.33,2017-01-13,2018-02-21,5,2,140,0.1328
c72de06d72748d1a0dfb2125be43ba63,guanambi,BA,21,21,22,17522.00,1211.18,18733.18,834.38,1.05,19,0,0.00,9.47,1.47,,0,0.00,21,4.48,1,4.76,1,4.76,2018-05-10,2018-08-18,8,3,141,0.1325
165fc07beebdcb6190fba8a06db2a449,maringa,PR,50,50,64,17481.40,1600.03,19081.43,349.63,1.28,50,4,8.00,12.84,3.20,8.00,4,8.00,50,3.80,11,22.00,3,6.00,2017-08-07,2018-08-14,27,2,142,0.1322
94144541854e298c2d976cb893b81343,viamao,RS,68,68,76,17286.28,1429.37,18715.65,254.21,1.12,68,3,4.41,12.87,5.81,10.00,17,25.00,67,4.25,8,11.94,5,7.35,2017-02-23,2018-02-06,23,3,143,0.1307
8b321bb669392f5163d04c59e235e066,sao paulo,SP,930,925,1005,17262.94,13924.00,31186.94,18.56,1.08,918,81,8.82,12.67,2.38,9.77,44,4.73,926,4.10,131,14.15,386,41.51,2017-10-27,2018-08-21,103,11,144,0.1306
1e8b33f18b4f7598d87f5cbee2282cc2,sao paulo,SP,122,122,139,17233.56,2690.51,19924.07,141.26,1.14,114,4,3.51,7.67,1.72,3.00,3,2.46,120,4.40,13,10.83,69,56.56,2017-11-16,2018-08-27,30,1,145,0.1303
0c8380b62e38e8a1e6adbeba7eb9688c,tres coracoes,MG,180,178,218,17228.99,4071.75,21300.74,95.72,1.21,180,9,5.00,13.02,3.17,25.56,18,10.00,178,4.07,24,13.48,40,22.22,2016-10-04,2018-08-21,92,4,146,0.1303
54a1852d1b8f10312c55e906355666ee,santa barbara d'oeste,SP,198,196,202,17056.46,3361.57,20418.03,86.14,1.02,195,15,7.69,11.42,1.84,13.47,5,2.53,197,4.36,16,8.12,89,44.95,2017-01-12,2018-08-21,47,7,147,0.1290
abe42c5d03695b4257b5c6cbf4e6784e,rio de janeiro,RJ,49,49,49,17000.00,947.55,17947.55,346.94,1.00,49,8,16.33,14.29,1.96,13.13,0,0.00,48,3.96,8,16.67,5,10.20,2017-08-31,2018-08-05,36,2,148,0.1286
76d64c4aca3a7baf218bf93ef7fa768d,curitiba,PR,64,63,69,16911.80,3543.49,20455.29,264.25,1.08,64,2,3.13,10.88,1.98,7.00,1,1.56,64,4.23,9,14.06,5,7.81,2017-05-25,2018-08-26,37,5,149,0.1279
c3acdfac4e3e97ff87529454fbc03642,sao paulo,SP,12,12,12,16788.00,269.28,17057.28,1399.00,1.00,12,1,8.33,10.92,6.25,3.00,4,33.33,12,4.25,1,8.33,6,50.00,2018-03-24,2018-08-16,9,1,150,0.1270
8ae520247981aa06bc94abddf5f46d34,navegantes,SC,65,65,65,16320.99,1445.35,17766.34,251.09,1.00,61,0,0.00,11.21,1.39,,0,0.00,65,4.45,6,9.23,5,7.69,2017-11-01,2018-08-20,50,4,151,0.1234
41b39e28db005d9731d9d485a83b4c38,santo andre,SP,187,185,223,16306.75,3757.77,20064.52,87.20,1.19,185,9,4.86,12.34,4.49,9.00,10,5.35,187,4.18,23,12.30,93,49.73,2017-01-19,2018-08-20,126,5,152,0.1233
4a3ccda38b2129705f3fb522db62ca31,marilia,SP,64,64,73,16169.09,1339.72,17508.81,252.64,1.14,64,4,6.25,13.27,3.34,15.75,9,14.06,64,3.93,13,20.31,29,45.31,2017-09-13,2018-08-19,43,5,153,0.1223
ef0ace09169ac090589d85746e3e036f,sao goncalo,RJ,128,128,139,16105.40,2299.38,18404.78,125.82,1.09,128,10,7.81,12.77,3.28,15.20,13,10.16,128,4.40,10,7.81,25,19.53,2017-11-14,2018-08-23,22,2,154,0.1218
1f1bb1f0859883505541bdd6606193e5,sao paulo,SP,27,27,29,16040.84,522.03,16562.87,594.11,1.07,27,3,11.11,13.78,3.67,3.33,0,0.00,27,4.33,2,7.41,8,29.63,2017-04-05,2018-07-29,24,3,155,0.1213
7aa4334be125fcdd2ba64b3180029f14,laranjal paulista,SP,214,211,237,16012.95,4317.57,20330.52,74.83,1.11,213,25,11.74,15.98,5.35,9.64,77,35.98,213,4.13,30,14.08,96,44.86,2017-02-28,2017-12-12,39,4,156,0.1211
fa40cc5b934574b62717c68f3d678b6d,sao paulo,SP,304,299,337,15900.48,4482.53,20383.01,52.30,1.11,302,16,5.30,11.29,2.90,13.50,15,4.93,303,4.48,22,7.26,135,44.41,2016-10-10,2018-05-21,16,3,157,0.1203
86ccac0b835037332a596a33b6949ee1,blumenau,SC,178,177,208,15894.34,3905.61,19799.95,89.29,1.17,177,4,2.26,12.00,2.77,10.75,4,2.25,177,4.23,21,11.86,13,7.30,2017-03-22,2018-07-30,71,2,158,0.1202
4b9750c8ad28220fe6702d4ecb7c898f,limeira,SP,217,216,221,15815.40,3358.45,19173.85,72.88,1.02,214,13,6.07,9.43,2.16,14.69,12,5.53,217,4.36,15,6.91,120,55.30,2017-10-12,2018-08-27,33,2,159,0.1196
d921b68bf747894be13a97ae52b0f386,formiga,MG,77,77,77,15645.80,1758.01,17403.81,203.19,1.00,73,1,1.37,9.79,1.58,6.00,2,2.60,77,4.56,4,5.19,8,10.39,2018-04-17,2018-08-22,46,6,160,0.1183
6061155addc1e54b4cfb51c1c2a32ad8,campinas,SP,28,27,33,15633.40,879.91,16513.31,558.34,1.18,28,1,3.57,5.71,1.39,2.00,0,0.00,28,4.64,1,3.57,12,42.86,2018-06-01,2018-08-26,15,2,161,0.1182
0adac9fbd9a2b63cccaac4f8756c1ca8,louveira,SP,106,106,134,15557.60,2397.90,17955.50,146.77,1.26,105,6,5.71,13.12,4.21,12.83,16,15.09,106,4.09,13,12.26,51,48.11,2017-01-22,2018-08-16,64,5,162,0.1177
2a5b78b41cd05baeac8df54c6606b92c,formiga,MG,46,44,56,15554.28,1021.19,16575.47,338.14,1.22,46,1,2.17,8.96,1.70,4.00,1,2.17,46,4.54,2,4.35,9,19.57,2017-07-02,2018-08-15,23,1,163,0.1176
c33847515fa6305ce6feb1e818569f13,brusque,SC,114,114,128,15519.85,4374.41,19894.26,136.14,1.12,111,4,3.60,9.26,2.12,7.25,1,0.88,114,3.85,24,21.05,7,6.14,2018-05-09,2018-08-22,39,2,164,0.1174
229c3efbfb0ea2058de4ccdfbc3d784a,belo horizonte,MG,118,117,145,15479.00,2300.71,17779.71,131.18,1.23,117,2,1.71,10.75,1.67,12.00,1,0.85,117,3.62,30,25.64,16,13.56,2016-10-05,2018-08-17,24,1,165,0.1171
e5a38146df062edaf55c38afa99e42dc,sao paulo,SP,120,120,124,15270.89,1885.54,17156.43,127.26,1.03,117,9,7.69,12.30,2.90,15.22,5,4.17,119,3.98,20,16.81,57,47.50,2016-10-08,2018-08-21,27,9,166,0.1155
c847e075301870dd144a116762eaff9a,uberaba,MG,41,41,42,15248.80,1092.68,16341.48,371.92,1.02,41,3,7.32,16.98,1.88,61.33,0,0.00,40,4.20,6,15.00,2,4.88,2017-02-15,2018-01-10,5,4,167,0.1153
85d9eb9ddc5d00ca9336a2219c97bb13,belo horizonte,MG,499,497,512,15107.24,8432.67,23539.91,30.28,1.03,499,11,2.20,14.63,7.15,7.55,66,13.23,496,4.22,46,9.27,103,20.64,2016-10-06,2018-08-19,63,6,168,0.1143
213b25e6f54661939f11710a6fddb871,salto,SP,152,152,190,15105.95,3381.01,18486.96,99.38,1.25,150,10,6.67,15.33,8.06,6.20,53,34.87,151,3.81,31,20.53,61,40.13,2017-11-21,2018-08-14,79,3,169,0.1143
f9244d45189d3a3605499abddeade7d5,sao paulo,SP,20,20,20,15081.44,820.72,15902.16,754.07,1.00,20,0,0.00,15.15,6.30,,1,5.00,20,4.35,1,5.00,5,25.00,2017-02-07,2018-08-18,10,3,170,0.1141
e2a1ac9bf33e5549a2a4f834e70df2f8,sao paulo,SP,5,5,5,14999.45,201.11,15200.56,2999.89,1.00,5,0,0.00,12.40,5.00,,1,20.00,5,4.80,0,0.00,1,20.00,2017-03-08,2017-07-06,1,1,171,0.1134
2a84855fd20af891be03bc5924d2b453,belo horizonte,MG,155,154,159,14989.00,3276.72,18265.72,96.70,1.03,142,4,2.82,8.82,1.99,25.00,5,3.23,154,4.38,12,7.79,45,29.03,2017-12-28,2018-08-29,53,8,172,0.1134
01fdefa7697d26ad920e9e0346d4bd1b,londrina,PR,128,128,130,14802.53,2730.26,17532.79,115.64,1.02,127,7,5.51,10.62,1.76,5.43,0,0.00,127,4.38,7,5.51,13,10.16,2017-04-26,2018-08-20,21,1,173,0.1120
79ebd9a61bac3eaf882805ed4ecfa12a,cascavel,PR,133,132,140,14783.09,3947.43,18730.52,111.15,1.05,132,6,4.55,15.33,5.36,6.50,41,30.83,133,4.05,18,13.53,14,10.53,2017-10-10,2018-08-18,113,1,174,0.1118
080199a181c46c657dc5aa235411be3b,osasco,SP,79,79,83,14504.20,1040.68,15544.88,183.60,1.05,77,1,1.30,8.03,2.25,34.00,2,2.53,78,4.62,1,1.28,44,55.70,2017-09-20,2018-08-24,40,1,175,0.1097
4c2b230173bb36f9b240f2b8ac11786e,sao paulo,SP,258,253,343,14474.57,4354.14,18828.71,56.10,1.33,258,24,9.30,12.76,5.19,9.00,82,31.78,254,3.98,46,18.11,117,45.35,2017-02-14,2018-08-20,20,2,176,0.1095
a5cba26a62b8b4d0145b68b841e62e7f,campo mourao,PR,53,53,54,14438.84,1346.93,15785.77,272.43,1.02,52,1,1.92,13.08,4.25,12.00,7,13.21,53,4.57,2,3.77,4,7.55,2017-07-22,2018-08-20,18,3,177,0.1092
1b4c3a6f53068f0b6944d2d005c9fc89,sao ludgero,SC,111,111,115,14420.50,2976.49,17396.99,129.91,1.04,108,5,4.63,14.64,2.11,12.00,1,0.90,110,4.25,11,10.00,6,5.41,2017-02-16,2018-07-26,31,9,178,0.1091
5cf13accae3222c70a9cac40818ae839,patos de minas,MG,148,148,155,14293.30,3002.88,17296.18,96.58,1.05,147,3,2.04,10.59,2.02,8.67,1,0.68,147,4.48,11,7.48,19,12.84,2017-01-16,2018-08-23,34,2,179,0.1081
66922902710d126a0e7d26b0e3805106,belo horizonte,MG,150,150,155,14267.30,3197.63,17464.93,95.12,1.03,150,11,7.33,11.25,3.01,5.82,12,8.00,149,4.50,8,5.37,24,16.00,2017-05-14,2018-08-21,20,1,180,0.1079
8e6d7754bc7e0f22c96d255ebda59eba,sao jose dos campos,SP,84,84,129,14107.38,1685.97,15793.35,167.95,1.54,84,11,13.10,15.19,5.31,12.91,31,36.90,84,3.60,22,26.19,45,53.57,2017-12-30,2018-08-26,28,1,181,0.1067
aba1721a889e04decc910aa13b768ef4,sao paulo,SP,83,81,92,14103.30,1249.17,15352.47,169.92,1.11,81,6,7.41,9.32,1.74,4.67,4,4.82,83,4.45,8,9.64,38,45.78,2017-02-08,2018-08-21,76,4,182,0.1067
f08a5b9dd6767129688d001acafc21e5,porto alegre,RS,11,11,18,14069.63,496.11,14565.74,1279.06,1.64,11,0,0.00,18.73,7.55,,3,27.27,11,4.27,1,9.09,2,18.18,2017-10-07,2018-01-16,7,3,183,0.1064
c6bda72e4dbf5c5866b13cb1810c6d03,sao paulo,SP,59,59,59,14059.38,1136.74,15196.12,238.29,1.00,59,2,3.39,10.14,1.85,22.00,3,5.08,59,4.40,5,8.47,25,42.37,2017-07-12,2018-08-23,27,4,184,0.1063
2e90cb1677d35cfe24eef47d441b7c87,sao paulo,SP,127,124,137,13894.71,2887.45,16782.16,109.41,1.08,125,16,12.80,12.42,2.38,5.00,7,5.51,127,4.12,18,14.17,37,29.13,2017-03-08,2018-08-26,22,3,185,0.1051
3b15288545f8928d3e65a8f949a28291,ibitinga,SP,101,101,118,13764.82,2400.06,16164.88,136.29,1.17,101,7,6.93,14.41,3.19,9.57,2,1.98,100,4.08,12,12.00,45,44.55,2017-03-22,2018-08-13,45,3,186,0.1041
b8bc237ba3788b23da09c0f1f3a3288c,itajai,SC,45,45,47,13685.71,1935.45,15621.16,304.13,1.04,45,1,2.22,11.58,1.44,2.00,1,2.22,44,4.32,3,6.82,1,2.22,2017-08-07,2018-06-30,1,1,187,0.1035
d94a40fd42351c259927028d163af842,baependi,MG,100,99,109,13674.80,3347.57,17022.37,136.75,1.09,98,3,3.06,14.03,2.86,2.67,7,7.00,98,4.21,10,10.20,16,16.00,2017-07-22,2018-08-08,16,2,188,0.1034
a6bd7d1ccdac48c6b33b28596b7eb122,mamanguape,PB,15,15,15,13669.11,637.80,14306.91,911.27,1.00,14,1,7.14,16.14,4.29,2.00,5,33.33,14,3.50,5,35.71,0,0.00,2017-06-28,2018-07-22,15,1,189,0.1034
610f72e407cdd7caaa2f8167b0163fd8,sao paulo,SP,16,16,17,13585.16,844.29,14429.45,849.07,1.06,15,2,13.33,13.13,9.67,12.00,5,31.25,16,3.63,5,31.25,13,81.25,2018-04-03,2018-08-25,16,1,190,0.1028
ce248b21cb2adc36282ede306b7660e5,jaragua do sul,SC,64,61,65,13560.19,1895.01,15455.20,211.88,1.02,64,5,7.81,15.64,2.23,13.20,2,3.13,64,4.23,8,12.50,2,3.13,2017-07-18,2018-08-04,36,8,191,0.1026
6039e27294dc75811c0d8a39069f52c0,osasco,SP,63,63,74,13500.80,2334.72,15835.52,214.30,1.17,63,11,17.46,17.90,6.46,10.27,22,34.92,63,3.73,12,19.05,17,26.98,2017-02-27,2018-08-22,10,3,192,0.1021
6d66611d7c44cc30ce351abc49a68421,sao paulo,SP,164,163,174,13428.60,3216.66,16645.26,81.88,1.06,164,9,5.49,11.95,3.80,6.56,17,10.37,162,3.97,25,15.43,73,44.51,2017-02-02,2018-08-25,59,6,193,0.1016
34d1ca11b242c0fee2c834ae8d788566,congonhas,MG,40,40,41,13422.24,982.04,14404.28,335.56,1.03,39,0,0.00,13.21,2.13,,1,2.50,39,4.33,2,5.13,2,5.00,2017-03-01,2018-08-07,4,1,194,0.1015
289cdb325fb7e7f891c38608bf9e0962,belo horizonte,SP,109,108,125,13410.55,2075.52,15486.07,123.03,1.15,104,2,1.92,6.63,1.63,6.50,1,0.92,109,4.59,6,5.50,45,41.28,2018-02-21,2018-08-25,25,4,195,0.1014
a3e9a2c700480d9bb01fba070ba80a0e,ibitinga,SP,129,129,143,13371.80,2869.03,16240.83,103.66,1.11,127,12,9.45,13.20,2.78,6.75,10,7.75,127,4.00,21,16.54,57,44.19,2017-05-09,2018-08-19,72,2,196,0.1011
a673821011d0cec28146ea42f5ab767f,sao paulo,SP,125,124,141,13366.00,2562.04,15928.04,106.93,1.13,124,13,10.48,12.94,4.21,13.08,21,16.80,121,4.04,19,15.70,61,48.80,2017-02-27,2018-08-22,51,7,197,0.1011
240b9776d844d37535668549a396af32,niteroi,RJ,35,35,35,13332.09,839.56,14171.65,380.92,1.00,35,1,2.86,11.34,5.49,16.00,4,11.43,35,4.34,3,8.57,10,28.57,2018-07-17,2018-08-21,11,5,198,0.1008
1f9ab4708f3056ede07124aad39a2554,tupa,SP,76,76,77,13312.93,2379.72,15692.65,175.17,1.01,76,4,5.26,14.50,3.12,13.00,10,13.16,75,4.09,6,8.00,22,28.95,2017-01-27,2018-06-02,5,1,199,0.1007
8cc6a0e5738e61a87b03c78b2ba9db4b,andradas,MG,23,23,24,13272.70,503.90,13776.60,577.07,1.04,23,2,8.70,16.96,1.91,53.00,0,0.00,23,4.48,1,4.35,1,4.35,2017-02-02,2017-04-28,13,7,200,0.1004
d05ae8f7a5bd1d2a690a44cd079e4e27,rio de janeiro,RJ,77,74,80,13244.00,1141.65,14385.65,172.00,1.04,77,5,6.49,11.22,2.55,12.80,1,1.30,76,3.89,16,21.05,25,32.47,2017-04-22,2018-08-18,11,1,201,0.1002
0b35c634521043bf4b47e21547b99ab5,teixeira soares,PR,50,49,77,13235.65,1455.14,14690.79,264.71,1.54,50,8,16.00,19.20,3.74,23.75,4,8.00,49,3.41,17,34.69,2,4.00,2017-12-07,2018-08-12,39,1,202,0.1001
669ae81880e08f269a64487cfb287169,rio do sul,SC,161,161,185,13133.87,3351.33,16485.20,81.58,1.15,158,7,4.43,12.23,1.79,13.00,4,2.48,160,4.26,19,11.88,11,6.83,2017-01-20,2018-08-08,16,3,203,0.0993
05f51e13da97139648b8125c31e5f51b,belo horizonte,MG,57,57,60,13100.31,1888.65,14988.96,229.83,1.05,57,9,15.79,12.37,5.00,8.67,11,19.30,57,4.23,8,14.04,11,19.30,2017-07-10,2018-03-23,19,2,204,0.0991
440dd6ab244315c632130ecfb63827b1,votuporanga,SP,91,91,92,13089.00,2046.68,15135.68,143.84,1.01,91,12,13.19,16.52,2.92,11.58,9,9.89,91,3.89,14,15.38,30,32.97,2016-10-04,2018-08-04,28,2,205,0.0990
d50d79cb34e38265a8649c383dcffd48,sao paulo,SP,70,69,70,13012.42,1932.26,14944.68,185.89,1.00,69,3,4.35,13.29,2.01,19.00,2,2.86,69,4.25,6,8.70,21,30.00,2016-10-08,2018-08-10,19,5,206,0.0984
c31eff8334d6b3047ed34bebd4d62c36,salto,SP,120,120,121,12991.61,2359.24,15350.85,108.26,1.01,119,14,11.76,12.71,5.60,2.86,32,26.67,119,3.87,21,17.65,62,51.67,2017-11-25,2018-08-17,5,2,207,0.0983
431af27f296bc6519d890aa5a05fdb11,ribeirao preto,SP,116,116,124,12974.60,2128.45,15103.05,111.85,1.07,116,16,13.79,17.19,4.76,10.06,30,25.86,115,3.80,27,23.48,51,43.97,2017-04-26,2018-07-31,20,1,208,0.0981
6edacfd9f9074789dad6d62ba7950b9c,guarulhos,SP,205,205,216,12966.40,2905.88,15872.28,63.25,1.05,201,9,4.48,9.15,2.04,4.44,6,2.93,205,4.39,17,8.29,102,49.76,2017-01-17,2018-08-27,142,15,209,0.0981
9e6229250fedbe05838fef417b74e7fb,mirandopolis,SP,73,73,77,12962.30,1834.96,14797.26,177.57,1.05,71,2,2.82,11.99,3.66,3.50,8,10.96,73,3.89,11,15.07,33,45.21,2017-09-24,2018-08-22,25,3,210,0.0980
039e6ad9dae79614493083e241147386,sao paulo,SP,5,5,5,12925.00,348.42,13273.42,2585.00,1.00,5,1,20.00,14.40,4.00,11.00,1,20.00,5,4.00,1,20.00,0,0.00,2018-04-03,2018-07-10,4,1,211,0.0978
e24fc9fcd865784fb25705606fe3dfe7,braganca paulista,SP,51,51,55,12768.00,1012.71,13780.71,250.35,1.08,51,4,7.84,12.55,2.00,15.25,0,0.00,51,4.16,6,11.76,23,45.10,2016-10-08,2018-03-26,22,3,212,0.0966
ed4acab38528488b65a9a9c603ff024a,sao paulo,SP,32,32,40,12759.45,610.31,13369.76,398.73,1.25,30,0,0.00,9.77,3.37,,2,6.25,32,3.72,7,21.88,18,56.25,2017-03-23,2018-07-27,30,4,213,0.0965
00fc707aaaad2d31347cf883cd2dfe10,maringa,PR,103,102,135,12684.90,2285.09,14969.99,123.15,1.31,103,4,3.88,15.05,2.86,7.00,0,0.00,102,4.06,16,15.69,9,8.74,2018-01-31,2018-06-13,19,1,214,0.0959
530ec6109d11eaaf87999465c6afee01,cascavel,PR,94,93,101,12682.11,2597.05,15279.16,134.92,1.07,90,1,1.11,10.98,2.12,5.00,6,6.38,94,4.34,8,8.51,9,9.57,2017-05-24,2018-08-23,28,5,215,0.0959
75d34ebb1bd0bd7dde40dd507b8169c3,salvador,BA,57,57,67,12656.33,1313.44,13969.77,222.04,1.18,57,7,12.28,16.11,4.91,9.71,11,19.30,57,3.93,11,19.30,8,14.04,2017-01-28,2018-02-05,15,4,216,0.0957
99eaacc9e6046db1c82b163c5f84869f,franca,SP,63,63,67,12642.28,1081.66,13723.94,200.67,1.06,63,7,11.11,15.00,3.89,7.86,9,14.29,63,4.00,11,17.46,29,46.03,2016-10-04,2018-02-18,18,4,217,0.0956
b372ee768ed69e46ca8cdbd267aa7a38,sao jose do rio preto,SP,63,57,69,12630.00,1183.84,13813.84,200.48,1.10,61,0,0.00,12.36,1.82,,0,0.00,63,4.44,6,9.52,21,33.33,2017-03-18,2018-08-23,24,1,218,0.0955
cfb1a033743668a192316f3c6d1d2671,votorantim,SP,143,143,179,12609.54,3361.16,15970.70,88.18,1.25,142,14,9.86,12.19,3.82,5.93,16,11.19,142,4.04,23,16.20,72,50.35,2017-02-01,2018-08-10,60,1,219,0.0954
1ca7077d890b907f89be8c954a02686a,santana de parnaiba,SP,108,106,127,12474.64,1522.01,13996.65,115.51,1.18,108,18,16.67,15.48,5.56,5.83,55,50.93,107,2.39,64,59.81,57,52.78,2017-09-15,2018-04-09,19,3,220,0.0944
ad97a199236354e53fcd91a5a913e9a2,brusque,SC,16,16,17,12446.85,837.17,13284.02,777.93,1.06,16,2,12.50,15.56,5.50,4.00,4,25.00,16,4.50,1,6.25,3,18.75,2017-11-16,2018-07-23,7,3,221,0.0941
ac3508719a1d8f5b7614b798f70af136,canoas,RS,101,101,101,12446.14,2964.52,15410.66,123.23,1.00,101,2,1.98,9.35,1.33,6.50,1,0.99,100,4.64,3,3.00,12,11.88,2017-05-23,2018-08-05,47,4,222,0.0941
2b1a40c1daabc6ca280c4b815c101841,divinopolis,MG,22,22,33,12342.60,1833.14,14175.74,561.03,1.50,22,1,4.55,13.36,1.09,5.00,0,0.00,22,3.82,4,18.18,9,40.91,2017-01-16,2018-06-16,19,1,223,0.0934
d6b1ce66b035a475f00c017792ff9769,salto,SP,92,92,108,12277.40,2038.48,14315.88,133.45,1.17,91,5,5.49,10.18,2.97,9.00,3,3.26,90,4.28,7,7.78,32,34.78,2018-03-17,2018-08-26,18,3,224,0.0929
fbc14c0cf93505ef89f64665ffa4a7b5,serrana,SP,18,18,18,12227.82,531.11,12758.93,679.32,1.00,18,1,5.56,11.94,2.89,5.00,1,5.56,17,4.18,2,11.76,10,55.56,2017-08-17,2018-08-08,16,5,225,0.0925
6e386f64c84e482f0b9abf960797ee1b,sao paulo,SP,29,29,29,12209.30,611.51,12820.81,421.01,1.00,28,2,7.14,10.57,1.39,6.00,0,0.00,28,4.61,1,3.57,10,34.48,2018-03-25,2018-08-17,13,1,226,0.0923
056b4ada5bbc2c50cc7842547dda6b51,queimados,RJ,64,64,65,12203.40,1282.39,13485.79,190.68,1.02,61,7,11.48,13.02,2.16,22.14,6,9.38,63,4.21,8,12.70,16,25.00,2017-12-01,2018-08-23,23,2,227,0.0923
c66dccfb3f109511246da627dd5a2498,registro,SP,44,44,44,12182.55,944.74,13127.29,276.88,1.00,43,2,4.65,11.12,1.60,4.00,1,2.27,44,4.57,3,6.82,15,34.09,2018-01-15,2018-08-24,43,2,228,0.0921
2e1c9f22be269ef4643f826c9e650a52,sao paulo,SP,161,159,167,12170.24,2321.28,14491.52,75.59,1.04,161,10,6.21,9.73,2.10,8.60,5,3.11,160,4.24,18,11.25,80,49.69,2017-07-18,2018-08-24,71,3,229,0.0920
c8b0e2b0a7095e5d8219575d5e7e1181,itaquaquecetuba,SP,84,83,85,12170.21,1487.13,13657.34,144.88,1.01,81,6,7.41,10.23,1.32,5.83,0,0.00,83,4.08,12,14.46,32,38.10,2017-07-12,2018-08-17,58,1,230,0.0920
66e0557ecc2b4dbea057e93f215f68d8,sao paulo,SP,30,30,30,12141.00,487.42,12628.42,404.70,1.00,30,6,20.00,31.63,18.23,9.00,8,26.67,30,4.03,4,13.33,11,36.67,2017-05-24,2018-02-12,18,1,231,0.0918
87b740daf17b5d1be335a64164ec6842,suzano,SP,11,11,11,12099.89,1254.94,13354.83,1099.99,1.00,11,1,9.09,18.18,4.64,5.00,1,9.09,11,3.73,2,18.18,3,27.27,2017-02-13,2018-03-15,8,1,232,0.0915
2138ccb85b11a4ec1e37afbd1c8eda1f,sao paulo,SP,388,385,419,12089.22,5902.67,17991.89,31.16,1.08,387,18,4.65,11.35,2.72,10.33,19,4.90,387,3.96,64,16.54,140,36.08,2016-10-04,2018-08-28,157,8,233,0.0914
7202e2ba20579a9bd1acb29e61fe71f6,franca,SP,51,51,53,12085.70,1131.51,13217.21,236.97,1.04,48,2,4.17,13.77,1.79,7.50,2,3.92,50,3.98,8,16.00,16,31.37,2017-07-22,2018-08-21,19,2,234,0.0914
70c27847eca8195c983ed7e798c56743,rio de janeiro,RJ,77,77,98,12077.52,1451.66,13529.18,156.85,1.27,76,5,6.58,11.20,5.18,7.40,17,22.08,77,4.23,14,18.18,20,25.97,2018-04-03,2018-08-22,20,1,235,0.0913
ff063b022a9a0aab91bad2c9088760b7,santo andre,SP,94,94,96,12076.50,1984.77,14061.27,128.47,1.02,88,3,3.41,8.89,2.03,3.00,6,6.38,93,4.31,8,8.60,40,42.55,2017-02-14,2018-08-20,9,3,236,0.0913
a7f13822ceb966b076af67121f87b063,itaquaquecetuba,SP,73,73,84,12017.69,2962.74,14980.43,164.63,1.15,73,3,4.11,22.82,11.32,57.00,44,60.27,72,3.40,20,27.78,24,32.88,2016-10-04,2017-05-04,31,5,237,0.0909
8b8cfc8305aa441e4239358c9f6f2485,londrina,PR,15,15,15,11892.00,1218.70,13110.70,792.80,1.00,15,2,13.33,12.53,3.00,2.50,1,6.67,15,4.20,2,13.33,0,0.00,2017-01-29,2018-04-11,6,2,238,0.0899
701938c450705b8ae65fc923b70f35c7,s jose do rio preto,SP,74,73,111,11879.29,3771.60,15650.89,160.53,1.50,74,3,4.05,13.00,3.28,11.00,10,13.51,73,4.00,9,12.33,39,52.70,2017-01-27,2018-04-01,9,2,239,0.0898
7901646fdd36a55f564ffaf2dbccaaf7,rio de janeiro,RJ,22,21,27,11857.08,621.75,12478.83,538.96,1.23,22,2,9.09,9.77,2.64,4.50,1,4.55,22,4.50,2,9.09,9,40.91,2017-03-02,2018-08-23,12,2,240,0.0897
09f952a5f58d2285b0372551ae8f9b01,sao bernardo do campo,SP,50,50,56,11821.50,1524.96,13346.46,236.43,1.12,49,3,6.12,13.18,2.98,22.33,5,10.00,50,3.84,9,18.00,11,22.00,2017-09-15,2018-08-24,11,2,241,0.0894
48436dade18ac8b2bce089ec2a041202,volta redonda,SP,134,134,147,11821.11,2840.90,14662.01,88.22,1.10,134,10,7.46,14.28,4.31,18.20,28,20.90,134,4.10,17,12.69,40,29.85,2017-03-15,2018-08-18,22,2,242,0.0894
adbc26658d6c7b4b6219f9d934598091,curitiba,PR,88,88,92,11806.40,1885.85,13692.25,134.16,1.05,85,12,14.12,17.38,3.54,13.67,21,23.86,88,4.13,14,15.91,11,12.50,2017-08-28,2018-08-21,9,2,243,0.0893
72c5da29406b4234927b81855e7b64f6,guarulhos,SP,31,31,31,11798.69,853.78,12652.47,380.60,1.00,27,1,3.70,10.93,1.67,14.00,0,0.00,31,4.13,4,12.90,7,22.58,2018-04-07,2018-08-26,6,2,244,0.0892
128639473a139ac0f3e5f5ade55873a5,maringa,PR,527,526,554,11795.85,9679.69,21475.54,22.38,1.05,525,22,4.19,14.28,2.81,9.55,46,8.73,521,4.21,55,10.56,63,11.95,2017-05-12,2018-08-18,66,6,245,0.0892
ce7d1888639e6fb06b2749cbfdac1ff7,baependi,MG,78,78,84,11793.89,3082.65,14876.54,151.20,1.08,77,7,9.09,14.62,2.64,15.43,2,2.56,78,4.17,13,16.67,11,14.10,2017-08-12,2018-08-18,14,4,246,0.0892
e8b3a3a38279a82f0e5d006d5e5b7d2c,jussara,PR,80,80,85,11762.40,1645.81,13408.21,147.03,1.06,80,3,3.75,17.20,5.99,9.00,12,15.00,80,4.01,13,16.25,4,5.00,2017-10-10,2018-03-05,48,6,247,0.0890
bba3293d6f5d5af2f415e004e8b93ae3,sao paulo,SP,17,17,17,11702.10,326.69,12028.79,688.36,1.00,17,1,5.88,12.12,2.76,9.00,0,0.00,17,4.29,2,11.76,6,35.29,2017-09-02,2018-06-22,7,2,248,0.0885
e26901d5ab434ce92fd9b5c256820a4e,maua,SP,197,197,215,11601.50,2880.13,14481.63,58.89,1.09,197,3,1.52,9.31,2.97,7.00,4,2.03,197,4.20,20,10.15,96,48.73,2017-01-30,2017-09-12,16,7,249,0.0877
25e6ffe976bd75618accfe16cefcbd0d,sao paulo,SP,106,106,115,11552.62,1687.18,13239.80,108.99,1.08,105,3,2.86,10.12,2.18,11.00,6,5.66,106,4.44,8,7.55,41,38.68,2016-10-06,2018-06-24,53,6,250,0.0874
c4d51195486dc781531876a7d00453d8,presidente prudente,SP,17,17,17,11468.98,569.37,12038.35,674.65,1.00,17,5,29.41,23.65,6.06,9.00,4,23.53,17,3.94,2,11.76,3,17.65,2018-03-31,2018-06-05,6,2,251,0.0867
d1b65fc7debc3361ea86b5f14c68d2e2,mogi guacu,SP,39,39,40,11413.17,1410.15,12823.32,292.65,1.03,39,1,2.56,9.15,2.18,1.00,2,5.13,39,4.64,1,2.56,16,41.03,2017-03-28,2018-06-06,30,3,252,0.0863
b4f8921fcc4ff77b66bea6dda43dcd51,caxias do sul,RS,18,18,20,11395.05,1468.36,12863.41,633.06,1.11,18,1,5.56,7.67,1.72,1.00,1,5.56,18,4.56,2,11.11,3,16.67,2018-05-19,2018-08-21,16,1,253,0.0862
0be8ff43f22e456b4e0371b2245e4d01,sao paulo,SP,156,155,175,11336.00,2508.49,13844.49,72.67,1.12,154,10,6.49,10.35,2.45,8.40,7,4.49,156,4.03,27,17.31,84,53.85,2017-05-09,2018-08-29,119,13,254,0.0857
c60b801f2d52c7f7f91de00870882a75,guarulhos,SP,39,39,39,11296.50,698.44,11994.94,289.65,1.00,39,6,15.38,16.00,7.26,7.83,15,38.46,39,3.44,11,28.21,12,30.77,2018-01-27,2018-08-21,16,4,255,0.0854
5d378b73ab7dd6f0418d743e5dcb0bd1,sao paulo,SP,6,6,6,11254.00,358.70,11612.70,1875.67,1.00,6,1,16.67,30.33,24.67,100.00,2,33.33,6,3.83,1,16.67,2,33.33,2017-10-09,2017-11-14,3,1,256,0.0851
1d8dbc4f32378d715c717c1c1fc57bae,arapongas,PR,91,90,97,11205.99,2085.15,13291.14,123.14,1.07,91,8,8.79,15.56,4.15,17.88,14,15.38,89,4.06,13,14.61,9,9.89,2017-03-20,2018-06-24,25,1,257,0.0848
6cd68b3ed6d59aaa9fece558ad360c0a,belo horizonte,MG,149,149,157,11188.57,2529.89,13718.46,75.09,1.05,149,2,1.34,10.48,1.93,9.50,0,0.00,149,4.46,5,3.36,35,23.49,2017-01-26,2018-04-23,54,5,258,0.0846
cab85505710c7cb9b720bceb52b01cee,sao paulo,SP,201,199,204,11124.60,2827.39,13951.99,55.35,1.01,201,4,1.99,10.03,3.02,15.25,23,11.44,200,4.33,13,6.50,93,46.27,2016-10-08,2018-08-28,28,1,259,0.0841
80e6699fe29150b372a0c8a1ebf7dcc8,pinhais,PR,96,96,98,11119.66,2667.15,13786.81,115.83,1.02,96,3,3.13,11.54,1.96,10.00,3,3.13,95,4.34,8,8.42,9,9.38,2016-10-10,2018-05-13,32,4,260,0.0841
ccb83a794700270fde70898fe9ff368b,sombrio,SC,12,12,12,11062.00,1723.73,12785.73,921.83,1.00,12,2,16.67,16.58,2.08,14.00,0,0.00,12,4.33,1,8.33,1,8.33,2017-02-21,2017-08-06,2,1,261,0.0837
5a8e7d5003a1f221f9e1d6e411de7c23,campinas,SP,137,136,179,11042.10,2666.70,13708.80,80.60,1.31,137,5,3.65,10.18,2.33,2.40,8,5.84,137,4.17,17,12.41,56,40.88,2016-10-04,2018-08-24,69,3,262,0.0835
8d956fec2e4337affcb520f56fd8cbfd,sao bernardo do campo,SP,210,210,227,10988.20,3313.85,14302.05,52.32,1.08,207,13,6.28,9.26,1.78,5.69,9,4.29,210,4.21,20,9.52,99,47.14,2017-10-12,2018-08-26,52,13,263,0.0831
95e03ca3d4146e4011985981aeb959b9,rio de janeiro,RJ,172,171,190,10865.16,3189.30,14054.46,63.17,1.10,169,6,3.55,12.49,2.08,21.00,0,0.00,170,4.03,23,13.53,27,15.70,2017-05-14,2018-08-15,54,13,264,0.0822
7ea5bfa6c340f58f8e71fc1f0412b0d6,belo horizonte,MG,96,96,102,10838.41,1631.85,12470.26,112.90,1.06,95,6,6.32,13.02,2.40,30.67,1,1.04,95,4.19,9,9.47,24,25.00,2017-11-20,2018-08-11,8,3,265,0.0820
813348c996469b40f2e028d5429d3495,jundiai,SP,172,171,195,10813.53,3457.70,14271.23,62.87,1.13,172,8,4.65,10.15,1.95,9.13,4,2.33,169,4.07,25,14.79,99,57.56,2017-05-01,2018-04-24,4,1,266,0.0818
82e0a475a88cc9595229d8029273f045,sao paulo,SP,41,41,79,10748.02,1468.38,12216.40,262.15,1.93,41,4,9.76,16.02,3.76,31.00,4,9.76,41,3.63,12,29.27,10,24.39,2017-02-22,2018-01-18,38,2,267,0.0813
23d7c96d4a1160db1c726b248601b25a,capivari,SP,50,50,52,10658.24,1288.93,11947.17,213.16,1.04,50,5,10.00,13.04,3.52,4.00,5,10.00,48,3.93,8,16.67,28,56.00,2017-07-20,2018-08-16,40,11,268,0.0806
c9c7905cffc4ef9ff9f113554423e671,itapecerica da serra,SP,127,127,139,10657.18,2109.53,12766.71,83.91,1.09,126,10,7.94,11.08,1.98,10.60,6,4.72,127,4.14,14,11.02,57,44.88,2017-06-02,2018-08-21,22,9,269,0.0806
dd2bdf855a9172734fbc3744021ae9b9,belo horizonte,MG,105,104,110,10607.00,1992.01,12599.01,101.02,1.05,105,6,5.71,15.28,5.89,10.33,16,15.24,101,3.87,18,17.82,18,17.14,2016-10-05,2018-01-03,43,8,270,0.0802
0ea22c1cfbdc755f86b9b54b39c16043,sete lagoas,MG,234,219,265,10592.10,4231.98,14824.08,45.27,1.13,230,2,0.87,11.05,2.00,8.50,5,2.14,231,4.41,14,6.06,55,23.50,2016-10-06,2018-08-22,151,10,271,0.0801
c864036feaab8c1659f65ea4faebe1da,campo largo,PR,58,58,58,10454.20,1845.57,12299.77,180.24,1.00,58,2,3.45,12.26,1.57,11.50,0,0.00,58,4.57,3,5.17,6,10.34,2017-07-19,2018-08-09,29,1,272,0.0791
6973a06f484aacf400ece213dbf3d946,sao jose dos campos,SP,89,88,108,10418.72,1287.87,11706.59,117.06,1.21,89,13,14.61,14.84,6.31,6.08,23,25.84,88,3.75,19,21.59,52,58.43,2018-01-22,2018-06-16,12,1,273,0.0788
54965bbe3e4f07ae045b90b0b8541f52,foz do iguacu,PR,73,73,81,10351.70,2076.26,12427.96,141.80,1.11,71,22,30.99,26.54,15.52,27.86,39,53.42,69,3.14,28,40.58,4,5.48,2017-10-18,2018-07-03,52,1,274,0.0783
ea566164622c6b439516ab18062c42cd,sao  paulo,SP,50,50,52,10309.42,858.56,11167.98,206.19,1.04,48,9,18.75,14.31,3.90,7.67,4,8.00,50,3.78,12,24.00,23,46.00,2017-11-12,2018-08-19,19,9,275,0.0780
33a6f4b1e7cdc205511e76ba1b6e0186,guarulhos,SP,105,104,126,10295.01,1888.90,12183.91,98.05,1.20,100,2,2.00,8.60,1.74,10.50,2,1.90,105,4.41,9,8.57,48,45.71,2018-01-26,2018-08-28,15,2,276,0.0779
f262cbc1c910c83959f849465454ddd3,sao paulo,SP,189,188,204,10199.86,2455.04,12654.90,53.97,1.08,185,14,7.57,9.10,1.65,6.86,3,1.59,188,4.18,26,13.83,116,61.38,2017-11-04,2018-08-27,80,9,277,0.0771
1c5e4e49b9079480255b49d50aac1aa9,santos,SP,12,11,12,10173.11,889.61,11062.72,847.76,1.00,12,0,0.00,8.67,3.17,,0,0.00,12,4.33,1,8.33,5,41.67,2017-03-09,2018-08-05,8,3,278,0.0769
b499c00f28f4b7069ff6550af8c1348a,limeira,SP,147,144,182,10162.18,2503.60,12665.78,69.13,1.24,144,19,13.19,11.34,3.42,9.11,27,18.37,147,4.23,15,10.20,84,57.14,2016-10-03,2018-08-24,67,12,279,0.0769
c510bc1718f0f2961eaa42a23330681a,indaiatuba,SP,12,12,12,10141.00,710.45,10851.45,845.08,1.00,10,0,0.00,5.70,1.50,,0,0.00,12,4.25,2,16.67,6,50.00,2018-04-17,2018-08-13,11,1,280,0.0767
9d5a9018aee56acb367ba9c3f05d1d6a,aparecida de goiania,GO,66,66,78,10119.98,1671.41,11791.39,153.33,1.18,66,1,1.52,15.00,4.24,4.00,11,16.67,66,4.45,7,10.61,2,3.03,2017-03-11,2018-03-21,22,5,281,0.0765
7b1222c3624aa89b9558b50a2594188c,sao jose do rio preto,SP,22,22,22,10103.52,457.57,10561.09,459.25,1.00,22,3,13.64,17.59,5.09,5.00,1,4.55,22,4.45,2,9.09,7,31.82,2017-02-18,2018-06-26,9,3,282,0.0764
5882820ef11c4c068eea0677a7a879b4,caxias do sul,RS,14,14,14,9925.50,739.31,10664.81,708.96,1.00,14,0,0.00,14.93,7.07,,2,14.29,13,4.15,0,0.00,5,35.71,2017-04-04,2018-07-20,6,2,283,0.0751
0df3984f9dfb3d49ac6366acbd3bbb85,betim,MG,86,84,88,9891.49,1483.05,11374.54,115.02,1.02,86,1,1.16,9.48,2.59,16.00,2,2.33,86,4.38,8,9.30,17,19.77,2017-03-12,2018-06-17,25,2,284,0.0748
9d4db00d65d7760644ac0c14edb5fd86,sorocaba,SP,97,97,99,9845.71,1509.59,11355.30,101.50,1.02,90,4,4.44,8.33,1.43,8.75,1,1.03,96,4.54,4,4.17,64,65.98,2017-12-24,2018-08-18,41,7,285,0.0745
06532f10282704ef4c69168b914b77be,paincandu,PR,7,7,8,9827.95,632.80,10460.75,1403.99,1.14,7,0,0.00,16.86,3.00,,0,0.00,7,4.71,0,0.00,1,14.29,2017-03-03,2017-08-18,7,2,286,0.0743
5343d0649eca2a983820bfe93fc4d17e,santo andre,SP,70,69,110,9819.02,2375.07,12194.09,140.27,1.57,70,7,10.00,11.20,1.49,6.86,1,1.43,69,3.87,16,23.19,19,27.14,2017-12-18,2018-07-29,48,1,287,0.0743
f3b80352b986ab4d1057a4b724be19d0,brasilia,DF,86,85,91,9815.10,2126.26,11941.36,114.13,1.06,84,0,0.00,10.44,2.51,,1,1.16,86,4.21,10,11.63,4,4.65,2017-02-17,2018-07-26,4,2,288,0.0742
5058e8c1e82653974541e83690655b4a,itaquaquecetuba,SP,62,62,77,9812.83,3008.63,12821.46,158.27,1.24,62,7,11.29,26.69,15.90,14.57,15,24.19,61,3.25,19,31.15,27,43.55,2017-10-16,2018-08-03,30,4,289,0.0742
bd23da7354813347129d751591d1a6e2,sao paulo,SP,86,86,87,9704.60,1384.56,11089.16,112.84,1.01,85,2,2.35,9.88,2.32,20.50,3,3.49,85,4.12,13,15.29,45,52.33,2017-07-17,2018-08-17,9,1,290,0.0734
17ca9b9e9b9ef8fdb529001b49ebb50f,betim,MG,115,115,128,9649.86,2348.96,11998.82,83.91,1.11,107,1,0.93,8.33,1.90,10.00,10,8.70,115,4.07,16,13.91,20,17.39,2017-07-11,2018-08-21,46,4,291,0.0730
e96498ed8daaa3e9c23f7a62da76591c,sao paulo,SP,34,34,34,9619.09,713.10,10332.19,282.91,1.00,34,5,14.71,15.15,2.26,9.60,0,0.00,34,3.94,7,20.59,8,23.53,2017-10-10,2018-07-19,23,1,292,0.0728
e7df4cd29ab5abab70fb0783ddb53987,sao paulo,SP,23,23,24,9608.70,413.37,10022.07,417.77,1.04,23,2,8.70,10.04,4.09,7.50,5,21.74,23,4.30,2,8.70,15,65.22,2017-02-16,2018-08-19,21,3,293,0.0727
cf8ab1616079e2793aa29d524df01bb1,sao paulo,SP,6,6,6,9594.00,437.56,10031.56,1599.00,1.00,6,1,16.67,26.33,16.17,1.00,4,66.67,6,2.50,4,66.67,3,50.00,2017-12-01,2018-03-09,2,1,294,0.0726
b2ac621f0d0322434d04a12b078b9369,curitiba,PR,30,30,30,9575.50,781.39,10356.89,319.18,1.00,30,3,10.00,14.63,3.17,5.33,2,6.67,30,4.40,2,6.67,1,3.33,2017-08-22,2018-08-16,13,2,295,0.0724
ef506c96320abeedfb894c34db06f478,sao paulo,SP,316,315,332,9556.50,5092.30,14648.80,30.24,1.05,316,25,7.91,13.46,3.51,12.08,26,8.23,314,3.96,51,16.24,98,31.01,2017-01-23,2018-08-21,115,4,296,0.0723
1c129092bf23f28a5930387c980c0dfc,sao paulo,SP,200,199,219,9528.62,3021.57,12550.19,47.64,1.10,200,9,4.50,11.70,3.91,6.33,50,25.00,199,4.25,23,11.56,88,44.00,2017-10-02,2018-08-11,15,2,297,0.0721
4830e40640734fc1c52cd21127c341d4,sao paulo,SP,204,204,212,9490.50,3011.92,12502.42,46.52,1.04,203,10,4.93,9.92,1.93,6.30,5,2.45,204,4.23,21,10.29,90,44.12,2017-07-25,2018-08-27,52,9,298,0.0718
3db66a856d18a9cba7c9241fc5221c50,ponte nova,MG,94,93,97,9478.30,2044.36,11522.66,100.83,1.03,94,10,10.64,15.91,5.70,5.10,23,24.47,94,4.19,10,10.64,21,22.34,2017-04-20,2018-08-21,38,6,299,0.0717
ce27a3cc3c8cc1ea79d11e561e9bebb6,sao paulo,SP,122,122,151,9465.45,2154.67,11620.12,77.59,1.24,118,2,1.69,10.03,3.13,5.00,4,3.28,117,4.19,13,11.11,55,45.08,2016-10-04,2018-08-25,39,11,300,0.0716
01cf7e3d21494c41fb86034f2e714fa1,francisco beltrao,PR,59,59,65,9439.56,1964.45,11404.01,159.99,1.10,58,3,5.17,11.79,2.81,12.33,1,1.69,58,4.12,7,12.07,4,6.78,2016-10-06,2018-02-26,21,9,301,0.0714
a00824eb9093d40e589b940ec45c4eb0,bofete,SP,3,3,3,9399.97,379.49,9779.46,3133.32,1.00,3,0,0.00,8.00,1.33,,0,0.00,3,4.67,0,0.00,1,33.33,2017-10-05,2018-04-09,1,1,302,0.0711
3c487ae8f8d7542beff5788e2e0aea83,gama,DF,30,27,33,9385.70,719.65,10105.35,312.86,1.10,30,1,3.33,13.63,3.33,15.00,4,13.33,30,4.20,3,10.00,3,10.00,2017-08-09,2018-08-17,11,1,303,0.0710
31344c16881c08a8a72c6d2eb29918c1,uba,MG,42,42,42,9365.80,2208.55,11574.35,223.00,1.00,41,2,4.88,15.95,3.02,22.00,3,7.14,42,4.43,4,9.52,13,30.95,2017-01-26,2018-08-20,10,1,304,0.0708
05feb94f19d094d4b0f9281f0b1d4c99,mogi das cruzes,SP,6,6,6,9353.00,697.04,10050.04,1558.83,1.00,6,0,0.00,15.17,1.50,,0,0.00,6,4.50,0,0.00,2,33.33,2017-08-14,2018-02-18,2,2,305,0.0707
aaed1309374718fdd995ee4c58c9dfcd,timbo,SC,104,102,111,9345.45,2314.28,11659.73,89.86,1.07,104,3,2.88,12.20,1.94,3.67,3,2.88,104,4.06,14,13.46,6,5.77,2016-10-09,2018-08-01,53,5,306,0.0707
270297ead4c65a6cd2593960d2af6b21,sao paulo,SP,17,16,19,9344.40,537.36,9881.76,549.67,1.12,17,0,0.00,14.29,3.12,,0,0.00,17,3.82,5,29.41,5,29.41,2017-03-15,2018-08-13,12,3,307,0.0707
81a1104df0f08b59c68aa5b03cfe398e,sao jose dos pinhais,PR,72,72,72,9320.98,1794.45,11115.43,129.46,1.00,72,3,4.17,12.79,2.31,3.67,3,4.17,70,4.31,5,7.14,2,2.78,2017-05-21,2018-04-16,17,1,308,0.0705
7b07b3c7487f0ea825fc6df75abd658b,sao paulo,SP,91,91,96,9259.47,1292.69,10552.16,101.75,1.05,91,4,4.40,9.57,1.96,17.50,1,1.10,91,4.42,9,9.89,46,50.55,2017-01-25,2018-08-24,65,2,309,0.0700
ca3bd7cd9f149df75950150d010fe4a2,sao paulo,SP,68,67,135,9253.47,3318.89,12572.36,136.08,1.99,67,1,1.49,13.64,6.21,8.00,8,11.76,68,4.09,10,14.71,30,44.12,2017-01-25,2018-08-06,51,2,310,0.0700
aafe36600ce604f205b86b5084d3d767,sao jose,SC,129,129,131,9251.40,2421.80,11673.20,71.72,1.02,128,5,3.91,12.48,2.19,11.60,6,4.65,129,4.40,12,9.30,11,8.53,2017-02-18,2018-08-16,30,4,311,0.0700
d71d863e5ef30d94e440c11be17dcd8f,osasco,SP,23,23,30,9246.90,673.19,9920.09,402.04,1.30,23,3,13.04,19.09,10.74,11.33,10,43.48,21,3.33,8,38.10,6,26.09,2017-10-15,2018-05-02,6,5,312,0.0699
7040e82f899a04d1b434b795a43b4617,sao paulo,SP,208,208,223,9213.70,3123.26,12336.96,44.30,1.07,208,16,7.69,10.41,2.46,7.81,10,4.81,206,3.65,53,25.73,101,48.56,2017-09-12,2018-08-28,59,10,313,0.0697
cb8bcce248bb1fb274ba762d8b971456,santa rita do sapucai,MG,66,66,67,9152.40,1200.09,10352.49,138.67,1.02,65,1,1.54,12.66,1.86,4.00,1,1.52,66,4.33,3,4.55,12,18.18,2017-01-26,2018-08-14,5,3,314,0.0692
dd7ddc04e1b6c2c614352b383efe2d36,sao paulo,SP,121,121,142,9148.61,2876.57,12025.18,75.61,1.17,119,15,12.61,15.13,6.92,7.80,44,36.36,120,3.88,22,18.33,69,57.02,2017-04-26,2018-07-25,40,2,315,0.0692
6c12e40690c335dbc2f68a4134d30dc1,castro,PR,16,16,18,9139.20,485.06,9624.26,571.20,1.13,16,0,0.00,13.31,3.38,,1,6.25,14,4.07,2,14.29,2,12.50,2017-02-20,2018-08-06,12,3,316,0.0691
0db783cfcd3b73998abc6e10e59a102f,santos,SP,132,132,137,9077.40,1999.15,11076.55,68.77,1.04,132,5,3.79,11.58,2.90,13.80,14,10.61,131,4.21,17,12.98,57,43.18,2016-10-08,2018-04-07,14,5,317,0.0687
06df0c10d34e459d9672bc77388742eb,maringa,PR,26,26,30,9070.00,525.77,9595.77,348.85,1.15,26,1,3.85,10.08,1.31,4.00,0,0.00,26,4.35,2,7.69,4,15.38,2018-03-16,2018-08-06,1,1,318,0.0686
048c2757535328e0d7dac690ad3c0aae,franca,SP,50,50,50,9065.08,1247.33,10312.41,181.30,1.00,50,6,12.00,18.42,2.82,11.83,1,2.00,49,4.24,7,14.29,8,16.00,2017-03-04,2018-08-21,20,1,319,0.0686
5b8154610ebb21fb90eb587365e673df,sao jose dos campos,SP,37,37,40,9048.05,1048.67,10096.72,244.54,1.08,37,4,10.81,13.03,1.97,11.50,1,2.70,37,4.16,5,13.51,13,35.14,2017-07-10,2018-07-28,17,5,320,0.0684
624f4ece8da4aafb77699233d480f8ef,sao paulo,SP,52,51,54,9046.00,1705.55,10751.55,173.96,1.04,52,4,7.69,13.54,4.00,7.25,8,15.38,52,4.25,6,11.54,19,36.54,2016-10-04,2018-08-19,9,2,321,0.0684
4e7c18b98d84e05cbae3ff0ff03846c2,jaboticabal,SP,81,81,88,9038.90,2823.46,11862.36,111.59,1.09,80,3,3.75,12.18,2.26,5.67,3,3.70,80,4.21,14,17.50,33,40.74,2017-02-04,2018-07-12,31,4,322,0.0684
8b28d096634035667e8263d57ba3368c,sao jose dos campos,SP,139,138,151,9025.30,2507.74,11533.04,64.93,1.09,136,15,11.03,14.15,2.81,20.67,8,5.76,137,4.01,20,14.60,65,46.76,2017-02-28,2018-07-19,47,14,323,0.0683
403aa86912527d730337ffcb0fb096ab,belo horizonte,MG,11,11,11,8959.89,204.62,9164.51,814.54,1.00,11,0,0.00,10.82,3.27,,1,9.09,10,4.00,1,10.00,3,27.27,2017-01-30,2017-11-15,6,6,324,0.0678
066a6914e1ebf3ea95a216c73a986b91,foz do iguacu,PR,66,66,72,8956.38,1655.18,10611.56,135.70,1.09,65,2,3.08,13.51,3.32,37.50,8,12.12,66,4.09,8,12.12,8,12.12,2016-10-06,2018-08-10,44,7,325,0.0677
f27e33c6d29b5138fa9967bcd445b6d5,sao paulo,SP,93,92,98,8888.30,1593.95,10482.25,95.57,1.05,93,8,8.60,12.00,4.44,7.25,18,19.35,93,4.10,15,16.13,40,43.01,2017-07-25,2018-08-25,22,11,326,0.0672
32b8764b4ef628b53608fc34011fcc13,lages,SC,36,36,38,8884.00,2970.42,11854.42,246.78,1.06,32,1,3.13,11.28,2.00,1.00,2,5.56,36,4.19,2,5.56,3,8.33,2018-03-06,2018-08-22,11,1,327,0.0672
5f2684dab12e59f83bef73ae57724e45,sao paulo,SP,67,67,73,8870.97,1109.75,9980.72,132.40,1.09,67,4,5.97,10.55,2.07,14.75,1,1.49,67,3.79,16,23.88,32,47.76,2017-01-27,2018-08-29,28,5,328,0.0671
d03698c2efd04a549382afa6623e27fb,ilheus,BA,18,18,21,8865.47,779.15,9644.62,492.53,1.17,18,1,5.56,14.61,3.00,5.00,2,11.11,18,4.50,1,5.56,1,5.56,2016-10-07,2018-07-31,14,2,329,0.0671
f80edd2c5aaa505cc4b0a3b219abf4b8,sao paulo,SP,116,115,125,8855.50,2935.12,11790.62,76.34,1.08,114,6,5.26,12.22,3.54,5.33,19,16.38,115,4.15,16,13.91,56,48.28,2017-04-06,2018-08-27,23,6,330,0.0670
8e8a7ce9f2f970dc00e2acf6f6e199f6,sao goncalo,RJ,63,63,64,8821.00,1147.78,9968.78,140.02,1.02,62,4,6.45,12.19,2.02,7.50,1,1.59,63,4.00,8,12.70,8,12.70,2017-11-30,2018-08-21,6,1,331,0.0667
af4a0e4cfe1d9c26b6712b1be25a72e5,mateus leme,MG,21,21,26,8757.98,593.62,9351.60,417.05,1.24,21,1,4.76,13.33,5.14,7.00,6,28.57,21,3.43,8,38.10,1,4.76,2017-08-01,2018-03-15,17,3,332,0.0662
9b013e03b2ab786505a1d3b5c0756754,vicente de carvalho,SP,170,169,220,8714.55,2556.28,11270.83,51.26,1.29,167,7,4.19,8.51,2.62,8.57,7,4.12,169,4.22,21,12.43,119,70.00,2017-10-19,2018-08-27,56,6,333,0.0659
6d803cb79cc31c41c4c789a75933b3c7,sao joaquim da barra,SP,58,56,66,8711.40,1213.67,9925.07,150.20,1.14,58,4,6.90,13.14,1.66,12.00,0,0.00,58,4.25,5,8.62,26,44.83,2017-07-25,2018-06-06,17,1,334,0.0659
1da3aeb70d7989d1e6d9b0e887f97c23,sao paulo,SP,261,253,324,8691.56,4175.52,12867.08,33.30,1.24,258,12,4.65,8.56,1.85,8.92,9,3.45,260,4.17,32,12.31,138,52.87,2017-03-04,2018-08-21,152,21,335,0.0657
b1a81260566c1bac3114a6d124413f27,carazinho,RS,51,49,54,8684.69,1565.51,10250.20,170.29,1.06,45,0,0.00,8.49,1.09,,0,0.00,51,4.27,7,13.73,7,13.73,2018-03-11,2018-08-17,26,4,336,0.0657
562fc2f2c2863ab7e79a9e4388a58a14,campinas,SP,255,253,265,8659.25,4224.96,12884.21,33.96,1.04,247,8,3.24,11.23,2.02,10.50,7,2.75,253,4.23,25,9.88,72,28.24,2018-01-15,2018-08-21,36,1,337,0.0655
a49928bcdf77c55c6d6e05e09a9b4ca5,sao paulo,SP,96,96,104,8646.90,1726.92,10373.82,90.07,1.08,96,21,21.88,16.77,7.10,9.24,53,55.21,96,3.03,39,40.63,47,48.96,2017-06-07,2018-05-27,3,3,338,0.0654
17306570e772e7718c92a562d33f5f1d,bariri,SP,27,27,30,8640.00,775.91,9415.91,320.00,1.11,27,2,7.41,14.37,4.30,5.50,5,18.52,27,3.78,5,18.52,12,44.44,2017-02-28,2018-04-18,20,2,339,0.0653
fffd5413c0700ac820c7069d66d98c89,amparo,SP,57,57,58,8535.00,2590.30,11125.30,149.74,1.02,56,7,12.50,13.89,2.30,5.57,3,5.26,56,3.89,12,21.43,22,38.60,2017-07-24,2018-08-26,28,3,340,0.0646
6c7d50c24b3ccd2fd83b44d8bb34e073,presidente prudente,SP,112,112,126,8445.96,2677.83,11123.79,75.41,1.13,112,2,1.79,12.18,2.58,6.00,0,0.00,111,4.45,7,6.31,43,38.39,2017-07-09,2018-08-17,12,2,341,0.0639
259f7b5e6e482c230e5bfaa670b6bb8f,poa,SP,136,136,162,8393.14,2694.28,11087.42,61.71,1.19,132,2,1.52,8.81,1.80,10.00,1,0.74,135,4.36,13,9.63,69,50.74,2017-03-23,2018-08-27,24,2,342,0.0635
054694fa03fe82cec4b7551487331d74,itajobi,SP,20,20,21,8286.10,660.24,8946.34,414.31,1.05,20,6,30.00,30.90,10.45,35.00,12,60.00,20,3.40,6,30.00,6,30.00,2017-01-07,2018-04-09,14,4,343,0.0627
db2956745b3a8e9f3785c99f34b5d25e,sao sebastiao,SP,45,45,46,8261.00,947.26,9208.26,183.58,1.02,44,4,9.09,14.41,7.43,6.75,22,48.89,45,3.84,9,20.00,15,33.33,2018-04-14,2018-08-10,6,1,344,0.0625
b92e3c8f9738272ff7c59e111e108d7c,uba,MG,62,62,70,8231.09,2414.21,10645.30,132.76,1.13,61,2,3.28,16.67,5.61,8.50,6,9.68,62,4.16,11,17.74,12,19.35,2017-01-17,2018-08-07,36,5,345,0.0623
cbd996ad3c1b7dc71fd0e5f5df9087e2,sao jose do rio preto,SP,160,160,189,8217.50,2771.94,10989.44,51.36,1.18,160,13,8.13,12.82,1.94,14.54,5,3.13,157,4.21,18,11.46,81,50.63,2017-02-19,2018-08-27,13,3,346,0.0622
397c4d0c005b6f41f90098ac724e28cb,santo andre,SP,5,5,5,8177.00,445.37,8622.37,1635.40,1.00,5,2,40.00,16.20,5.00,1.00,0,0.00,5,4.40,0,0.00,1,20.00,2018-04-09,2018-08-04,4,4,347,0.0618
4371b634e0efc0e22b09b52907d9d469,sao paulo,SP,101,100,111,8168.00,1477.01,9645.01,80.87,1.10,99,7,7.07,11.18,1.70,7.00,3,2.97,100,4.48,7,7.00,43,42.57,2017-06-16,2018-08-13,39,4,348,0.0618
67883baaae6134ee81b271a542613728,sao paulo,SP,19,19,19,8167.90,328.12,8496.02,429.89,1.00,18,1,5.56,5.83,1.17,6.00,0,0.00,19,4.11,2,10.53,9,47.37,2018-07-17,2018-08-22,16,2,349,0.0618
86bb7c4b535e49a541baf3266b1c95b1,franca,SP,16,16,16,8162.40,324.82,8487.22,510.15,1.00,16,3,18.75,20.06,4.44,30.33,3,18.75,15,3.20,6,40.00,3,18.75,2016-10-04,2018-02-05,5,1,350,0.0617
fdb9095204a334cd8872252ffec6f2db,sao paulo,SP,46,46,61,8156.00,1133.37,9289.37,177.30,1.33,46,3,6.52,8.65,1.48,16.00,0,0.00,46,4.18,6,13.04,21,45.65,2017-06-27,2018-05-28,14,1,351,0.0617
52d76513f0c4d97f3b99570e2c94ee31,novo hamburgo,RS,19,19,28,8153.10,889.26,9042.36,429.11,1.47,17,1,5.88,10.59,1.71,3.00,0,0.00,18,4.06,3,16.67,2,10.53,2017-07-14,2018-08-16,15,8,352,0.0617
33a17d60c64393351ebf1ef860f4e0f2,porto alegre,RS,43,43,47,8152.48,1279.38,9431.86,189.59,1.09,42,1,2.38,10.55,3.40,18.00,1,2.33,43,4.63,1,2.33,16,37.21,2017-07-08,2018-08-14,11,1,353,0.0617
93dc87703c046b603023e75222018b45,belo horizonte,MG,33,33,34,8149.35,648.99,8798.34,246.95,1.03,33,3,9.09,20.00,8.76,47.33,8,24.24,31,4.13,3,9.68,10,30.30,2017-11-08,2018-07-28,25,3,354,0.0616
784ba75dd9d20200c4caed3d7a77141a,sao paulo,SP,19,19,22,8142.33,600.02,8742.35,428.54,1.16,19,2,10.53,13.58,8.00,5.00,8,42.11,19,4.13,3,15.79,9,47.37,2017-03-29,2017-12-21,11,4,355,0.0616
4bfc7a4a1cf8d4d2121c27422d9e50b5,sao paulo,SP,26,26,40,8124.40,1067.19,9191.59,312.48,1.54,25,1,4.00,8.08,3.16,8.00,4,15.38,26,4.54,2,7.69,15,57.69,2018-03-25,2018-08-22,7,1,356,0.0614
8fb791022c1fc8909664f48ab7dc636d,sao paulo,SP,5,5,5,8119.95,363.40,8483.35,1623.99,1.00,4,0,0.00,4.75,0.75,,0,0.00,5,4.20,1,20.00,2,40.00,2018-07-04,2018-07-22,4,1,357,0.0614
7d456afc660226829370f3173d14520c,mogi das cruzes,SP,55,54,89,8118.25,1461.28,9579.53,147.60,1.62,53,2,3.77,8.40,2.00,21.00,1,1.82,55,4.35,5,9.09,24,43.64,2016-10-06,2018-08-21,22,5,358,0.0614
6c177e38df6d3f34182b1f1d427231bf,curitiba,PR,53,53,54,8112.89,1002.16,9115.05,153.07,1.02,53,1,1.89,14.38,6.43,1.00,18,33.96,53,4.15,7,13.21,4,7.55,2017-02-06,2018-08-21,20,6,359,0.0614
6bd69102ab48df500790a8cecfc285c2,sao paulo,SP,5,5,5,8070.00,289.02,8359.02,1614.00,1.00,5,1,20.00,16.40,7.80,23.00,2,40.00,5,3.00,3,60.00,3,60.00,2017-06-26,2018-05-10,3,1,360,0.0610
fcb5ace8bcc92f75707dc0f01a27d269,guarulhos,SP,59,58,70,8009.35,905.49,8914.84,135.75,1.19,57,2,3.51,10.74,4.19,18.00,7,11.86,58,3.98,8,13.79,39,66.10,2017-11-23,2018-08-09,41,11,361,0.0606
b1fc4f64df5a0e8b6913ab38803c57a9,sao goncalo,RJ,107,107,121,7994.74,2146.25,10140.99,74.72,1.13,107,13,12.15,15.81,4.88,4.38,41,38.32,105,3.86,22,20.95,20,18.69,2017-05-09,2018-08-10,5,1,362,0.0605
903037660cf848a717166eb7a06d616e,sao paulo,SP,44,44,59,7935.18,1083.99,9019.17,180.35,1.34,42,5,11.90,12.14,3.24,17.20,4,9.09,44,3.95,8,18.18,24,54.55,2017-01-23,2018-08-13,35,4,363,0.0600
5656537e588803a555b8eb41f07a944b,brasilia,DF,171,170,185,7931.26,3324.29,11255.55,46.38,1.08,167,10,5.99,11.13,1.94,9.60,8,4.68,171,3.89,32,18.71,17,9.94,2017-05-19,2018-08-23,72,11,364,0.0600
3078096983cf766a32a06257648502d1,scao jose do rio pardo,SP,56,56,61,7910.84,1370.25,9281.09,141.27,1.09,56,2,3.57,11.88,1.71,5.50,1,1.79,56,4.30,6,10.71,26,46.43,2017-05-19,2018-05-09,37,10,365,0.0598
972d0f9cf61b499a4812cf0bfa3ad3c4,brusque,SC,81,80,86,7910.42,2100.73,10011.15,97.66,1.06,81,9,11.11,18.12,4.98,8.78,27,33.33,79,3.03,33,41.77,4,4.94,2017-10-22,2018-08-22,15,1,366,0.0598
750303a20e9c56b2a6bc45cdce0b897d,goiania,GO,53,53,56,7876.00,1288.82,9164.82,148.60,1.06,53,2,3.77,14.02,1.51,29.50,1,1.89,53,4.30,5,9.43,3,5.66,2017-09-06,2018-08-24,37,7,367,0.0596
bbf9ad41dca6603e614efcdad7aab8c4,fortaleza,CE,14,14,14,7846.00,776.26,8622.26,560.43,1.00,14,0,0.00,13.93,1.57,,0,0.00,14,4.50,1,7.14,0,0.00,2017-02-05,2018-06-23,4,1,368,0.0593
725c32fa80c2faacc4fc88450d27314e,sao paulo,SP,89,88,93,7838.88,1327.78,9166.66,88.08,1.04,87,1,1.15,9.49,1.28,21.00,0,0.00,87,4.52,2,2.30,44,49.44,2017-01-17,2018-08-12,36,2,369,0.0593
8476243f92442881ddd5b578975cf115,campo bom,RS,12,12,12,7838.00,275.03,8113.03,653.17,1.00,12,1,8.33,17.25,5.25,8.00,1,8.33,12,4.08,2,16.67,3,25.00,2018-03-14,2018-08-14,4,3,370,0.0593
2dee2ce60de9709b1a24083217181a1f,sinop,MT,54,54,55,7784.50,2060.06,9844.56,144.16,1.02,54,1,1.85,14.07,2.06,4.00,0,0.00,54,4.43,3,5.56,0,0.00,2017-07-18,2018-06-28,8,1,371,0.0589
b18dc380845b24038cfc48006478f099,diadema,SP,43,43,48,7753.96,796.87,8550.83,180.32,1.12,43,5,11.63,12.77,2.95,7.80,2,4.65,42,4.21,4,9.52,19,44.19,2017-10-06,2018-08-03,12,2,372,0.0586
7bac63f6603d382cc8d0832eb6c100a8,sao paulo,SP,19,19,19,7751.95,362.65,8114.60,408.00,1.00,19,2,10.53,15.74,2.63,22.50,1,5.26,19,4.00,2,10.53,10,52.63,2017-11-04,2018-08-03,11,4,373,0.0586
5b925e1d006e9476d738aa200751b73b,sao paulo,SP,63,58,63,7748.50,1053.34,8801.84,122.99,1.00,62,4,6.45,10.84,1.98,15.00,0,0.00,63,4.60,3,4.76,23,36.51,2017-10-06,2018-08-20,8,1,374,0.0586
6fd52c528dcb38be2eea044946b811f8,sao paulo,SP,67,67,84,7743.02,1138.56,8881.58,115.57,1.25,67,9,13.43,21.48,14.13,5.22,19,28.36,66,3.39,24,36.36,32,47.76,2017-08-18,2018-08-11,48,1,375,0.0586
257e61d3251fb5efb9daadddbc2cf7ca,apucarana,PR,12,12,12,7729.00,1077.18,8806.18,644.08,1.00,12,0,0.00,8.08,1.67,,0,0.00,12,4.75,0,0.00,1,8.33,2018-04-06,2018-08-15,12,2,376,0.0585
ebd2d60905fb58271facef5596b620d3,lencois paulista,SP,82,82,85,7713.02,1637.38,9350.40,94.06,1.04,81,3,3.70,12.98,1.63,55.00,4,4.88,82,4.23,8,9.76,30,36.59,2017-02-13,2018-08-17,39,1,377,0.0583
3bb548e3cb7f70f28e3f11ee9dce0e59,maringa,PR,46,46,53,7690.02,896.79,8586.81,167.17,1.15,40,0,0.00,11.20,3.23,,4,8.70,46,4.20,6,13.04,3,6.52,2017-03-05,2018-08-09,22,1,378,0.0582
2089a6d640999f9b9141ac719b2af596,sao carlos,SP,41,39,41,7676.02,640.61,8316.63,187.22,1.00,40,5,12.50,19.83,9.35,12.40,10,24.39,41,3.93,10,24.39,16,39.02,2017-04-17,2018-06-24,22,3,379,0.0581
08633c14ef2db992c11f840f04fad4cd,ribeirao pires,SP,74,72,97,7644.30,1424.52,9068.82,103.30,1.31,71,4,5.63,10.15,1.58,8.00,0,0.00,74,4.36,5,6.76,33,44.59,2017-12-13,2018-08-24,16,5,380,0.0578
73a63f72308aa20a46f4b1632018f196,curitiba,PR,27,26,35,7640.80,997.30,8638.10,282.99,1.30,26,0,0.00,11.77,3.12,,6,22.22,26,4.19,2,7.69,2,7.41,2017-03-18,2018-08-01,15,3,381,0.0578
4e17c65a516f69d023a2ae78b84f28d6,suzano,SP,61,61,74,7639.26,1155.54,8794.80,125.23,1.21,60,3,5.00,13.47,5.65,10.67,8,13.11,61,4.23,11,18.03,26,42.62,2017-03-13,2018-08-26,47,5,382,0.0578
52f976b17ea7f2f087f56dcc419328f6,california,PR,6,6,6,7630.00,862.65,8492.65,1271.67,1.00,6,0,0.00,10.33,2.67,,0,0.00,6,3.67,2,33.33,2,33.33,2017-10-05,2018-07-23,5,1,383,0.0577
9596c870880d900012f2e8e6e30d06d7,varginha,MG,21,21,23,7625.35,1746.36,9371.71,363.11,1.10,21,1,4.76,13.67,2.48,9.00,1,4.76,21,4.29,1,4.76,2,9.52,2017-04-20,2018-08-06,11,4,384,0.0577
0432ead42b6c8a0bdf68154add917fdf,maua,SP,82,82,87,7574.40,1180.00,8754.40,92.37,1.06,82,2,2.44,8.76,1.50,9.00,1,1.22,82,4.54,6,7.32,36,43.90,2017-04-02,2018-07-27,53,3,385,0.0573
42bde9fef835393bb8a8849cb6b7f245,brasilia,DF,34,33,39,7574.00,767.37,8341.37,222.76,1.15,34,1,2.94,10.21,2.18,7.00,1,2.94,34,4.35,2,5.88,1,2.94,2017-07-06,2018-08-19,15,3,386,0.0573
8a432f4e5b471f8da497d7dc517666e2,presidente prudente,SP,95,95,106,7555.00,1965.11,9520.11,79.53,1.12,82,1,1.22,7.74,1.41,10.00,1,1.05,94,4.19,12,12.77,52,54.74,2018-04-05,2018-08-28,48,3,387,0.0571
e5a3438891c0bfdb9394643f95273d8e,limeira,SP,216,209,247,7549.96,3280.74,10830.70,34.95,1.14,216,34,15.74,15.63,3.91,12.24,38,17.59,215,4.00,37,17.21,95,43.98,2017-05-19,2018-04-11,179,2,388,0.0571
058fd0aa2bfdb2274e05e1ae971dabb6,santo andre,SP,60,59,63,7549.90,878.88,8428.78,125.83,1.05,59,4,6.78,10.19,1.85,12.25,0,0.00,60,4.38,6,10.00,29,48.33,2017-08-03,2018-06-07,11,2,389,0.0571
7008613ea464bad5cb9b83456e1e6a8f,canoinhas,SC,123,123,152,7538.70,2949.34,10488.04,61.29,1.24,123,6,4.88,14.46,2.98,8.00,4,3.25,122,4.28,9,7.38,10,8.13,2016-10-09,2018-08-21,19,1,390,0.0570
640e21a7d01df7614a3b4923e990d40c,ibitinga,SP,115,114,136,7528.89,2431.66,9960.55,65.47,1.18,103,5,4.85,10.31,1.72,25.60,4,3.48,115,4.33,9,7.83,57,49.57,2018-03-17,2018-08-25,12,1,391,0.0569
c26a2be5b53b7db6b276280da212a779,nova friburgo,RJ,13,13,18,7482.00,806.85,8288.85,575.54,1.38,13,0,0.00,14.00,4.69,,2,15.38,13,3.38,5,38.46,3,23.08,2017-08-08,2018-08-03,4,1,392,0.0566
062ce95fa2ad4dfaedfc79260130565f,lajeado,RS,54,54,59,7479.10,1184.33,8663.43,138.50,1.09,54,2,3.70,13.56,5.87,14.00,11,20.37,54,4.09,5,9.26,8,14.81,2017-01-26,2017-09-10,14,5,393,0.0566
bd0389da23d89b726abf911cccc54596,brasilia,DF,87,87,90,7472.16,1656.31,9128.47,85.89,1.03,85,6,7.06,13.72,1.61,20.33,0,0.00,87,4.17,10,11.49,5,5.75,2017-03-13,2018-08-14,57,5,394,0.0565
a420f60ff1aa9acc80d0e42959f2b313,sao paulo,SP,67,67,69,7443.30,1099.97,8543.27,111.09,1.03,65,5,7.69,11.66,1.48,14.80,0,0.00,65,3.95,10,15.38,27,40.30,2017-08-16,2018-08-13,23,9,395,0.0563
7a241947449cc45dbfda4f9d0798d9d0,jacutinga,MG,56,56,66,7434.66,1874.98,9309.64,132.76,1.18,55,4,7.27,13.27,4.36,5.25,13,23.21,55,4.15,6,10.91,6,10.71,2017-03-10,2018-08-05,15,3,396,0.0562
0bae85eb84b9fb3bd773911e89288d54,itajai,SP,136,134,145,7433.56,2907.00,10340.56,54.66,1.07,134,1,0.75,10.22,1.23,4.00,0,0.00,136,4.29,9,6.62,69,50.74,2017-05-02,2018-08-21,45,13,397,0.0562
18a349e75d307f4b4cc646a691ed4216,sao paulo,SP,109,108,128,7425.21,1890.66,9315.87,68.12,1.17,108,6,5.56,11.11,3.81,11.83,5,4.59,108,3.60,29,26.85,46,42.20,2017-08-21,2018-08-26,40,17,398,0.0562
512d298ac2a96d1931b6bd30aa21f61d,rio de janeiro,RJ,11,11,12,7401.94,321.93,7723.87,672.90,1.09,11,0,0.00,10.55,2.45,,0,0.00,11,4.27,2,18.18,3,27.27,2018-01-17,2018-08-17,8,3,399,0.0560
e0a366315b1b726b6c7832d664c0f530,sao paulo,SP,43,42,51,7400.09,745.08,8145.17,172.10,1.19,42,1,2.38,8.02,1.67,7.00,0,0.00,43,4.30,6,13.95,23,53.49,2017-06-10,2018-08-16,21,4,400,0.0560
d51e0a403fe2e689ece6c73359d96e12,pompeia,SP,18,18,25,7380.00,647.57,8027.57,410.00,1.39,18,2,11.11,13.89,2.72,3.50,0,0.00,18,4.22,1,5.56,5,27.78,2017-08-21,2018-07-25,5,1,401,0.0558
f25e239052084705e17a982bc600ab2a,sao paulo,SP,8,8,8,7380.00,405.48,7785.48,922.50,1.00,8,0,0.00,12.38,3.63,,1,12.50,8,4.25,1,12.50,2,25.00,2017-03-18,2018-08-15,8,4,401,0.0558
b410bdd36d5db7a65dcd42b7ead933b8,goiania,GO,42,42,42,7368.90,950.81,8319.71,175.45,1.00,40,0,0.00,9.13,1.65,,1,2.38,42,4.81,0,0.00,5,11.90,2018-01-24,2018-08-21,2,1,402,0.0557
381c83fdca332ea6afd896da20bf6e4a,curitiba,PR,46,46,46,7355.80,999.21,8355.01,159.91,1.00,46,1,2.17,12.59,2.50,5.00,0,0.00,46,4.39,4,8.70,2,4.35,2017-08-17,2018-08-14,37,2,403,0.0556
a2e874074c877c5a05abae80ad6e488f,sao jose do rio preto,SP,40,40,42,7355.00,1105.34,8460.34,183.88,1.05,40,2,5.00,19.20,10.80,7.00,6,15.00,40,4.25,3,7.50,26,65.00,2017-03-21,2018-08-26,18,3,404,0.0556
961dff0a659b4561334372337dd897d9,rio de janeiro,RJ,3,3,3,7297.00,92.74,7389.74,2432.33,1.00,3,0,0.00,20.67,18.00,,2,66.67,3,4.67,0,0.00,0,0.00,2017-04-01,2017-06-05,3,1,405,0.0552
b347677812ea483b0f528eaf8cbc09b7,curitiba,PR,21,21,21,7288.99,762.35,8051.34,347.09,1.00,21,0,0.00,13.14,2.81,,1,4.76,21,4.52,1,4.76,2,9.52,2017-11-24,2018-06-22,11,2,406,0.0551
4aba391bc3b88717ce08eb11e44937b2,arraial d'ajuda (porto seguro),BA,27,27,28,7286.88,760.56,8047.44,269.88,1.04,27,4,14.81,16.81,2.63,15.00,2,7.41,27,4.00,5,18.52,4,14.81,2017-02-02,2018-08-04,25,2,407,0.0551
aced59e9b31ef866a94f9e7f29d8d418,sao paulo,SP,61,60,67,7268.50,1047.30,8315.80,119.16,1.10,61,2,3.28,9.64,2.38,9.00,2,3.28,61,4.43,4,6.56,34,55.74,2017-02-13,2018-08-26,19,3,408,0.0550
e333046ce6517bd8bb510291d44f0130,ipaussu,SP,68,68,74,7268.00,1431.32,8699.32,106.88,1.09,67,3,4.48,10.16,2.18,8.33,1,1.47,68,4.34,6,8.82,29,42.65,2017-07-13,2018-08-24,47,6,409,0.0550
0873d9f8f36123f8d910f4760e788cfb,barueri,SP,6,6,6,7265.59,161.06,7426.65,1210.93,1.00,6,2,33.33,13.17,5.67,4.00,1,16.67,6,3.17,2,33.33,3,50.00,2018-05-07,2018-08-14,6,2,410,0.0550
8648b1e89e9b349e32d3741b30ec737e,jacarei,SP,93,91,100,7228.75,1420.27,8649.02,77.73,1.08,92,9,9.78,9.01,1.29,6.11,2,2.15,93,4.16,13,13.98,56,60.22,2017-09-28,2018-08-26,54,4,411,0.0547
6a51fc556dab5f766ced6fbc860bc613,marilia,SP,24,24,31,7217.87,747.14,7965.01,300.74,1.29,24,2,8.33,14.00,5.58,9.50,6,25.00,24,4.00,4,16.67,9,37.50,2017-04-08,2018-08-21,18,5,412,0.0546
cee48807215b30a12ca2ca10ffb5f250,guaruja,SP,39,39,40,7212.23,913.29,8125.52,184.93,1.03,39,5,12.82,23.56,11.92,8.20,10,25.64,39,3.77,9,23.08,9,23.08,2017-08-04,2018-08-21,27,2,413,0.0545
d624126b9206f595fb3fbb6ba03b28a8,curitiba,PR,23,23,28,7198.80,569.70,7768.50,312.99,1.22,21,1,4.76,12.00,2.76,12.00,2,8.70,22,4.32,0,0.00,0,0.00,2017-05-14,2018-08-16,13,2,414,0.0544
ade45994b717ccee333492330fbf037b,umuarama,PR,10,10,10,7196.00,283.63,7479.63,719.60,1.00,10,0,0.00,8.30,1.40,,0,0.00,10,4.50,0,0.00,0,0.00,2018-06-09,2018-08-15,6,1,415,0.0544
dbb9b48c841a0e39e21f98e1a6b2ec3e,sao paulo,SP,108,108,118,7186.85,1581.41,8768.26,66.54,1.09,107,4,3.74,9.84,2.37,11.25,6,5.56,108,4.27,12,11.11,57,52.78,2017-01-11,2018-06-26,55,10,416,0.0544
cc63f0dd2acba93ffed4fe9f8e0321fa,sao jose do rio preto,SP,55,54,63,7096.71,1399.97,8496.68,129.03,1.15,55,0,0.00,8.91,2.22,,3,5.45,55,4.09,5,9.09,21,38.18,2018-05-10,2018-08-24,17,2,417,0.0537
febab0275244b9a49a623f0bd613ca2f,pedreira,SP,106,105,126,7094.82,2906.49,10001.31,66.93,1.19,104,4,3.85,8.67,1.81,3.75,2,1.89,106,4.44,8,7.55,59,55.66,2017-02-15,2018-08-17,45,3,418,0.0537
54065e9aef7e9e9c2dc23b7594db021a,rio de janeiro,RJ,12,12,12,7079.00,242.78,7321.78,589.92,1.00,12,0,0.00,12.42,3.00,,0,0.00,12,4.33,1,8.33,2,16.67,2017-03-03,2017-07-17,10,5,419,0.0535
87e24fc7052259b1f7f607d61c10d8be,sao paulo,SP,7,7,7,7073.59,214.66,7288.25,1010.51,1.00,7,1,14.29,15.14,8.29,8.00,5,71.43,7,3.86,1,14.29,3,42.86,2018-05-15,2018-08-14,6,3,420,0.0535
d13e50eaa47b4cbe9eb81465865d8cfc,santo andre,SP,66,66,68,7073.05,834.50,7907.55,107.17,1.03,64,6,9.38,5.05,1.58,2.00,9,13.64,66,4.82,2,3.03,46,69.70,2018-08-04,2018-08-28,7,2,421,0.0535
014c0679dd340a0e338872e7ec85666a,timoteo,MG,14,14,15,7058.00,628.31,7686.31,504.14,1.07,14,2,14.29,19.79,5.64,6.50,6,42.86,14,3.86,2,14.29,1,7.14,2017-01-26,2018-07-04,10,3,422,0.0534
7722b1df1b0e383e000397b2c11e3e19,sao bernardo do campo,SP,133,132,144,7046.60,2059.48,9106.08,52.98,1.08,131,4,3.05,8.37,2.12,4.00,3,2.26,132,4.23,15,11.36,78,58.65,2017-01-19,2018-08-27,76,9,423,0.0533
f1fd5ab1181f827ffad998c1a5de7d74,curitiba,PR,15,15,15,7045.99,831.97,7877.96,469.73,1.00,14,0,0.00,9.64,1.86,,1,6.67,15,4.67,0,0.00,3,20.00,2017-11-16,2018-08-09,11,2,424,0.0533
dd55f1bb788714a40e7954c3be6df745,sao paulo,SP,35,35,37,7041.76,659.42,7701.18,201.19,1.06,35,6,17.14,18.29,3.77,13.33,3,8.57,35,3.74,7,20.00,4,11.43,2017-11-10,2018-07-16,10,7,425,0.0533
679769a98cfcc6da877c8486ff1c13f3,ipatinga,MG,21,21,21,7029.00,438.39,7467.39,334.71,1.00,20,0,0.00,9.85,1.70,,0,0.00,21,4.57,1,4.76,0,0.00,2017-03-01,2018-08-27,2,1,426,0.0532
6fa9202c10491e472dffd59a3e82b2a3,sorocaba,SP,3,3,3,7014.24,925.01,7939.25,2338.08,1.00,3,0,0.00,8.67,1.67,,0,0.00,3,4.33,0,0.00,1,33.33,2018-07-30,2018-08-13,1,1,427,0.0531
b8630e1121437d41cb08e3c749c2c2e2,duque de caxias,RJ,12,12,12,6988.00,346.10,7334.10,582.33,1.00,12,1,8.33,10.92,3.00,1.00,2,16.67,12,4.33,2,16.67,4,33.33,2017-11-25,2018-08-06,6,2,428,0.0529
d98eec89afa3380e14463da2aabaea72,porto alegre,RS,168,165,183,6968.53,3256.78,10225.31,41.48,1.09,166,4,2.41,8.55,2.57,18.00,9,5.36,167,4.34,13,7.78,24,14.29,2017-01-18,2018-08-27,26,4,429,0.0527
30829ded4523ab9224b93bc49a62c95f,parai,RS,18,18,31,6911.71,638.00,7549.71,383.98,1.72,18,1,5.56,12.06,4.28,7.00,6,33.33,18,3.78,4,22.22,4,22.22,2018-01-10,2018-08-23,13,1,430,0.0523
d9bd94811c3338dceb4181f3dbc0c73e,sao paulo,SP,54,54,61,6911.02,771.09,7682.11,127.98,1.13,50,3,6.00,8.44,1.86,20.00,1,1.85,54,4.80,2,3.70,36,66.67,2018-05-01,2018-08-21,20,5,431,0.0523
36a968b544695394e4e9d7572688598f,santos,SP,148,148,156,6864.47,2053.23,8917.70,46.38,1.05,145,5,3.45,10.78,4.09,4.20,30,20.27,148,3.75,31,20.95,80,54.05,2017-02-22,2018-08-27,39,10,432,0.0519
b3b17aab11f273023a5f22ca52e1eb70,londrina,PR,7,7,13,6850.00,475.35,7325.35,978.57,1.86,7,1,14.29,16.43,1.86,16.00,0,0.00,7,4.86,0,0.00,0,0.00,2018-01-25,2018-06-09,7,1,433,0.0518
58f1a6197ed863543e0136bdedb3fce2,conselheiro lafaiete,MG,44,44,45,6833.00,1070.69,7903.69,155.30,1.02,41,1,2.44,10.37,3.56,12.00,2,4.55,44,4.18,6,13.64,11,25.00,2018-05-10,2018-08-18,11,3,434,0.0517
5b67882648febfb6e1225e6ad7164f6b,umuarama,PR,27,27,30,6813.48,618.94,7432.42,252.35,1.11,26,1,3.85,12.69,1.81,9.00,0,0.00,27,4.00,4,14.81,1,3.70,2017-07-09,2018-08-10,24,2,435,0.0515
33dd941c27854f7625b968cc6195a552,vila velha,ES,5,5,5,6787.50,380.91,7168.41,1357.50,1.00,5,0,0.00,11.40,2.00,,0,0.00,5,4.40,1,20.00,0,0.00,2018-05-27,2018-08-03,1,1,436,0.0513
40d54b51e962dbe09cabbcfd33298dee,santo andre,SP,30,30,31,6785.56,537.69,7323.25,226.19,1.03,28,0,0.00,7.50,2.43,,2,6.67,30,4.00,6,20.00,21,70.00,2017-07-08,2018-08-25,13,3,437,0.0513
ff1fb4c404b2efe68b03350a8dc24122,mogi das cruzes,SP,46,45,49,6771.00,895.95,7666.95,147.20,1.07,44,6,13.64,10.00,2.93,3.33,8,17.39,46,4.00,8,17.39,23,50.00,2018-01-20,2018-08-21,21,6,438,0.0512
54219883e72aad869adfb2a54b7bfa0f,sorocaba,SP,5,5,5,6750.00,829.55,7579.55,1350.00,1.00,5,0,0.00,17.00,8.60,,4,80.00,5,3.20,2,40.00,1,20.00,2017-11-03,2018-07-10,3,2,439,0.0511
e3b4998c7a498169dc7bce44e6bb6277,sao paulo,SP,1,1,1,6735.00,194.31,6929.31,6735.00,1.00,1,0,0.00,19.00,4.00,,0,0.00,1,5.00,0,0.00,0,0.00,2017-02-12,2017-02-12,1,1,440,0.0509
3340ef1913fb70d28420f6ceb685c339,maringa,PR,32,31,42,6731.15,750.40,7481.55,210.35,1.31,32,1,3.13,16.72,2.19,132.00,3,9.38,32,4.38,2,6.25,1,3.13,2017-01-18,2017-11-23,15,1,441,0.0509
455c5640e8c5bd1b2ee85c0158f85727,luiz alves,SC,8,8,8,6729.50,457.39,7186.89,841.19,1.00,6,0,0.00,17.33,2.33,,0,0.00,8,4.50,0,0.00,1,12.50,2018-02-15,2018-05-14,7,4,442,0.0509
80ceebb4ee9b31afb6c6a916a574a1e2,londrina,PR,1,1,1,6729.00,193.21,6922.21,6729.00,1.00,1,1,100.00,21.00,9.00,5.00,1,100.00,0,,0,,0,0.00,2018-07-25,2018-07-25,1,1,443,0.0509
abe021b01ba992245271b9aa422032df,curitiba,PR,2,2,2,6720.00,117.24,6837.24,3360.00,1.00,2,0,0.00,18.00,11.50,,0,0.00,2,3.50,1,50.00,0,0.00,2017-02-04,2017-05-09,2,1,444,0.0508
31ae0774c17fabd06ff707cc5bde005f,americana,SP,11,11,11,6719.85,850.82,7570.67,610.90,1.00,11,1,9.09,11.64,2.00,9.00,0,0.00,11,4.00,2,18.18,3,27.27,2017-05-08,2018-08-25,9,3,445,0.0508
ececbfcff9804a2d6b40f589df8eef2b,franca,SP,97,96,103,6714.15,1834.31,8548.46,69.22,1.06,95,9,9.47,13.16,1.72,9.00,1,1.03,97,4.11,13,13.40,39,40.21,2017-06-26,2018-08-15,61,3,446,0.0508
fa1a9dec3a9940c072684a46728bf1fc,icara,SC,55,55,60,6674.00,1201.71,7875.71,121.35,1.09,55,0,0.00,14.33,5.20,,20,36.36,54,4.11,7,12.96,3,5.45,2016-10-06,2018-08-22,35,1,447,0.0505
1127b7f2594683f2510f1c2c834a486b,campinas,SP,110,110,128,6669.70,1768.70,8438.40,60.63,1.16,110,2,1.82,9.27,2.45,5.00,3,2.73,110,4.19,16,14.55,51,46.36,2017-02-24,2018-08-22,73,4,448,0.0504
33c51922b6e3c16b24a8f28e5833c99d,londrina,PR,18,18,20,6657.87,368.01,7025.88,369.88,1.11,18,1,5.56,14.56,6.83,1.00,7,38.89,17,4.24,2,11.76,2,11.11,2017-12-02,2018-08-01,11,4,449,0.0504
b4ffb71f0cb1b1c3d63fad021ecf93e1,sao paulo,SP,143,141,164,6635.69,2501.75,9137.44,46.40,1.15,141,3,2.13,10.09,1.78,8.33,2,1.40,143,4.25,14,9.79,53,37.06,2017-02-01,2018-08-18,97,1,450,0.0502
5670f4db5b62c43d542e1b2d56b0cf7c,sao paulo,SP,22,22,22,6630.09,582.56,7212.65,301.37,1.00,20,1,5.00,9.05,2.65,2.00,4,18.18,22,4.41,2,9.09,9,40.91,2018-04-23,2018-08-17,14,1,451,0.0501
63b464dbf392c7b80d12d932fa7cafed,sao paulo,SP,36,36,38,6622.00,860.84,7482.84,183.94,1.06,36,2,5.56,13.03,5.56,15.00,3,8.33,36,3.86,6,16.67,22,61.11,2017-02-01,2018-01-28,17,1,452,0.0501
609e1a9a6c2539919b8205cf7c4e6ff0,brusque,SC,87,87,130,6595.23,2687.19,9282.42,75.81,1.49,82,1,1.22,10.28,2.38,19.00,8,9.20,85,3.81,18,21.18,4,4.60,2018-01-27,2018-08-24,69,3,453,0.0499
83e197e95a1bbabc8c75e883ed016c47,mage,RJ,46,46,54,6574.19,961.33,7535.52,142.92,1.17,46,1,2.17,10.48,2.09,12.00,3,6.52,46,4.80,1,2.17,10,21.74,2017-01-27,2018-02-27,19,2,454,0.0497
aac29b1b99776be73c3049939652091d,uberlandia,MG,94,94,131,6563.66,2569.62,9133.28,69.83,1.39,93,8,8.60,14.76,3.04,31.25,6,6.38,93,4.17,9,9.68,15,15.96,2017-01-25,2018-08-08,14,7,455,0.0496
5d0363b33554b373851fc1622e4d5f3c,atibaia,SP,93,93,94,6548.79,2175.48,8724.27,70.42,1.01,93,8,8.60,12.37,3.96,10.88,9,9.68,93,4.08,11,11.83,54,58.06,2017-11-07,2018-08-21,54,4,456,0.0495
11305281b50fff20ae8bb473f8e11876,uba,MG,35,35,40,6528.70,1444.51,7973.21,186.53,1.14,35,4,11.43,13.57,2.46,4.25,2,5.71,35,4.31,3,8.57,6,17.14,2016-10-09,2018-08-21,18,6,457,0.0494
751bdc4d83a466c7206cd42e8f426b03,ribeirao pires,SP,51,51,68,6520.96,1020.02,7540.98,127.86,1.33,51,1,1.96,10.76,2.65,28.00,4,7.84,49,3.94,11,22.45,21,41.18,2017-05-18,2018-07-26,37,3,458,0.0493
ee27a8f15b1dded4d213a468ba4eb391,goiania,GO,1,1,1,6499.00,227.66,6726.66,6499.00,1.00,1,0,0.00,12.00,2.00,,0,0.00,1,5.00,0,0.00,0,0.00,2017-05-24,2017-05-24,1,1,459,0.0492
e5e33c0d8e7e002f398f5dc4cbbb338f,bauru,SP,26,26,27,6494.90,745.95,7240.85,249.80,1.04,26,2,7.69,12.15,2.04,14.00,2,7.69,26,4.58,1,3.85,9,34.62,2017-03-04,2018-08-08,20,1,460,0.0491
282f23a9769b2690c5dda22e316f9941,belo horizonte,MG,98,98,109,6464.28,1866.77,8331.05,65.96,1.11,96,4,4.17,11.15,3.44,9.25,6,6.12,98,4.37,4,4.08,15,15.31,2017-07-14,2018-08-23,41,6,461,0.0489
516e7738bd8f735ac19a010ee5450d8d,rio de janeiro,RJ,74,74,82,6463.19,1442.50,7905.69,87.34,1.11,69,2,2.90,8.97,1.78,4.50,0,0.00,74,4.64,2,2.70,11,14.86,2018-05-11,2018-08-24,52,2,462,0.0489
4c03b9dd4c11ee2cb35c96c49efc9420,campo limpo paulista,SP,48,48,48,6458.60,843.73,7302.33,134.55,1.00,48,1,2.08,10.46,2.08,9.00,0,0.00,47,4.11,7,14.89,22,45.83,2017-05-04,2017-10-06,5,1,463,0.0488
92eb0f42c21942b6552362b9b114707d,sao paulo,SP,334,332,358,6416.41,4845.63,11262.04,19.21,1.07,333,16,4.80,13.72,5.73,6.56,89,26.65,332,4.02,47,14.16,143,42.81,2017-02-05,2018-08-22,52,3,464,0.0485
7dc8c42cc750eeafea6c85712ffee9bf,sao paulo,SP,41,41,50,6409.68,1035.41,7445.09,156.33,1.22,40,2,5.00,9.15,3.50,6.00,6,14.63,41,4.20,5,12.20,23,56.10,2016-10-07,2018-08-28,16,8,465,0.0485
376a891762bbdecbc02b4b6adec3fdda,goiania,GO,57,57,58,6406.23,1287.40,7693.63,112.39,1.02,57,2,3.51,12.12,1.61,6.50,0,0.00,57,4.67,1,1.75,4,7.02,2017-05-20,2018-05-02,13,5,466,0.0485
34056b8b55c1775a22af2331670a799c,penapolis,SP,77,77,77,6398.70,1751.51,8150.21,83.10,1.00,77,9,11.69,12.83,1.92,5.33,5,6.49,77,4.04,11,14.29,24,31.17,2017-11-16,2018-08-23,58,1,467,0.0484
dbdd0ec73a4817971d962698f2fea022,fortaleza,CE,16,16,16,6384.00,1790.80,8174.80,399.00,1.00,15,0,0.00,11.60,1.67,,0,0.00,16,4.38,2,12.50,5,31.25,2018-04-30,2018-08-19,3,1,468,0.0483
4b5f66b7adcf57f1ecc0d3c07dd6b177,vendas@creditparts.com.br,PR,23,22,38,6381.78,734.18,7115.96,277.47,1.65,23,1,4.35,14.13,5.00,20.00,6,26.09,22,4.09,3,13.64,2,8.70,2017-03-21,2018-07-25,10,1,469,0.0483
02f623a8eb246f3c5f7c2f96462654e6,botucatu,SP,44,44,44,6378.00,829.63,7207.63,144.95,1.00,42,3,7.14,8.12,1.29,11.33,0,0.00,43,4.56,2,4.65,25,56.82,2018-04-25,2018-08-22,23,2,470,0.0482
ff4ea69c2a729e83e63c7579e4ef8170,guarulhos,SP,8,8,8,6368.00,159.82,6527.82,796.00,1.00,8,0,0.00,11.63,2.00,,0,0.00,7,5.00,0,0.00,3,37.50,2017-02-28,2017-05-22,3,1,471,0.0482
57e632711dec9ec14ca7546769483e7e,navegantes,SC,62,62,65,6350.06,1207.98,7558.04,102.42,1.05,61,0,0.00,10.89,1.62,,0,0.00,62,4.42,3,4.84,4,6.45,2017-02-05,2018-08-08,20,2,472,0.0480
1da366cade6d8276e7d8beea7af5d4bf,uba,MG,42,42,48,6348.59,1688.01,8036.60,151.16,1.14,41,3,7.32,17.80,7.46,6.33,22,52.38,41,3.98,7,17.07,10,23.81,2017-02-04,2017-12-21,14,3,473,0.0480
989becdce12ebc39863c2bceab6f3ca1,curitiba,PR,15,15,15,6302.90,814.52,7117.42,420.19,1.00,15,1,6.67,13.80,3.00,1.00,4,26.67,15,4.80,0,0.00,0,0.00,2016-10-07,2018-07-26,7,3,474,0.0477
bd4889b5e9133b35b66e42a8665cea5c,sao paulo,SP,36,36,42,6271.90,984.64,7256.54,174.22,1.17,34,0,0.00,10.53,2.59,,0,0.00,35,4.40,3,8.57,13,36.11,2017-04-08,2018-07-24,16,1,475,0.0474
6b243f80ed07b10f0e8aa0f21a205f3c,curitiba,PR,79,76,89,6260.10,1547.30,7807.40,79.24,1.13,76,3,3.95,11.24,1.87,13.67,0,0.00,79,4.27,8,10.13,4,5.06,2017-07-18,2018-08-23,31,1,476,0.0473
ea67327e24487bdfac5fbfa37ea124df,ibitinga,SP,32,31,34,6250.18,930.10,7180.28,195.32,1.06,30,1,3.33,8.87,1.83,18.00,1,3.13,32,3.53,8,25.00,17,53.13,2018-01-07,2018-08-22,24,1,477,0.0473
670c26e0f1bf8d0576271d5cfaec6d2b,maringa,PR,77,75,86,6250.10,1680.37,7930.47,81.17,1.12,77,4,5.19,14.18,1.55,33.00,1,1.30,77,4.31,6,7.79,4,5.19,2017-11-04,2018-08-01,15,2,478,0.0473
2528744c5ef5d955adc318720a94d2e7,jundiai,SP,5,5,5,6245.00,263.70,6508.70,1249.00,1.00,5,0,0.00,10.00,3.60,,0,0.00,5,2.40,3,60.00,3,60.00,2017-10-28,2018-06-27,3,1,479,0.0472
eb3071b9f0b0ddaa2df5ea130f09f26b,sao paulo,SP,9,9,11,6230.00,581.42,6811.42,692.22,1.22,9,1,11.11,9.67,2.33,2.00,0,0.00,9,4.56,0,0.00,3,33.33,2017-02-15,2018-05-16,2,2,480,0.0471
dee656f0f566ed1aa85bd137c943f08f,cruzeiro,SP,92,91,94,6212.08,1670.99,7883.07,67.52,1.02,90,4,4.44,12.54,1.68,14.75,2,2.17,92,4.37,7,7.61,31,33.70,2017-10-10,2018-08-22,32,12,481,0.0470
dfc5fb7259bb2b599ca565e6e9448f0f,sao bernardo do campo,SP,33,33,34,6124.63,721.35,6845.98,185.59,1.03,33,1,3.03,13.24,4.12,15.00,4,12.12,33,4.12,3,9.09,7,21.21,2017-07-27,2018-08-06,11,2,482,0.0463
8a32e327fe2c1b3511609d81aaf9f042,sao paulo,SP,126,124,169,6101.12,2237.74,8338.86,48.42,1.34,126,4,3.17,8.87,2.28,1.25,4,3.17,125,3.94,20,16.00,63,50.00,2016-10-07,2018-02-23,50,2,483,0.0461
f12ff17ad8bbf01ec5c33b17e506649b,sao paulo,SP,28,28,28,6101.00,627.88,6728.88,217.89,1.00,28,3,10.71,13.82,2.54,10.00,1,3.57,28,3.86,4,14.29,6,21.43,2018-01-03,2018-05-22,13,1,484,0.0461
d6b664fa0667064c6d76394e7848d790,araraquara,SP,6,6,6,6080.00,324.34,6404.34,1013.33,1.00,6,0,0.00,17.50,4.50,,1,16.67,6,4.83,0,0.00,0,0.00,2017-05-04,2018-05-16,2,1,485,0.0460
bacb1f0ed56ad24198f5810d2b3fe9a5,jacarei,SP,38,38,38,6078.05,769.65,6847.70,159.95,1.00,38,1,2.63,9.76,1.66,4.00,2,5.26,37,4.32,3,8.11,12,31.58,2017-04-30,2018-01-17,20,3,486,0.0460
6f892e20a171e98efe17fdb971ff319b,sao paulo,SP,41,41,50,6049.00,857.49,6906.49,147.54,1.22,41,4,9.76,17.29,5.51,9.50,6,14.63,40,4.15,4,10.00,6,14.63,2017-07-27,2017-12-04,5,3,487,0.0458
ad781527c93d00d89a11eecd9dcad7c1,sao jose do rio preto,SP,38,38,38,6039.63,2173.49,8213.12,158.94,1.00,38,12,31.58,25.42,11.63,12.58,18,47.37,38,3.34,13,34.21,14,36.84,2017-07-17,2018-05-16,2,1,488,0.0457
2c9e548be18521d1c43cde1c582c6de8,mogi das cruzes,SP,124,123,171,6013.56,2456.53,8470.09,48.50,1.38,123,19,15.45,13.72,1.94,16.26,3,2.42,122,4.13,16,13.11,63,50.81,2017-10-06,2018-08-27,15,5,489,0.0455
ba143b05f0110f0dc71ad71b4466ce92,sao paulo,SP,83,82,84,5998.70,1310.67,7309.37,72.27,1.01,79,10,12.66,10.49,3.22,7.70,6,7.23,83,4.46,7,8.43,42,50.60,2018-04-24,2018-08-18,22,3,490,0.0454
9baf5cb77970f539089d09a38bcec5c3,indaiatuba,SP,31,31,32,5989.68,531.66,6521.34,193.22,1.03,31,0,0.00,15.13,8.35,,3,9.68,31,4.42,2,6.45,19,61.29,2017-01-21,2018-08-05,25,8,491,0.0453
f4c4daa86e30c7e5a553a8d518ac03a5,cascavel,PR,18,18,18,5984.31,340.19,6324.50,332.46,1.00,18,1,5.56,16.61,8.72,7.00,6,33.33,18,4.00,3,16.67,3,16.67,2017-03-21,2017-11-13,18,3,492,0.0453
bba74270a87732727b5a3b4fd9ac1c39,betim,MG,35,35,40,5964.60,743.74,6708.34,170.42,1.14,35,0,0.00,9.60,2.11,,1,2.86,35,4.06,5,14.29,3,8.57,2017-10-02,2018-05-31,20,6,493,0.0451
37515688008a7a40ac93e3b2e4ab203f,dracena,SP,227,227,239,5954.10,3396.65,9350.75,26.23,1.05,226,18,7.96,15.15,4.93,10.78,80,35.24,225,4.10,23,10.22,122,53.74,2017-07-10,2018-07-16,3,2,494,0.0450
26d8a1c7c75d513045798992ead43aa2,apucarana,PR,34,34,36,5937.13,653.33,6590.46,174.62,1.06,34,3,8.82,12.65,3.18,13.00,4,11.76,34,4.41,3,8.82,2,5.88,2017-08-17,2018-08-11,20,2,495,0.0449
8e6cc767478edae941d9bd9eb778d77a,araguari,MG,100,97,108,5929.35,2169.26,8098.61,59.29,1.08,100,6,6.00,16.60,6.27,11.67,37,37.00,98,4.07,15,15.31,16,16.00,2017-01-29,2018-06-13,58,2,496,0.0448
6a8b085f816a1f75f92dbac6eb545f8f,bebedouro,SP,125,124,133,5884.17,2154.05,8038.22,47.07,1.06,122,9,7.38,14.67,2.34,27.67,3,2.40,125,4.17,12,9.60,48,38.40,2017-07-29,2018-08-23,70,1,497,0.0445
0691148aee60ca47977c187804f935ae,londrina,PR,47,47,53,5868.51,1490.94,7359.45,124.86,1.13,46,1,2.17,12.00,2.61,38.00,3,6.38,47,4.18,7,14.89,3,6.38,2017-11-24,2018-08-27,37,6,498,0.0444
f84a00e60c73a49e7e851c9bdca3a5bb,rio de janeiro,RJ,88,88,97,5849.24,1931.10,7780.34,66.47,1.10,88,9,10.23,11.72,2.36,13.44,3,3.41,88,3.90,17,19.32,23,26.14,2017-02-20,2018-07-25,22,2,499,0.0442
688756f717c462a206ad854c5027a64a,guarulhos,SP,81,81,99,5837.67,1908.05,7745.72,72.07,1.22,81,3,3.70,10.72,4.56,5.67,10,12.35,80,3.89,14,17.50,32,39.51,2018-04-10,2018-08-18,40,5,500,0.0442
2fdde51ad3e12f297da656d4fbd5d0b5,joinville,SC,9,9,9,5803.00,551.92,6354.92,644.78,1.00,9,0,0.00,15.33,2.78,,0,0.00,9,4.78,0,0.00,0,0.00,2017-04-17,2017-10-16,3,2,501,0.0439
02d35243ea2e497335cd0f076b45675d,natal,RN,14,14,16,5794.00,605.95,6399.95,413.86,1.14,14,4,28.57,26.07,10.29,9.75,12,85.71,14,2.64,6,42.86,0,0.00,2017-04-29,2018-08-02,3,1,502,0.0438
0bf0150d5b9d60d9cd2906003332f085,sao paulo,SP,39,39,62,5774.60,1097.74,6872.34,148.07,1.59,38,6,15.79,14.34,5.53,14.17,11,28.21,38,3.79,8,21.05,16,41.03,2017-02-16,2018-07-14,15,2,503,0.0437
05d2173d43ea568aa0540eba70d2ca76,alfenas,MG,62,61,66,5759.66,1679.27,7438.93,92.90,1.06,62,3,4.84,14.92,2.63,24.00,0,0.00,60,4.18,7,11.67,9,14.52,2017-09-27,2018-08-12,48,3,504,0.0436
f46490624488d3ff7ce78613913a7711,guarulhos,SP,80,80,87,5690.95,1693.41,7384.36,71.14,1.09,80,9,11.25,10.21,3.66,6.67,18,22.50,80,3.76,19,23.75,40,50.00,2018-05-23,2018-08-21,34,1,505,0.0430
a63bfbaa882c8f4542891b4e2246cc7f,niteroi,RJ,6,6,6,5682.00,243.99,5925.99,947.00,1.00,6,0,0.00,11.67,2.00,,0,0.00,6,5.00,0,0.00,1,16.67,2018-06-11,2018-08-23,4,1,506,0.0430
91f848e9f4be368f4318775aac733370,sao paulo,SP,60,60,70,5668.61,1193.88,6862.49,94.48,1.17,60,1,1.67,10.02,1.87,7.00,1,1.67,58,4.40,3,5.17,30,50.00,2017-02-22,2017-08-01,10,2,507,0.0429
52ac6f920b7280e4c6d30dd94de6259b,pinhais,PR,6,6,7,5657.30,726.59,6383.89,942.88,1.17,6,0,0.00,12.83,4.17,,0,0.00,6,3.67,1,16.67,1,16.67,2017-02-28,2018-05-23,5,2,508,0.0428
9616352088dcf83a7c06637f4ebf1c80,umuarama,PR,91,91,97,5643.10,1766.70,7409.80,62.01,1.07,91,0,0.00,12.29,3.57,,4,4.40,91,4.34,7,7.69,7,7.69,2017-02-27,2018-08-22,5,1,509,0.0427
8c16d1f32a54d92897cc437244442e1b,blumenau,SC,108,108,118,5642.60,2112.07,7754.67,52.25,1.09,107,1,0.93,10.97,1.93,9.00,2,1.85,107,4.36,8,7.48,10,9.26,2016-10-05,2018-08-24,25,8,510,0.0427
e8b4225284fbb02d16f200513f1f395d,novo horizonte,SP,30,30,30,5638.62,1273.98,6912.60,187.95,1.00,29,3,10.34,10.24,1.69,5.67,1,3.33,30,4.30,1,3.33,17,56.67,2018-04-05,2018-08-19,18,1,511,0.0426
080102cd0a76b09e0dcf55fcacc60e05,belo horizonte,MG,122,121,128,5612.65,2160.83,7773.48,46.01,1.05,118,5,4.24,9.81,1.56,6.00,1,0.82,122,4.52,5,4.10,26,21.31,2017-07-23,2018-08-26,43,5,512,0.0425
d63c73efd41eb002280e7ec831424edb,piracicaba,SP,2,2,2,5598.00,168.59,5766.59,2799.00,1.00,1,0,0.00,4.00,1.00,,0,0.00,2,4.00,0,0.00,1,50.00,2017-11-20,2018-05-29,2,1,513,0.0423
b14db04aa7881970e83ffa9426897925,sorocaba,SP,78,78,105,5595.90,2104.50,7700.40,71.74,1.35,78,8,10.26,16.00,5.13,9.63,29,37.18,75,3.77,13,17.33,31,39.74,2016-10-06,2018-08-19,12,2,514,0.0423
f181738b150df1f37cb0bd72e705b193,carapicuiba,SP,36,36,37,5529.70,1103.05,6632.75,153.60,1.03,36,3,8.33,9.17,1.58,11.67,0,0.00,36,4.47,2,5.56,20,55.56,2017-05-15,2018-08-22,8,3,515,0.0418
04aa0a1c5ce6b222003403a3e11c3cc0,cosmopolis,SP,11,11,17,5518.00,821.51,6339.51,501.64,1.55,11,2,18.18,17.55,4.27,5.50,1,9.09,11,4.09,2,18.18,2,18.18,2017-03-22,2018-01-24,8,2,516,0.0417
cc3d14116804f7209f3884f6367f1152,curitiba,PR,27,27,30,5477.80,582.79,6060.59,202.88,1.11,27,0,0.00,12.78,3.00,,0,0.00,27,4.63,1,3.70,5,18.52,2017-05-03,2018-08-21,4,3,517,0.0414
94e93ce877be27a515118dbfd2c2be41,votuporanga,SP,29,28,34,5436.58,853.46,6290.04,187.47,1.17,29,0,0.00,13.72,3.31,,2,6.90,28,4.04,4,14.29,10,34.48,2017-04-16,2017-09-13,18,10,518,0.0411
575df70bde3f9f2b30bf8d2e9910d725,sao jose do rio preto,SP,27,27,34,5410.05,753.37,6163.42,200.37,1.26,27,1,3.70,13.41,6.07,5.00,7,25.93,27,4.07,4,14.81,13,48.15,2016-10-06,2018-08-14,17,4,519,0.0409
3f0e48d209018b466fcd3bb4ccfeb520,curitiba,PR,9,9,10,5399.00,255.80,5654.80,599.89,1.11,9,0,0.00,9.67,1.44,,0,0.00,9,3.89,2,22.22,0,0.00,2017-08-02,2018-01-21,3,1,520,0.0408
c4af86330efa7a2620772227d2d670c9,mogi das cruzes,SP,4,4,4,5396.00,364.96,5760.96,1349.00,1.00,4,0,0.00,15.25,2.75,,0,0.00,3,4.33,0,0.00,0,0.00,2018-01-02,2018-06-15,1,1,521,0.0408
e2aee0892199b1d92530e371abd825bf,rolandia,PR,36,36,39,5392.77,2516.11,7908.88,149.80,1.08,36,5,13.89,15.36,3.31,6.40,4,11.11,36,3.89,8,22.22,3,8.33,2017-01-12,2018-07-31,13,4,522,0.0408
3ade81dab5a172b88e1871c28ae05260,sao jose do rio preto,SP,28,28,30,5383.60,1437.99,6821.59,192.27,1.07,28,3,10.71,14.11,3.75,11.00,1,3.57,27,4.19,4,14.81,16,57.14,2017-10-06,2018-08-25,10,2,523,0.0407
23c38debaffe4a25a30fdbd9b586a13f,votorantim,SP,41,41,46,5382.18,834.38,6216.56,131.27,1.12,41,5,12.20,11.46,2.98,4.80,2,4.88,41,4.32,1,2.44,21,51.22,2018-04-02,2018-08-07,12,6,524,0.0407
83deb69e889cf80f82be1dc6d5f2d486,florianopolis,SC,40,40,42,5363.01,913.64,6276.65,134.08,1.05,40,2,5.00,15.95,5.03,3.50,9,22.50,40,4.33,6,15.00,0,0.00,2017-07-17,2018-08-12,14,1,525,0.0406
2a261b5b644fa05f4f2700eb93544f2c,porto ferreira,SP,51,50,82,5355.00,2041.73,7396.73,105.00,1.61,49,8,16.33,14.31,2.12,7.63,1,1.96,51,3.86,11,21.57,18,35.29,2017-10-16,2018-08-01,21,1,526,0.0405
817245bcc3badd82bbd222e0366951a6,bauru,SP,28,28,44,5345.60,699.23,6044.83,190.91,1.57,27,1,3.70,12.56,1.30,14.00,0,0.00,27,4.11,2,7.41,10,35.71,2017-11-14,2018-07-17,3,1,527,0.0404
e62b2d6ac10570a035a30bafcf01d263,sao paulo,SP,62,61,71,5340.39,1035.08,6375.47,86.14,1.15,62,7,11.29,14.05,5.29,10.71,19,30.65,59,3.97,9,15.25,31,50.00,2017-09-16,2018-08-20,24,12,528,0.0404
916c9de0b5ad957346eeeb12f332687e,curitiba,PR,22,22,27,5336.50,477.77,5814.27,242.57,1.23,20,0,0.00,9.15,1.65,,0,0.00,22,4.55,1,4.55,1,4.55,2017-06-23,2018-07-25,4,1,529,0.0404
a4b6b9b992b46e9ef863637af96e04bc,florianopolis,SC,6,6,8,5293.00,209.84,5502.84,882.17,1.33,6,1,16.67,18.50,3.00,4.00,1,16.67,6,3.67,1,16.67,0,0.00,2017-02-18,2017-07-01,5,3,530,0.0400
b6d44737c043328708f6749c2dbe50bd,santo andre,SP,61,59,79,5284.60,1549.41,6834.01,86.63,1.30,60,4,6.67,8.20,1.92,4.50,1,1.64,61,4.52,5,8.20,31,50.82,2017-03-15,2018-08-07,23,1,531,0.0400
e06f09ec0a4aca210779cf1cfc63cf19,sao paulo,SP,29,29,31,5279.49,621.92,5901.41,182.05,1.07,29,2,6.90,14.76,6.28,9.50,2,6.90,29,3.95,5,17.24,12,41.38,2017-06-27,2017-12-19,25,11,532,0.0399
02ecc2a19303f05e59ce133fd923fff7,santo andre,SP,21,21,24,5264.19,478.21,5742.40,250.68,1.14,21,0,0.00,11.05,4.05,,1,4.76,21,4.62,1,4.76,11,52.38,2017-06-18,2018-08-21,17,3,533,0.0398
e9c6969d40e6a3d2d0f90013165c2b98,sao paulo,SP,10,10,10,5239.98,242.00,5481.98,524.00,1.00,9,0,0.00,8.67,1.89,,0,0.00,10,4.40,1,10.00,2,20.00,2017-11-06,2018-06-03,8,1,534,0.0396
5bffbafbb22daf6d3bfc216a46db8708,nilopolis,RJ,21,21,23,5239.70,454.50,5694.20,249.51,1.10,21,0,0.00,8.76,1.86,,1,4.76,21,4.76,0,0.00,1,4.76,2017-02-25,2017-06-25,8,3,535,0.0396
4d0041cdbe51b4617d95c70b19decc74,juiz de fora,MG,8,8,8,5235.20,230.29,5465.49,654.40,1.00,8,0,0.00,6.88,1.50,,0,0.00,8,4.50,0,0.00,1,12.50,2018-05-10,2018-07-31,6,1,536,0.0396
3be634553519fb6536a03e1358e9fdc7,sao paulo,SP,80,79,95,5231.02,1803.73,7034.75,65.39,1.19,80,6,7.50,10.06,2.54,4.67,10,12.50,80,4.03,12,15.00,38,47.50,2017-07-09,2018-08-27,38,6,537,0.0396
f67efa3f0b6761102a7f8c6b7b571f5d,curitiba,PR,31,31,32,5188.68,841.49,6030.17,167.38,1.03,31,0,0.00,10.06,2.65,,1,3.23,31,4.48,2,6.45,5,16.13,2016-10-04,2018-04-09,9,4,538,0.0392
f680f85bee2d253556ac91be391d2c82,carapicuiba,SP,45,44,54,5183.92,893.42,6077.34,115.20,1.20,44,1,2.27,9.80,1.73,4.00,0,0.00,45,4.33,3,6.67,18,40.00,2017-09-30,2018-08-24,10,2,539,0.0392
5b179e9e8cc7ab6fd113a46ca584da81,sao paulo,SP,34,34,36,5173.50,665.64,5839.14,152.16,1.06,34,2,5.88,13.03,6.50,3.50,12,35.29,33,3.67,7,21.21,17,50.00,2016-10-04,2017-09-13,9,4,540,0.0391
822bad9bc42b51213ba522fe87b7ab5d,balneario camboriu,SC,18,18,18,5160.00,527.34,5687.34,286.67,1.00,18,5,27.78,26.61,5.61,24.20,6,33.33,18,4.11,2,11.11,1,5.56,2017-08-10,2018-06-09,7,4,541,0.0390
709e16e2b25c7474d980076c6bfc4806,birigui,SP,60,60,80,5151.90,1226.96,6378.86,85.87,1.33,57,2,3.51,10.61,1.95,6.50,2,3.33,60,4.52,1,1.67,25,41.67,2017-10-14,2018-08-26,39,5,542,0.0390
d566c37fa119d5e66c4e9052e83ee4ea,sao paulo,SP,65,65,73,5145.70,979.22,6124.92,79.16,1.12,60,0,0.00,5.67,1.42,,1,1.54,64,4.69,2,3.13,41,63.08,2018-03-16,2018-08-26,25,2,543,0.0389
fad44952713764836814be105382aee5,rio de janeiro,RJ,32,32,32,5129.00,507.88,5636.88,160.28,1.00,30,0,0.00,11.03,2.70,,3,9.38,32,4.28,2,6.25,7,21.88,2018-01-04,2018-08-14,1,1,544,0.0388
4917cee8d902e13428c3ec4b1ca6f315,blumenau,SC,31,31,31,5103.90,1074.44,6178.34,164.64,1.00,31,1,3.23,18.06,8.29,13.00,6,19.35,31,4.16,4,12.90,2,6.45,2017-05-21,2018-08-17,7,2,545,0.0386
45ba18c210d42734ec52c0c1c574e9ee,sao roque,SP,35,35,38,5099.44,924.33,6023.77,145.70,1.09,30,2,6.67,7.50,1.87,1.50,0,0.00,35,4.11,5,14.29,19,54.29,2018-04-03,2018-08-23,27,8,546,0.0386
b39d7fe263ef469605dbb32608aee0af,ibitinga,SP,43,43,48,5063.20,1037.03,6100.23,117.75,1.12,43,2,4.65,13.16,2.95,6.50,2,4.65,42,3.93,6,14.29,20,46.51,2017-09-16,2018-08-23,19,1,547,0.0383
67bf6941ba2f1fa1d02c375766bc3e53,curitiba,PR,15,15,20,5062.00,1257.94,6319.94,337.47,1.33,15,1,6.67,14.87,1.80,20.00,0,0.00,15,4.33,1,6.67,5,33.33,2017-09-17,2018-08-29,4,3,548,0.0383
0cbcee27c791afa0cdcb08587a2013a8,tres coracoes,MG,37,37,39,5054.15,783.53,5837.68,136.60,1.05,37,4,10.81,12.73,2.32,6.00,1,2.70,37,4.00,5,13.51,5,13.51,2017-03-04,2018-07-14,13,3,549,0.0382
e067ad2c1c0b48758eb1b5228bcf7a68,santos,SP,54,54,61,5042.55,1005.36,6047.91,93.38,1.13,54,4,7.41,14.87,6.00,9.50,18,33.33,54,4.15,6,11.11,26,48.15,2017-02-01,2018-08-13,36,1,550,0.0381
afe0067131b73e40875c9b6c10bd2e21,lagoa da prata,MG,45,45,45,5040.50,1111.09,6151.59,112.01,1.00,45,2,4.44,15.42,3.82,5.50,9,20.00,44,4.27,4,9.09,5,11.11,2017-02-22,2018-06-10,7,1,551,0.0381
3df020b72d3d44b3af9d110fa3940b65,jales,SP,55,53,101,5039.90,1709.57,6749.47,91.63,1.84,54,5,9.26,13.41,1.94,4.00,1,1.82,55,4.05,8,14.55,23,41.82,2017-07-14,2018-08-19,13,1,552,0.0381
e0878efa0e0b7e5313ac0b43bc04c081,curitiba,PR,26,26,28,5025.40,517.13,5542.53,193.28,1.08,25,4,16.00,18.40,2.96,12.00,1,3.85,26,3.62,7,26.92,2,7.69,2017-11-04,2018-03-05,4,2,553,0.0380
099095b050cfe8eb1ddff5317587e96e,sao paulo,SP,16,16,19,5003.84,702.09,5705.93,312.74,1.19,16,3,18.75,11.19,2.38,15.00,1,6.25,16,3.38,6,37.50,10,62.50,2017-12-16,2018-08-13,11,8,554,0.0378
4bf2f4ee540798a61f9636d12cd9cc80,assis,SP,29,29,30,4995.56,505.45,5501.01,172.26,1.03,29,0,0.00,13.45,2.21,,1,3.45,29,4.14,3,10.34,8,27.59,2017-03-29,2018-08-09,18,3,555,0.0378
f84fa566034f5e8e880a07ec624c56af,indaiatuba,SP,89,89,100,4993.91,1210.42,6204.33,56.11,1.12,87,9,10.34,11.99,4.01,7.33,19,21.35,89,4.25,10,11.24,53,59.55,2017-07-21,2018-08-14,8,3,556,0.0378
835f0f7810c76831d6c7d24c7a646d4d,sao paulo,SP,42,42,48,4990.20,932.05,5922.25,118.81,1.14,42,11,26.19,18.02,9.55,4.64,31,73.81,42,3.36,13,30.95,13,30.95,2017-02-11,2018-02-13,18,2,557,0.0377
45213867cefbf2cd4c6177e10216a951,araras,SP,14,14,14,4955.42,433.74,5389.16,353.96,1.00,14,1,7.14,14.93,3.00,5.00,0,0.00,14,3.86,3,21.43,5,35.71,2017-01-27,2017-10-11,9,2,558,0.0375
9674754b5a0cb32b638cec001178f799,sao paulo,SP,84,80,95,4941.73,1196.15,6137.88,58.83,1.13,82,2,2.44,8.37,2.05,4.50,5,5.95,84,4.11,13,15.48,50,59.52,2017-06-07,2018-08-22,40,5,559,0.0374
dbd66278cbfe1aa1000f90a217ca4695,sao paulo,SP,85,84,99,4928.90,1543.87,6472.77,57.99,1.16,83,3,3.61,9.11,1.41,3.00,1,1.18,85,4.51,2,2.35,46,54.12,2017-11-25,2018-08-23,18,5,560,0.0373
e9d99831abad74458942f21e16f33f92,sao paulo,SP,130,130,149,4922.48,1993.58,6916.06,37.87,1.15,129,13,10.08,12.87,3.82,11.38,17,13.08,129,3.93,21,16.28,54,41.54,2017-01-24,2018-08-26,35,4,561,0.0372
3ab971ce71839580d2ae5b4e40fe8044,sao paulo,SP,35,35,37,4917.00,880.25,5797.25,140.49,1.06,34,2,5.88,6.91,2.24,2.50,1,2.86,34,3.91,7,20.59,25,71.43,2018-06-03,2018-08-20,8,2,562,0.0372
9df5750209b83567ec144eb299d7d634,sao leopoldo,RS,11,11,11,4917.00,259.30,5176.30,447.00,1.00,11,1,9.09,14.09,4.91,4.00,2,18.18,11,4.00,2,18.18,1,9.09,2016-10-07,2018-07-20,8,3,562,0.0372
503c1de08ae81a2d86f17951b204db55,sao paulo,SP,22,22,22,4906.99,414.91,5321.90,223.05,1.00,22,1,4.55,13.45,1.68,25.00,0,0.00,22,4.41,1,4.55,7,31.82,2017-06-28,2018-07-26,2,1,563,0.0371
1bb2bdb95f4841f1bba2c0d2cd83d3c9,sao paulo,SP,79,78,83,4905.76,1118.17,6023.93,62.10,1.05,79,5,6.33,12.35,5.49,7.40,16,20.25,78,4.63,3,3.85,34,43.04,2017-01-30,2018-08-13,23,5,564,0.0371
f789d2c4f2c2eb38fc4373e7a4b35264,juiz de fora,MG,44,43,49,4864.24,869.00,5733.24,110.55,1.11,43,2,4.65,11.05,1.74,2.00,1,2.27,44,4.16,6,13.64,5,11.36,2017-04-04,2018-08-22,28,2,565,0.0368
0d85bbda9889ce1f7e63778d24f346eb,uberlandia,MG,51,51,58,4845.20,1624.50,6469.70,95.00,1.14,51,6,11.76,15.69,3.14,7.50,1,1.96,50,4.20,6,12.00,10,19.61,2017-03-22,2018-03-27,17,3,566,0.0366
f7496d659ca9fdaf323c0aae84176632,sao paulo,SP,25,25,26,4837.67,804.26,5641.93,193.51,1.04,24,1,4.17,12.58,7.63,3.00,4,16.00,25,4.56,2,8.00,14,56.00,2016-10-08,2018-08-16,15,3,567,0.0366
1336efc61c316ddf92c899eb817f7cae,assis,SP,74,73,85,4837.31,1517.98,6355.29,65.37,1.15,74,6,8.11,11.74,3.28,8.17,4,5.41,74,4.00,11,14.86,36,48.65,2017-01-22,2018-08-16,50,8,568,0.0366
ce69a8021d18961dd2a40269b7c2c293,curitiba,PR,19,19,19,4818.00,471.05,5289.05,253.58,1.00,16,1,6.25,11.38,1.81,11.00,1,5.26,19,4.47,2,10.53,1,5.26,2018-03-27,2018-08-20,13,4,569,0.0364
abcd2cb37d46c2c8fb1bf071c859fc5b,cuiaba,MT,44,44,51,4817.32,1304.52,6121.84,109.48,1.16,43,2,4.65,13.95,2.26,9.00,2,4.55,44,4.32,1,2.27,2,4.55,2017-05-29,2018-08-11,31,1,570,0.0364
8f580d36c1e9d6fbce95283403c7d447,ribeirao preto,SP,8,8,8,4813.25,180.15,4993.40,601.66,1.00,8,1,12.50,12.25,1.88,3.00,0,0.00,8,4.38,1,12.50,5,62.50,2017-12-18,2018-08-14,7,1,571,0.0364
c12b92bf1c350f3e6bf88d3596219c86,garca,SP,17,17,17,4808.78,444.06,5252.84,282.87,1.00,16,1,6.25,10.75,1.75,1.00,0,0.00,17,3.88,4,23.53,6,35.29,2018-05-01,2018-08-13,9,6,572,0.0364
f6122bc84774df1b372bdb3bb88ddb9f,barueri,SP,3,3,3,4799.87,74.49,4874.36,1599.96,1.00,3,1,33.33,15.33,3.00,6.00,0,0.00,3,3.67,1,33.33,2,66.67,2017-10-04,2018-03-19,1,1,573,0.0363
2a7dc43cecabf23403078e2188437d1d,sao paulo,SP,52,52,54,4795.91,833.71,5629.62,92.23,1.04,51,3,5.88,13.00,4.06,6.33,7,13.46,52,4.10,6,11.54,19,36.54,2017-11-03,2018-06-03,14,6,574,0.0363
fcdd820084f17e9982427971e4e9d47f,ribeirao preto,SP,16,16,27,4783.99,881.75,5665.74,299.00,1.69,15,2,13.33,12.73,2.47,7.00,0,0.00,16,3.94,3,18.75,6,37.50,2018-03-07,2018-08-17,5,2,575,0.0362
cfa5ab0e4d3fc212fd0b3410e7081c62,uba,MG,15,15,20,4780.81,1015.48,5796.29,318.72,1.33,15,0,0.00,11.87,3.80,,1,6.67,15,3.87,3,20.00,5,33.33,2017-10-15,2018-08-20,10,6,576,0.0362
c35affa65afd250151285c5917fc1c8a,sao paluo,SP,8,8,8,4779.92,644.84,5424.76,597.49,1.00,8,1,12.50,17.13,3.13,45.00,0,0.00,8,4.25,1,12.50,3,37.50,2017-11-04,2018-06-25,8,1,577,0.0362
dfa0c4c6229ab200a4a1336b4d7128ff,florianopolis,SC,77,77,86,4777.10,1767.11,6544.21,62.04,1.12,69,1,1.45,10.03,1.10,22.00,1,1.30,77,4.00,14,18.18,5,6.49,2018-05-02,2018-08-23,35,11,578,0.0361
acce39e832338debb07b02385cde5967,contagem,MG,44,44,44,4748.10,1175.56,5923.66,107.91,1.00,44,0,0.00,7.02,1.23,,0,0.00,44,4.48,3,6.82,6,13.64,2018-05-12,2018-08-26,30,2,579,0.0359
30a2f535bb48308f991d0b9ad4a8c4bb,santa barbara d'oeste,SP,71,71,87,4731.30,1084.06,5815.36,66.64,1.23,68,2,2.94,8.40,1.54,6.50,0,0.00,71,4.28,9,12.68,41,57.75,2017-02-04,2018-07-27,20,1,580,0.0358
0307f7565ff85b299b6e5ef162b1b1a9,sao jose do rio preto,SP,6,6,6,4711.90,256.99,4968.89,785.32,1.00,6,0,0.00,15.17,7.00,,3,50.00,6,3.50,2,33.33,1,16.67,2016-10-10,2017-05-25,6,3,581,0.0356
ad420dd0c4f92f8af951ac24b86d0cf5,fronteira,MG,42,39,46,4705.29,913.11,5618.40,112.03,1.10,41,3,7.32,15.17,2.32,64.67,2,4.76,40,4.13,6,15.00,4,9.52,2017-04-26,2018-08-24,23,2,582,0.0356
582d4f8675b945722eda7c0cb61ba4c7,bertioga,SP,59,59,71,4702.96,980.97,5683.93,79.71,1.20,58,1,1.72,11.00,1.60,3.00,0,0.00,59,4.15,9,15.25,28,47.46,2017-01-20,2018-08-03,25,5,583,0.0356
968268a686aa05d1f529fb07dff08130,sao paulo,SP,12,12,12,4677.29,203.55,4880.84,389.77,1.00,12,0,0.00,9.25,2.17,,0,0.00,12,3.50,4,33.33,8,66.67,2018-01-26,2018-08-10,4,2,584,0.0354
8931a84a914b3fe9b1ddaa4d704947ca,sao paulo,SP,29,28,32,4668.30,424.59,5092.89,160.98,1.10,28,2,7.14,12.14,4.57,8.50,8,27.59,28,4.07,5,17.86,11,37.93,2017-03-29,2018-07-19,16,1,585,0.0353
b2479f944e1b90cf8a5de1bbfde284d6,ibitinga,SP,101,99,129,4666.53,2207.70,6874.23,46.20,1.28,101,12,11.88,15.30,2.80,10.67,12,11.88,100,3.50,28,28.00,50,49.50,2018-01-12,2018-08-20,37,3,586,0.0353
1a932caad4f9d804097d7f8e615baed1,sao paulo,SP,20,20,30,4661.00,1040.45,5701.45,233.05,1.50,19,2,10.53,8.53,1.63,5.50,1,5.00,20,3.90,4,20.00,11,55.00,2018-05-02,2018-08-22,4,1,587,0.0353
7e3f87d16fb353f408d467e74fbd8014,sao paulo,SP,91,91,93,4653.09,1415.28,6068.37,51.13,1.02,91,6,6.59,12.53,2.31,13.17,1,1.10,91,4.16,10,10.99,32,35.16,2017-06-29,2018-08-26,19,6,588,0.0352
0176f73cc1195f367f7b32db1e5b3aa8,ibitinga,SP,37,37,38,4643.20,1272.07,5915.27,125.49,1.03,36,4,11.11,13.39,2.31,16.00,0,0.00,37,4.11,6,16.22,22,59.46,2017-11-16,2018-08-13,18,1,589,0.0351
ef990a83bbea832f36ebe81376335aa8,joinville,SC,43,43,44,4642.59,914.65,5557.24,107.97,1.02,43,9,20.93,16.98,2.23,8.00,0,0.00,43,3.63,11,25.58,2,4.65,2017-11-27,2018-08-12,8,2,590,0.0351
537eb890efff034a88679788b647c564,rio de janeiro,RJ,158,157,171,4617.90,2475.54,7093.44,29.23,1.08,156,6,3.85,9.13,1.74,8.33,1,0.63,158,4.24,14,8.86,47,29.75,2017-07-17,2018-08-28,46,10,591,0.0349
a3dd39f583bc80bd8c5901c95878921e,salvador,BA,34,34,37,4607.81,804.35,5412.16,135.52,1.09,33,1,3.03,12.33,2.00,2.00,3,8.82,34,4.59,1,2.94,3,8.82,2017-08-23,2018-04-10,3,1,592,0.0349
9add47bf45ce8e8c7db6b9cf670b1e09,fazenda rio grande,PR,41,41,43,4606.44,1082.76,5689.20,112.35,1.05,41,1,2.44,12.22,3.05,7.00,5,12.20,40,4.23,3,7.50,1,2.44,2017-02-05,2018-08-18,11,6,593,0.0348
06579cb253ecd5a3a12a9e6eb6bf8f47,sao paulo - sp,SP,61,59,70,4587.40,1420.57,6007.97,75.20,1.15,61,4,6.56,9.87,2.20,11.25,3,4.92,61,4.13,9,14.75,27,44.26,2017-08-03,2018-08-11,11,3,594,0.0347
31da954dc0855f2495c6310f70a2f931,araras,SP,29,29,30,4583.00,449.71,5032.71,158.03,1.03,29,2,6.90,8.10,1.52,6.50,0,0.00,29,4.21,3,10.34,22,75.86,2017-09-10,2018-08-20,14,2,595,0.0347
4c498c7345e89aebad651544829beca0,carapicuiba,SP,47,46,47,4570.27,561.39,5131.66,97.24,1.00,45,5,11.11,11.02,2.98,5.60,4,8.51,47,4.28,4,8.51,22,46.81,2017-12-02,2018-08-16,20,2,596,0.0346
2addf05f476d0637864454e93ba673d5,brasilia,DF,12,11,12,4552.00,325.64,4877.64,379.33,1.00,12,0,0.00,10.42,1.42,,0,0.00,12,5.00,0,0.00,0,0.00,2017-08-03,2018-03-18,8,1,597,0.0344
c68fb906c8f4b4b946d8386bfa6e5467,jaboticabal,SP,45,45,48,4541.16,892.45,5433.61,100.91,1.07,42,1,2.38,11.21,1.50,2.00,0,0.00,44,4.52,3,6.82,18,40.00,2017-03-18,2018-07-30,36,8,598,0.0343
1fe5540d7c1c37a595fefbacd5570d9e,paraiba do sul,RJ,20,19,25,4537.60,581.15,5118.75,226.88,1.25,20,1,5.00,11.80,2.55,5.00,0,0.00,20,4.30,1,5.00,2,10.00,2018-08-02,2018-08-16,2,1,599,0.0343
37dd29b36c458d82f74a953c40c43645,limeira,SP,7,7,8,4536.99,479.44,5016.43,648.14,1.14,7,1,14.29,18.43,6.00,3.00,3,42.86,7,3.86,2,28.57,1,14.29,2017-10-08,2018-05-28,5,1,600,0.0343
13fa2a6c6b9d0f43cb588d7c82117a12,sao paulo,SP,9,9,10,4528.00,191.44,4719.44,503.11,1.11,9,3,33.33,21.00,5.00,7.67,1,11.11,9,4.11,1,11.11,2,22.22,2017-06-09,2017-09-27,4,1,601,0.0342
c840d3fdbba0790404fdae73d253b253,curitiba,PR,9,9,14,4522.28,359.65,4881.93,502.48,1.56,9,0,0.00,12.11,2.56,,1,11.11,9,3.56,2,22.22,2,22.22,2017-10-21,2018-06-29,7,2,602,0.0342
45d33f715e24d15a6ccf5c17b3a23e3c,sorocaba,SP,56,56,58,4518.49,864.98,5383.47,80.69,1.04,56,3,5.36,11.48,4.39,11.67,12,21.43,56,4.14,6,10.71,30,53.57,2016-10-03,2018-08-17,31,12,603,0.0342
180c3376aff0e43dd5788709df48a843,sao paulo,SP,5,5,10,4513.00,209.97,4722.97,902.60,2.00,5,1,20.00,20.60,3.80,2.00,0,0.00,5,4.40,1,20.00,1,20.00,2017-08-11,2018-01-03,3,2,604,0.0341
b561927807645834b59ef0d16ba55a24,sao paulo,SP,85,85,95,4501.99,1305.04,5807.03,52.96,1.12,85,12,14.12,12.53,3.82,13.42,8,9.41,85,4.34,8,9.41,39,45.88,2018-01-19,2018-08-26,42,4,605,0.0341
55d3daac7c404d59e51c2aa2f4dc5a23,sao paulo,SP,21,21,28,4480.60,1309.88,5790.48,213.36,1.33,21,0,0.00,8.71,3.33,,1,4.76,21,4.10,2,9.52,11,52.38,2017-05-31,2018-08-17,7,3,606,0.0339
b4a476fbd28de64b1e347abf9089366a,itapevi,SP,30,29,35,4479.04,796.07,5275.11,149.30,1.17,30,2,6.67,12.70,3.67,5.50,2,6.67,29,4.14,3,10.34,11,36.67,2017-03-29,2018-06-26,12,2,607,0.0339
e81e1f9c3e762e620f3fb60a51499e16,curitibanos,SC,17,17,18,4465.99,513.50,4979.49,262.71,1.06,17,1,5.88,25.41,6.59,63.00,1,5.88,16,4.00,2,12.50,0,0.00,2017-05-02,2018-04-25,7,3,608,0.0338
8bd0f31cf0a614c658f6763bd02dea69,sao paulo,SP,33,33,35,4455.34,967.98,5423.32,135.01,1.06,33,1,3.03,10.00,1.79,8.00,0,0.00,32,4.28,3,9.38,17,51.52,2017-01-18,2018-08-16,10,3,609,0.0337
b90e891671cffd9557f33a97dc523645,sao jose dos pinhais,PR,34,34,39,4449.00,632.31,5081.31,130.85,1.15,33,0,0.00,7.58,1.27,,0,0.00,34,4.32,3,8.82,6,17.65,2017-08-18,2018-08-23,13,2,610,0.0337
bbad7e518d7af88a0897397ffdca1979,sao paulo,SP,68,67,84,4426.32,1314.92,5741.24,65.09,1.24,67,11,16.42,13.40,4.99,7.27,25,36.76,67,3.18,27,40.30,26,38.24,2017-06-05,2018-08-06,14,8,611,0.0335
d379f449f2a3b271bc01c0782020f705,divinopolis,MG,28,28,29,4423.06,1076.74,5499.80,157.97,1.04,28,1,3.57,13.25,2.21,16.00,0,0.00,28,3.89,6,21.43,2,7.14,2017-01-28,2018-08-22,13,3,612,0.0335
0ef83d7d83ed97cd2a0049ac8be5f88a,curitiba,PR,48,48,55,4421.01,1026.80,5447.81,92.10,1.15,46,1,2.17,9.78,1.63,11.00,0,0.00,47,4.15,9,19.15,8,16.67,2017-11-24,2018-08-28,14,2,613,0.0334
fc906263ca5083d09dce42fe02247800,belo horizonte,MG,112,112,117,4417.90,1855.38,6273.28,39.45,1.04,112,0,0.00,9.37,2.29,,1,0.89,112,4.39,10,8.93,19,16.96,2017-04-11,2017-12-23,17,4,614,0.0334
f021c962aaba8ef6eb527a9c2c8394d1,itajai,SC,5,5,5,4398.50,135.37,4533.87,879.70,1.00,5,0,0.00,8.20,1.20,,0,0.00,5,4.20,1,20.00,0,0.00,2017-05-17,2017-08-06,4,1,615,0.0333
beadbee30901a7f61d031b6b686095ad,guarulhos,SP,64,64,68,4373.98,937.54,5311.52,68.34,1.06,64,15,23.44,14.03,7.58,7.13,18,28.13,64,3.91,12,18.75,27,42.19,2018-05-28,2018-08-22,7,3,616,0.0331
15aac934c58d886785ac1b17953ea898,muqui,ES,25,25,26,4353.90,665.70,5019.60,174.16,1.04,25,3,12.00,14.20,2.40,13.00,1,4.00,25,4.24,2,8.00,0,0.00,2017-10-19,2018-06-26,20,12,617,0.0329
eed78ac17f7f795a19a709745f00cd4e,botucatu,SP,22,20,56,4349.50,846.34,5195.84,197.70,2.55,22,0,0.00,9.91,3.23,,1,4.55,22,3.77,5,22.73,8,36.36,2017-08-01,2018-07-17,12,1,618,0.0329
a3f0b55de503387383c7b1de3ad7f678,curitiba,PR,24,24,26,4348.40,1229.34,5577.74,181.18,1.08,24,1,4.17,10.67,2.29,11.00,0,0.00,24,4.42,1,4.17,1,4.17,2017-09-26,2018-05-21,13,2,619,0.0329
c500367424994318b9e779ff1ae9a330,paulinia,SP,9,9,9,4346.40,311.99,4658.39,482.93,1.00,9,1,11.11,16.56,5.67,4.00,1,11.11,9,3.78,2,22.22,1,11.11,2017-09-01,2017-12-01,8,3,620,0.0329
2ff97219cb8622eaf3cd89b7d9c09824,salto,SP,87,87,94,4339.10,1359.60,5698.70,49.87,1.08,80,3,3.75,8.99,1.68,15.00,2,2.30,87,4.54,3,3.45,46,52.87,2018-02-16,2018-08-25,44,14,621,0.0328
834f8533b2ecb6598dd004ff3de7203a,sao paulo,SP,41,41,45,4324.35,926.31,5250.66,105.47,1.10,41,6,14.63,14.59,7.49,10.83,20,48.78,41,3.95,7,17.07,18,43.90,2017-01-17,2018-08-20,25,5,622,0.0327
9803a40e82e45418ab7fb84091af5231,rio verde,GO,11,11,18,4278.75,512.63,4791.38,388.98,1.64,11,0,0.00,15.55,3.45,,1,9.09,11,3.73,3,27.27,0,0.00,2018-05-19,2018-08-21,13,7,623,0.0324
282c7480173bb9c01dd41cc739fec010,sao paulo,SP,5,5,8,4274.20,192.11,4466.31,854.84,1.60,5,1,20.00,14.40,2.60,5.00,0,0.00,4,4.00,1,25.00,1,20.00,2017-08-07,2017-08-20,4,2,624,0.0323
cc5a78bbad32776dc4e3af205218368c,divinopolis,MG,33,33,38,4269.18,1304.17,5573.35,129.37,1.15,33,1,3.03,8.12,1.55,5.00,0,0.00,33,4.45,3,9.09,9,27.27,2018-05-08,2018-08-24,25,5,625,0.0323
1fdc574883ef3b33ad41562d93f3a74a,limeira,SP,18,18,18,4251.00,273.27,4524.27,236.17,1.00,18,1,5.56,11.11,1.72,40.00,1,5.56,18,4.44,0,0.00,8,44.44,2017-11-26,2018-07-21,14,1,626,0.0322
43f8c9950d11ecd03a0304a49e010da6,carapicuiba,SP,41,41,41,4249.59,557.63,4807.22,103.65,1.00,41,2,4.88,11.37,1.80,7.00,0,0.00,41,4.56,1,2.44,13,31.71,2017-07-27,2018-05-29,21,1,627,0.0321
9b1585752613ec342d03bbab9997ec48,rio de janeiro,RJ,3,3,3,4248.98,100.06,4349.04,1416.33,1.00,3,0,0.00,8.00,2.67,,0,0.00,3,3.67,1,33.33,2,66.67,2018-08-07,2018-08-19,3,2,628,0.0321
3c03b12bab54d8b37d79d914bfdb1aa0,sao joao de meriti,RJ,37,37,43,4236.34,683.43,4919.77,114.50,1.16,37,6,16.22,13.51,1.62,9.33,0,0.00,36,3.83,7,19.44,5,13.51,2017-12-23,2018-08-24,12,2,629,0.0320
8a130737016f838139d31878787a39c9,sao paulo,SP,56,56,62,4222.03,842.29,5064.32,75.39,1.11,54,4,7.41,10.20,2.31,3.25,3,5.36,56,4.45,3,5.36,31,55.36,2017-12-07,2018-07-20,7,2,630,0.0319
6288c69c4ce638e59925e59193f98b16,santo andre,SP,20,19,20,4196.80,270.21,4467.01,209.84,1.00,20,1,5.00,9.60,3.20,8.00,2,10.00,20,4.25,1,5.00,12,60.00,2017-03-16,2018-08-03,6,3,631,0.0317
23613d49c3ac2bd302259e55c06c050c,porto ferreira,SP,69,68,79,4193.10,2034.04,6227.14,60.77,1.14,69,6,8.70,13.93,5.25,8.50,27,39.13,68,3.87,16,23.53,35,50.72,2016-10-08,2018-08-19,24,2,632,0.0317
8bb48dc19fccaa8613b6229bf7f452a2,assis,SP,82,82,95,4190.72,1857.40,6048.12,51.11,1.16,77,2,2.60,11.69,2.32,3.00,2,2.44,82,4.41,7,8.54,35,42.68,2017-10-17,2018-07-23,47,4,633,0.0317
b19f3ca2ea475913750f25a5c37c8d8f,divinopolis,MG,19,19,19,4174.16,1002.49,5176.65,219.69,1.00,19,6,31.58,18.37,12.00,10.17,11,57.89,19,3.26,7,36.84,8,42.11,2017-10-24,2018-08-07,15,2,634,0.0316
5c030029b5916fed0986310385ec9009,sao jose,SC,7,7,10,4164.40,915.50,5079.90,594.91,1.43,6,0,0.00,5.67,1.33,,0,0.00,7,4.86,0,0.00,1,14.29,2018-06-13,2018-08-20,6,1,635,0.0315
bccf933e006e9b94a6184af782963e77,assis,SP,45,45,46,4162.74,884.47,5047.21,92.51,1.02,45,1,2.22,11.62,1.98,5.00,1,2.22,44,4.52,3,6.82,17,37.78,2017-10-06,2018-08-21,22,1,636,0.0315
f76a3b1349b6df1ee875d1f3fa4340f0,sao paulo,SP,24,24,24,4160.79,588.19,4748.98,173.37,1.00,24,7,29.17,16.88,8.38,9.00,9,37.50,24,3.46,7,29.17,15,62.50,2018-01-04,2018-08-17,6,1,637,0.0315
8b9d6eec4a7eb7d0f9d579ce0b38324d,mesquita,RJ,48,47,52,4159.55,1667.30,5826.85,86.66,1.08,47,7,14.89,10.49,2.40,6.14,10,20.83,48,4.06,8,16.67,18,37.50,2018-05-13,2018-08-20,7,2,638,0.0315
cd6efc47efaabf134f8bdb654e10b4f1,rio de janeiro,RJ,31,31,32,4158.55,598.61,4757.16,134.15,1.03,29,2,6.90,8.34,1.34,5.50,0,0.00,31,4.48,2,6.45,8,25.81,2017-11-13,2018-08-15,10,6,639,0.0315
6fc26fe110feebd80a433e1f012a84f9,fernandopolis,SP,35,33,72,4150.87,977.19,5128.06,118.60,2.06,35,4,11.43,12.80,2.89,7.25,1,2.86,34,3.91,5,14.71,16,45.71,2017-01-29,2018-08-17,19,1,640,0.0314
65febd49fd28ec955651299159b1f527,sao paulo,SP,33,33,38,4136.71,948.67,5085.38,125.35,1.15,32,0,0.00,6.63,1.09,,0,0.00,33,4.45,3,9.09,17,51.52,2018-04-17,2018-08-22,14,1,641,0.0313
cac4c8e7b1ca6252d8f20b2fc1a2e4af,indaiatuba,SP,74,74,82,4128.19,1530.51,5658.70,55.79,1.11,73,13,17.81,18.29,6.22,23.46,22,29.73,73,3.58,20,27.40,27,36.49,2016-10-08,2018-08-16,33,7,642,0.0312
681fce914360217db47784ae28905a96,araucaria,PR,23,22,24,4127.33,444.47,4571.80,179.45,1.04,22,3,13.64,12.50,2.32,4.00,3,13.04,22,4.00,5,22.73,2,8.70,2017-10-20,2018-07-30,9,3,643,0.0312
d66c305afaec317ebee552073a674429,ribeirao das neves,MG,38,38,44,4126.59,1108.91,5235.50,108.59,1.16,38,1,2.63,9.84,3.34,8.00,5,13.16,38,4.47,2,5.26,6,15.79,2017-01-11,2017-05-19,23,8,644,0.0312
98dac6635aee4995d501a3972e047414,sao paulo,SP,89,89,190,4115.75,2379.60,6495.35,46.24,2.13,88,4,4.55,9.68,3.74,2.25,23,25.84,88,4.15,16,18.18,49,55.06,2017-04-26,2018-08-28,61,1,645,0.0311
e883aa812c37a7413226856f4579fe91,itapevi,SP,26,26,29,4097.10,457.36,4554.46,157.58,1.12,25,1,4.00,9.92,3.40,1.00,4,15.38,26,4.15,3,11.54,11,42.31,2018-02-04,2018-08-17,6,5,646,0.0310
2a167ca73899c85001a837d8fb4962f6,sao paulo,SP,2,2,3,4097.00,100.62,4197.62,2048.50,1.50,2,0,0.00,6.50,1.50,,0,0.00,2,4.50,0,0.00,1,50.00,2018-07-17,2018-07-24,2,1,647,0.0310
42b729f859728f5079499127a9c2ef37,sao paulo,SP,103,101,131,4096.96,1299.96,5396.92,39.78,1.27,100,8,8.00,7.85,3.44,7.13,11,10.68,102,4.48,7,6.86,76,73.79,2018-01-09,2018-08-23,18,4,648,0.0310
99002261c568a84cce14d43fcffb43ea,cuiaba,MT,36,36,36,4088.00,1100.33,5188.33,113.56,1.00,36,2,5.56,16.72,6.31,7.00,17,47.22,36,3.72,6,16.67,4,11.11,2017-10-18,2018-08-13,19,2,649,0.0309
6b3bd31ad8fcda4b2635ec9f3ff2ecdf,rio de janeiro,RJ,35,35,42,4063.90,737.97,4801.87,116.11,1.20,35,3,8.57,13.14,3.69,15.33,5,14.29,35,4.09,6,17.14,8,22.86,2018-03-24,2018-08-10,19,2,650,0.0307
f35b3c613c4f7b2275f4185d0a3c59ec,sao paulo,SP,9,9,9,4047.25,167.04,4214.29,449.69,1.00,9,1,11.11,12.44,2.89,5.00,0,0.00,9,4.56,1,11.11,5,55.56,2018-02-28,2018-06-03,8,2,651,0.0306
715bbd5ba4e6b74cb0d2f29eb45058b0,serra negra,SP,62,62,64,4043.30,1272.58,5315.88,65.21,1.03,59,5,8.47,11.98,1.86,9.00,2,3.23,62,4.47,4,6.45,27,43.55,2017-09-10,2018-08-19,28,5,652,0.0306
382229d1e840115ffe3dbf5ff460e417,rio de janeiro,RJ,45,45,48,4037.06,853.27,4890.33,89.71,1.07,45,3,6.67,9.20,1.80,4.00,1,2.22,45,4.27,5,11.11,10,22.22,2018-04-14,2018-08-20,23,9,653,0.0305
e70053bf73d1b5863932e53a9fa47496,sao paulo,SP,7,7,7,4025.00,133.58,4158.58,575.00,1.00,7,0,0.00,13.29,3.71,,1,14.29,7,4.29,0,0.00,2,28.57,2018-02-14,2018-08-04,7,2,654,0.0304
3c7c4a49ec3c6550809089c6a2ca9370,sao paulo,SP,139,138,158,4002.75,1796.46,5799.21,28.80,1.14,139,8,5.76,9.48,2.24,14.88,3,2.16,139,3.69,38,27.34,91,65.47,2017-09-04,2018-08-18,24,1,655,0.0303
55a5b51f93f2b70ea513f5a047b0262a,sao joao del rei,MG,39,39,41,4002.30,847.08,4849.38,102.62,1.05,39,1,2.56,13.67,2.51,7.00,3,7.69,39,4.46,2,5.13,3,7.69,2017-04-04,2017-10-06,5,1,656,0.0303
6ec1a01e866584bb679eb9b098345919,santos,SP,30,30,31,3998.91,795.85,4794.76,133.30,1.03,30,6,20.00,13.63,2.67,8.17,0,0.00,29,4.24,4,13.79,16,53.33,2017-07-06,2018-08-24,16,2,657,0.0302
951e8cef368f09bb3f3d03c00ca4702c,ibitinga,SP,62,62,69,3993.31,1360.23,5353.54,64.41,1.11,62,4,6.45,9.35,2.31,6.25,1,1.61,60,4.13,8,13.33,37,59.68,2018-04-16,2018-08-21,47,2,658,0.0302
6b333a05bf188ef3e1f1662a86bd9855,brasilia,DF,12,12,13,3990.91,563.97,4554.88,332.58,1.08,12,1,8.33,10.75,2.00,1.00,1,8.33,12,4.33,1,8.33,2,16.67,2018-01-27,2018-08-10,9,6,659,0.0302
bede56095ba33c42038fb85f707b8a42,valinhos,SP,2,2,2,3973.90,210.87,4184.77,1986.95,1.00,2,0,0.00,12.50,2.50,,0,0.00,2,4.50,0,0.00,0,0.00,2017-08-20,2017-12-17,2,1,660,0.0301
50c9975695009e5e6473912e83a6d1da,claudio,MG,50,50,68,3964.40,2919.55,6883.95,79.29,1.36,50,7,14.00,16.38,3.72,7.43,4,8.00,49,3.94,9,18.37,17,34.00,2017-02-05,2018-07-23,36,1,661,0.0300
ec8879960bd2221d5c32f8e12f7da711,itatiba,SP,35,35,35,3957.50,798.76,4756.26,113.07,1.00,35,6,17.14,16.31,2.26,8.00,0,0.00,34,4.29,4,11.76,11,31.43,2017-05-16,2018-04-11,9,1,662,0.0299
bf3c6d2a28b2b5501e6c15448982dcc9,sao paulo,SP,35,34,43,3956.50,691.65,4648.15,113.04,1.23,35,1,2.86,11.71,1.51,1.00,0,0.00,35,4.60,1,2.86,8,22.86,2017-05-29,2018-05-09,10,2,663,0.0299
3f995f07c49d0d55a99d5c54957f7d81,itapecerica da serra,SP,43,43,43,3955.70,671.50,4627.20,91.99,1.00,42,1,2.38,9.71,1.81,8.00,0,0.00,43,4.21,4,9.30,13,30.23,2017-04-13,2018-08-20,3,2,664,0.0299
81f89e42267213cb94da7ddc301651da,presidente prudente,SP,46,46,52,3955.00,766.18,4721.18,85.98,1.13,46,0,0.00,7.37,2.72,,1,2.17,46,3.67,10,21.74,31,67.39,2018-08-08,2018-08-27,4,3,665,0.0299
11bfa66332777660bd0640ee84d47006,ribeirao preto,SP,76,76,102,3925.87,1682.67,5608.54,51.66,1.34,76,11,14.47,16.46,2.54,11.18,3,3.95,76,3.89,17,22.37,30,39.47,2017-09-06,2018-08-23,40,2,666,0.0297
d20b021d3efdf267a402c402a48ea64b,ibitinga,SP,86,85,102,3922.30,1504.96,5427.26,45.61,1.19,84,14,16.67,17.12,3.86,16.86,16,18.60,85,3.75,17,20.00,44,51.16,2017-02-26,2018-07-30,44,3,667,0.0297
fde0cc9ea29c8ccfc0a2c22256a58c71,curitiba,PR,35,33,35,3922.00,999.27,4921.27,112.06,1.00,34,1,2.94,8.85,2.03,7.00,1,2.86,35,4.49,3,8.57,4,11.43,2017-10-11,2018-08-19,9,3,668,0.0297
7f152321c60a266edc53af1925ef96c1,criciuma,SC,20,20,20,3919.80,552.12,4471.92,195.99,1.00,20,6,30.00,23.35,3.95,17.17,3,15.00,20,3.80,5,25.00,0,0.00,2017-08-29,2018-08-02,3,1,669,0.0296
d5ba419e26d246a0719437cf37d9b46d,sao paulo,SP,33,33,34,3911.50,504.30,4415.80,118.53,1.03,33,3,9.09,9.82,2.55,13.00,6,18.18,32,4.00,5,15.63,18,54.55,2017-05-05,2018-08-22,9,1,670,0.0296
d673a59aac7a70d8b01e6902bf090a11,ibitinga,SP,79,79,84,3908.94,1590.62,5499.56,49.48,1.06,77,6,7.79,14.29,2.21,13.33,1,1.27,79,3.91,12,15.19,30,37.97,2017-10-31,2018-08-23,16,2,671,0.0296
79ed755314cfe6df0daef2c6cd3022cd,rio claro,SP,23,22,25,3907.50,459.16,4366.66,169.89,1.09,23,0,0.00,9.22,1.39,,0,0.00,22,4.73,0,0.00,6,26.09,2017-02-24,2018-08-08,12,3,672,0.0296
3361277dc30b7cccdb0c286b24219756,maringa,PR,29,28,42,3905.05,635.85,4540.90,134.66,1.45,29,2,6.90,13.28,3.03,3.00,2,6.90,29,4.34,2,6.90,2,6.90,2017-02-11,2018-08-18,18,3,673,0.0295
f00e21b1e91a79653163b7fd8f293ff1,andradas,SP,31,31,31,3900.09,570.97,4471.06,125.81,1.00,31,1,3.23,12.97,1.74,32.00,0,0.00,30,4.10,4,13.33,6,19.35,2017-03-25,2017-12-02,29,5,674,0.0295
14d7985702e72162bbf13b6beb74ab2b,santo andre,SP,37,37,38,3887.00,554.00,4441.00,105.05,1.03,37,4,10.81,10.95,2.35,18.50,2,5.41,37,4.32,3,8.11,17,45.95,2017-03-31,2018-08-17,26,1,675,0.0294
02f5837340d7eb4f653d676c7256523a,curitiba,PR,30,30,30,3883.05,580.83,4463.88,129.44,1.00,30,1,3.33,9.60,2.43,8.00,0,0.00,30,4.83,1,3.33,2,6.67,2017-11-01,2018-08-08,3,1,676,0.0294
8090490573c6c0aa343a7231ebcb8c86,sao paulo - sp,SP,26,26,26,3871.12,426.91,4298.03,148.89,1.00,24,2,8.33,9.67,1.67,20.00,0,0.00,26,4.19,3,11.54,12,46.15,2017-09-01,2018-08-16,9,4,677,0.0293
1b938a7ec6ac5061a66a3766e0e75f90,penapolis,SP,29,29,31,3859.80,859.65,4719.45,133.10,1.07,28,0,0.00,11.54,1.82,,0,0.00,29,4.41,2,6.90,14,48.28,2017-09-22,2018-08-18,8,6,678,0.0292
d12c926d74ceff0a90a21184466ce161,sao paulo,SP,76,75,97,3850.28,1225.40,5075.68,50.66,1.28,74,0,0.00,8.51,1.47,,1,1.32,76,4.36,5,6.58,31,40.79,2016-10-06,2018-05-13,30,8,679,0.0291
c9a06ece156bb057372c68718ec8909b,brasilia,DF,11,11,11,3849.00,432.96,4281.96,349.91,1.00,11,0,0.00,11.64,3.18,,3,27.27,11,3.36,3,27.27,0,0.00,2016-10-07,2017-01-15,2,2,680,0.0291
42fa4ee7240e9b8eb4576358ec142ba7,caxias do sul,RS,22,22,22,3845.70,518.77,4364.47,174.80,1.00,22,0,0.00,6.73,1.18,,0,0.00,21,4.81,0,0.00,7,31.82,2018-02-04,2018-07-09,7,3,681,0.0291
8ed8ea9a57c862f2c18c2fe41f601d56,blumenau,SC,19,19,19,3831.90,731.07,4562.97,201.68,1.00,17,0,0.00,8.88,2.06,,0,0.00,19,4.47,1,5.26,1,5.26,2018-04-11,2018-06-10,2,2,682,0.0290
6860153b69cc696d5dcfe1cdaaafcf62,capivari,SP,74,74,84,3827.63,1490.60,5318.23,51.72,1.14,73,6,8.22,10.19,1.78,12.67,1,1.35,73,4.10,11,15.07,32,43.24,2017-11-21,2018-08-24,22,3,683,0.0290
232a6014e7b10cba61c6c2b2ea6bb4b0,cafelandia,SP,32,32,35,3819.97,1197.07,5017.04,119.37,1.09,31,1,3.23,13.42,2.06,6.00,0,0.00,32,4.16,4,12.50,8,25.00,2017-02-04,2018-07-20,20,1,684,0.0289
4d600e08ecbe08258c79e536c5a42fee,entre rios do oeste,PR,7,7,7,3816.17,142.96,3959.13,545.17,1.00,7,0,0.00,13.00,5.71,,1,14.29,7,4.43,1,14.29,0,0.00,2016-10-06,2017-03-15,7,2,685,0.0289
2e13c71026e1a39ba5cc1b86dcb679aa,sao paulo,SP,24,24,28,3793.00,517.21,4310.21,158.04,1.17,23,1,4.35,9.91,3.09,7.00,1,4.17,24,4.38,3,12.50,9,37.50,2017-12-27,2018-08-23,9,1,686,0.0287
cb41bfbcbda0aea354a834ab222f9a59,sao paulo,SP,11,11,11,3792.00,858.66,4650.66,344.73,1.00,11,4,36.36,37.45,7.64,49.75,4,36.36,11,3.27,4,36.36,6,54.55,2017-11-28,2018-07-06,2,1,687,0.0287
6a0cbc8af2e8abd1bdfb777943d174c6,batatais,SP,34,34,34,3788.15,729.00,4517.15,111.42,1.00,34,3,8.82,15.38,3.18,16.67,9,26.47,33,4.03,4,12.12,14,41.18,2017-05-08,2018-07-04,5,2,688,0.0287
38874e327ce94d11390b96eb42d61928,itaquaquecetuba,SP,6,6,6,3779.94,378.49,4158.43,629.99,1.00,6,1,16.67,20.00,14.83,4.00,6,100.00,6,4.00,0,0.00,2,33.33,2016-10-08,2017-10-27,2,1,689,0.0286
3f3486b61f45078d4f31ee5e43d8c5bb,sao paulo,SP,39,39,39,3769.73,883.40,4653.13,96.66,1.00,39,4,10.26,13.77,1.85,5.75,2,5.13,39,4.33,3,7.69,15,38.46,2017-12-04,2018-08-17,12,3,690,0.0285
2199e7fe213c16213bf5d6a7eadc9a5d,registro,SP,24,24,30,3767.29,541.81,4309.10,156.97,1.25,24,1,4.17,10.75,1.88,4.00,0,0.00,24,4.38,2,8.33,15,62.50,2017-01-28,2018-08-20,12,7,691,0.0285
f0b47fbbc6dee9aafe415a6e33051b3f,maua,SP,67,66,85,3766.92,1320.98,5087.90,56.22,1.27,66,7,10.61,10.17,3.23,3.00,12,17.91,67,4.25,8,11.94,34,50.75,2017-07-25,2018-08-28,38,4,692,0.0285
7d76b645482be4a332374e8223836592,sao paulo,SP,172,172,183,3765.74,2522.03,6287.77,21.89,1.06,171,16,9.36,13.49,3.82,9.56,21,12.21,170,4.00,24,14.12,65,37.79,2017-07-27,2018-08-14,88,2,693,0.0285
891071be6ba827b591264c90c2ae8a63,sao paulo,SP,85,85,90,3763.35,1193.70,4957.05,44.27,1.06,84,12,14.29,13.70,4.08,9.75,15,17.65,85,3.95,17,20.00,37,43.53,2017-01-24,2018-08-23,27,9,694,0.0285
5d9dc90a686a8fddacffab6bab5653a3,santana de parnaiba,SP,12,12,12,3761.94,369.33,4131.27,313.50,1.00,12,1,8.33,8.58,2.00,2.00,0,0.00,12,4.17,1,8.33,7,58.33,2017-10-01,2018-08-15,5,1,695,0.0285
edf96ef93ed595084bbcbd9224bd2894,sao paulo,SP,25,25,28,3757.00,608.78,4365.78,150.28,1.12,25,2,8.00,13.88,3.08,4.00,2,8.00,25,3.88,3,12.00,13,52.00,2017-02-07,2018-08-16,8,2,696,0.0284
2d2c62bef4c8ba0dd74e0e228e808539,ribeirao preto,SP,16,16,16,3749.00,481.48,4230.48,234.31,1.00,16,2,12.50,10.19,1.63,5.50,1,6.25,16,4.13,3,18.75,11,68.75,2017-11-20,2018-08-23,9,4,697,0.0284
1d0997ff06b524ce9289ffd75114ecd3,recife,PE,3,3,3,3747.00,126.57,3873.57,1249.00,1.00,3,1,33.33,17.00,4.67,5.00,2,66.67,3,3.67,1,33.33,0,0.00,2017-01-27,2017-11-24,3,2,698,0.0283
3c4e0452bff7a2a788179488d3d77032,colombo,PR,32,32,36,3746.40,606.12,4352.52,117.08,1.13,32,1,3.13,13.75,2.44,31.00,0,0.00,31,3.84,6,19.35,3,9.38,2017-12-05,2018-03-23,10,2,699,0.0283
eb4df17aed01d918c65f0f8d650900c0,paulinia,SP,11,11,11,3739.87,185.59,3925.46,339.99,1.00,11,3,27.27,12.64,5.91,3.67,3,27.27,11,3.91,2,18.18,4,36.36,2017-11-09,2018-08-15,9,2,700,0.0283
13d058e4eeac2ce8217660b2f8a05812,osasco,SP,22,22,22,3739.78,907.59,4647.37,169.99,1.00,22,2,9.09,11.36,3.50,9.00,2,9.09,22,4.18,3,13.64,13,59.09,2017-05-13,2018-07-20,3,1,701,0.0283
77e4abfd739aed9c46480f90f81c0eb4,brasilia,DF,18,18,18,3736.99,355.22,4092.21,207.61,1.00,18,0,0.00,10.06,3.28,,0,0.00,18,4.78,0,0.00,0,0.00,2018-01-30,2018-08-14,9,4,702,0.0283
23a0ffca143a15b9b5bbdb7d552f626a,sao pedro,SP,23,23,24,3718.51,585.77,4304.28,161.67,1.04,23,3,13.04,11.39,1.26,5.67,2,8.70,23,3.91,5,21.74,10,43.48,2018-03-14,2018-08-14,12,2,703,0.0281
822166ed1e47908f7cfb49946d03c726,tres rios,RJ,69,68,108,3714.83,1821.12,5535.95,53.84,1.57,69,1,1.45,12.68,3.54,10.00,9,13.04,68,3.99,13,19.12,17,24.64,2017-05-25,2018-07-22,34,3,704,0.0281
ec80e49e69745ab6c14f984bf2149423,limeira,SP,12,12,12,3709.00,188.31,3897.31,309.08,1.00,12,1,8.33,12.92,2.17,12.00,1,8.33,11,4.00,1,9.09,7,58.33,2018-02-04,2018-08-22,2,1,705,0.0281
a44fb5a447105f8469bdf16bf9159f25,porto alegre,RS,19,19,19,3706.10,586.61,4292.71,195.06,1.00,19,4,21.05,14.16,4.84,6.75,2,10.53,19,4.05,3,15.79,3,15.79,2017-11-21,2018-08-03,11,1,706,0.0280
520b493b57809f446cb0a233bb3e25c7,santos,SP,63,63,73,3698.90,1063.97,4762.87,58.71,1.16,63,1,1.59,7.65,1.94,15.00,2,3.17,63,4.29,6,9.52,34,53.97,2017-03-10,2017-12-19,28,4,707,0.0280
c0563dd588b775f2e37747ef6ad6c92c,santo andre,SP,28,28,28,3697.20,397.48,4094.68,132.04,1.00,28,3,10.71,10.75,2.79,5.00,3,10.71,28,4.36,4,14.29,13,46.43,2017-02-28,2018-08-20,8,1,708,0.0280
0509040ea3fe50071181bbc359eb7738,belo horizonte,MG,87,87,96,3689.35,1409.90,5099.25,42.41,1.10,87,4,4.60,11.53,1.98,3.75,4,4.60,86,4.48,1,1.16,29,33.33,2017-05-03,2018-08-02,34,3,709,0.0279
5f5b43b2bffa8656e4bc6efeb13cc649,sao paulo,SP,27,27,29,3677.20,555.45,4232.65,136.19,1.07,27,1,3.70,13.96,2.19,7.00,0,0.00,27,4.41,2,7.41,7,25.93,2017-11-25,2018-06-18,18,4,710,0.0278
b1fecf4da1fa2689bccffa0121953643,campo grande,MS,19,18,20,3669.64,397.08,4066.72,193.14,1.05,19,0,0.00,10.21,3.84,,2,10.53,19,4.95,0,0.00,0,0.00,2016-10-04,2017-05-27,8,1,711,0.0278
2745f798279e0ed033addcc1474776d7,sao paulo,SP,32,31,32,3668.53,696.46,4364.99,114.64,1.00,32,3,9.38,13.22,3.34,9.67,5,15.63,31,3.97,4,12.90,9,28.13,2017-08-20,2018-05-30,13,1,712,0.0277
c731d18cea9bf687ffee82a241c25b11,concordia,SC,24,24,26,3662.00,610.65,4272.65,152.58,1.08,24,0,0.00,7.92,1.50,,0,0.00,23,4.22,4,17.39,3,12.50,2017-02-23,2018-08-27,18,5,713,0.0277
33ac3e28642ab8bda860a2f693000e78,cotia,SP,34,34,35,3661.03,490.09,4151.12,107.68,1.03,34,0,0.00,8.68,2.74,,2,5.88,34,4.21,4,11.76,16,47.06,2017-02-09,2018-07-23,18,2,714,0.0277
8b2492b7ff4468839593fafeed55bad9,sao goncalo,RJ,29,29,45,3660.08,676.18,4336.26,126.21,1.55,28,2,7.14,12.64,2.07,38.00,1,3.45,29,4.17,4,13.79,10,34.48,2017-08-29,2018-07-30,15,1,715,0.0277
56642bcb79900e777d68e91915cb4267,sao paulo,SP,48,47,56,3657.64,814.15,4471.79,76.20,1.17,48,4,8.33,12.48,2.90,13.25,5,10.42,48,4.06,7,14.58,24,50.00,2016-10-10,2018-07-26,8,3,716,0.0277
7f2617c58d5d06806987308b45654351,sao paulo,SP,22,22,23,3656.80,326.47,3983.27,166.22,1.05,22,2,9.09,12.45,2.36,3.50,0,0.00,22,3.82,3,13.64,6,27.27,2017-04-12,2018-06-21,2,1,717,0.0277
5d3bb11474a06bdc23fb9e89f1164ee0,assis,SP,31,31,32,3654.60,524.22,4178.82,117.89,1.03,31,1,3.23,9.68,2.48,8.00,1,3.23,31,3.90,5,16.13,17,54.84,2017-07-05,2018-08-13,10,6,718,0.0276
f97e2b0650c2068227e1d366140eb62f,santo antonio de posse,SP,16,16,21,3654.00,1011.98,4665.98,228.38,1.31,16,1,6.25,14.75,6.69,16.00,0,0.00,15,4.00,3,20.00,8,50.00,2017-06-14,2018-08-19,7,2,719,0.0276
6bb0724edf0b62fb91ac404873a97241,cotia,SP,17,17,18,3653.00,763.52,4416.52,214.88,1.06,17,1,5.88,14.24,1.82,6.00,0,0.00,15,4.47,1,6.67,3,17.65,2017-02-20,2018-04-01,10,1,720,0.0276
38e679b9e0064cd94c6f035707344dae,londrina,PR,27,27,28,3644.15,692.47,4336.62,134.97,1.04,27,1,3.70,11.26,2.78,14.00,0,0.00,26,4.12,4,15.38,0,0.00,2016-10-06,2018-01-30,11,2,721,0.0276
ed4311e67debd72b8610a5347a743087,guarulhos,SP,25,25,26,3636.00,706.81,4342.81,145.44,1.04,24,1,4.17,7.71,1.88,4.00,2,8.00,24,4.63,1,4.17,9,36.00,2017-12-14,2018-08-28,7,1,722,0.0275
1eade46fba20122dc4aefb379f8c636b,sao paulo,SP,58,55,75,3635.37,1038.34,4673.71,62.68,1.29,55,7,12.73,12.44,1.95,12.43,0,0.00,58,4.43,5,8.62,31,53.45,2017-02-13,2018-07-22,8,1,723,0.0275
e49c26c3edfa46d227d5121a6b6e4d37,brejao,PE,34,34,35,3624.35,1141.31,4765.66,106.60,1.03,34,0,0.00,11.56,1.79,,0,0.00,34,4.56,2,5.88,3,8.82,2017-02-04,2018-07-25,30,6,724,0.0274
271c58a1d139c45eaf3316107c6d3a3b,sao paulo,SP,27,27,27,3597.63,634.92,4232.55,133.25,1.00,27,2,7.41,13.11,6.07,5.50,10,37.04,27,4.19,4,14.81,6,22.22,2018-05-02,2018-08-12,6,1,725,0.0272
3364a91ec4d56c98e44174de954b94f6,porto velho,RO,6,6,6,3579.94,273.91,3853.85,596.66,1.00,6,0,0.00,14.83,1.50,,0,0.00,6,3.83,2,33.33,0,0.00,2017-04-29,2017-08-29,4,1,726,0.0271
8f119a0aee85c0c8fc534629734e94fd,barueri,SP,75,75,81,3578.88,1067.01,4645.89,47.72,1.08,74,3,4.05,10.11,3.49,6.33,9,12.00,75,4.28,6,8.00,36,48.00,2017-01-05,2018-08-10,30,8,727,0.0271
99a54764c341d5dc80b4a8fac4eba3fb,sao paulo,SP,44,42,66,3578.76,1298.82,4877.58,81.34,1.50,43,5,11.63,7.60,2.26,3.80,4,9.09,43,3.67,9,20.93,31,70.45,2018-04-27,2018-08-28,31,5,728,0.0271
3c010235b7345c92f125d14ee232a76b,mandirituba,PR,15,15,15,3578.00,427.32,4005.32,238.53,1.00,15,0,0.00,10.93,5.20,,6,40.00,15,4.67,0,0.00,1,6.67,2018-07-02,2018-08-15,6,1,729,0.0271
f2336e113377dd21c744d9c4fc8293a9,sao paulo,SP,4,4,4,3563.00,199.08,3762.08,890.75,1.00,4,0,0.00,20.25,6.50,,2,50.00,4,4.25,0,0.00,0,0.00,2017-02-22,2017-09-15,2,2,730,0.0269
602044f2c16190c2c6e45eb35c2e21cb,ibitinga,SP,48,48,55,3559.17,909.76,4468.93,74.15,1.15,46,8,17.39,15.15,2.07,8.63,0,0.00,47,3.28,16,34.04,18,37.50,2017-10-20,2018-08-23,26,1,731,0.0269
218f991754f360af9c2daa5e0b8e990c,sao paulo,SP,14,14,17,3554.32,265.22,3819.54,253.88,1.21,14,2,14.29,13.86,3.50,18.50,1,7.14,14,3.64,3,21.43,6,42.86,2017-12-18,2018-08-19,4,1,732,0.0269
585175ec331ea177fa47199e39a6170a,montes claros,MG,1,1,1,3549.00,53.47,3602.47,3549.00,1.00,1,0,0.00,8.00,3.00,,0,0.00,1,5.00,0,0.00,0,0.00,2017-02-21,2017-02-21,1,1,733,0.0268
406822777a0b9eb5c50e442dd4cd3ec5,tatui,SP,44,44,46,3548.09,901.12,4449.21,80.64,1.05,44,5,11.36,13.25,2.20,8.20,1,2.27,43,4.33,4,9.30,21,47.73,2017-10-30,2018-08-23,18,2,734,0.0268
a0415d9b25ede3c4b1e477e9916ffc03,nova iguacu,RJ,9,9,9,3544.20,184.94,3729.14,393.80,1.00,9,0,0.00,9.00,2.11,,1,11.11,9,4.22,1,11.11,1,11.11,2017-04-09,2018-01-09,7,2,735,0.0268
66dc1b1632bd6a3e508510c5b3492107,jau,SP,36,36,41,3542.19,689.71,4231.90,98.39,1.14,36,1,2.78,10.17,2.14,5.00,0,0.00,36,3.64,9,25.00,10,27.78,2017-07-19,2018-08-12,20,7,736,0.0268
f3da5b2ff499efb8d4a6d371d175d7dd,sao paulo,SP,77,77,82,3540.89,1099.70,4640.59,45.99,1.06,72,9,12.50,11.42,2.43,14.78,5,6.49,76,3.91,13,17.11,45,58.44,2017-11-04,2018-07-10,29,12,737,0.0268
71039d19d4303bf9054d69e9a9236699,sao paulo,SP,35,34,38,3537.20,621.45,4158.65,101.06,1.09,35,7,20.00,13.83,2.23,4.86,2,5.71,35,3.80,7,20.00,14,40.00,2017-10-07,2018-08-03,26,3,738,0.0268
96804ea39d96eb908e7c3afdb671bb9e,ibia,MG,37,37,39,3530.75,737.25,4268.00,95.43,1.05,37,1,2.70,12.92,3.08,7.00,4,10.81,37,4.14,5,13.51,4,10.81,2017-02-07,2018-04-27,5,5,739,0.0267
6750d71153f00fc58829af2a8ef1bcf1,rio bonito,RJ,6,6,6,3514.00,112.50,3626.50,585.67,1.00,6,0,0.00,9.50,1.00,,0,0.00,6,4.17,1,16.67,0,0.00,2017-03-28,2017-08-08,6,1,740,0.0266
3d8fa2f5b647373c8620330c4e077a9f,sao paulo,SP,42,42,47,3501.74,793.98,4295.72,83.37,1.12,41,1,2.44,9.12,3.27,13.00,3,7.14,41,4.23,5,12.20,22,52.38,2018-04-30,2018-08-15,11,6,741,0.0265
4559697a8f7e637227c2eeaed843baff,presidente prudente,SP,39,37,39,3486.30,703.22,4189.52,89.39,1.00,39,3,7.69,12.87,2.41,3.00,2,5.13,39,4.21,5,12.82,16,41.03,2017-02-14,2018-06-27,3,3,742,0.0264
e7d5b006eb624f13074497221eb37807,santo andre,SP,28,27,63,3478.93,741.49,4220.42,124.25,2.25,28,2,7.14,11.04,2.93,7.50,3,10.71,28,3.93,6,21.43,11,39.29,2017-08-12,2018-07-19,8,2,743,0.0263
8ff38bc3969e67c36c48343a07090f66,sao paulo,SP,2,2,8,3472.00,387.56,3859.56,1736.00,4.00,2,0,0.00,16.50,7.00,,1,50.00,2,2.50,1,50.00,0,0.00,2017-08-01,2017-09-29,1,1,744,0.0263
ed46f1eb4a638113deb2a1137b5f22e9,indaial,SC,4,4,4,3470.00,216.68,3686.68,867.50,1.00,4,0,0.00,7.50,2.50,,0,0.00,4,4.00,1,25.00,1,25.00,2018-07-26,2018-08-23,3,1,745,0.0262
822b63912576852aea9a8436d72317b7,mogi guacu,SP,6,6,7,3465.93,149.34,3615.27,577.66,1.17,6,0,0.00,23.33,15.50,,4,66.67,6,4.83,0,0.00,2,33.33,2016-10-04,2017-01-24,4,1,746,0.0262
bce6a5ecf98e99fd2a8868b15c51f04b,guarulhos,SP,14,14,15,3464.90,241.60,3706.50,247.49,1.07,14,2,14.29,11.71,4.57,7.50,1,7.14,14,4.07,3,21.43,7,50.00,2018-06-02,2018-08-22,3,1,747,0.0262
f0837c8d71434931d9e38e7b79234797,arvorezinha,RS,22,22,23,3446.90,602.46,4049.36,156.68,1.05,20,1,5.00,12.00,1.95,9.00,1,4.55,22,4.59,0,0.00,3,13.64,2017-11-18,2018-08-14,8,1,748,0.0261
df560393f3a51e74553ab94004ba5c87,loanda,PR,26,26,27,3429.78,570.11,3999.89,131.91,1.04,26,2,7.69,18.54,6.92,20.50,6,23.08,26,3.88,2,7.69,0,0.00,2016-10-04,2018-03-10,10,2,749,0.0259
276677b5d08786d5dce7c2149dcce48b,belo horizonte,MG,31,30,45,3424.20,765.25,4189.45,110.46,1.45,29,2,6.90,11.97,2.38,11.00,1,3.23,31,4.03,6,19.35,7,22.58,2018-02-01,2018-08-13,18,6,750,0.0259
b17b679f4f5ce2e03ce6968c62648246,ribeirao preto,SP,50,50,51,3424.18,980.18,4404.36,68.48,1.02,50,8,16.00,19.30,4.68,9.13,9,18.00,50,3.98,8,16.00,18,36.00,2016-10-05,2018-05-14,31,2,751,0.0259
4677a5437afda5fa7140b927b07be1cc,japira,PR,11,11,11,3415.70,420.00,3835.70,310.52,1.00,11,1,9.09,12.36,3.55,1.00,2,18.18,11,4.36,0,0.00,2,18.18,2018-04-13,2018-08-09,9,3,752,0.0258
f4db9b37944bcb8873e6b456ee190bbf,itaquaquecetuba,SP,21,21,22,3409.78,500.16,3909.94,162.37,1.05,20,2,10.00,12.45,2.55,3.00,0,0.00,21,4.57,0,0.00,6,28.57,2017-04-08,2018-08-15,8,2,753,0.0258
827f8f69dfa529c561901c4f2e0f332f,curitiba,PR,91,91,104,3408.39,1595.57,5003.96,37.45,1.14,91,6,6.59,13.67,5.75,9.50,31,34.07,89,4.29,10,11.24,9,9.89,2016-10-07,2018-03-19,60,7,754,0.0258
cfd7ddab722b902f7ac5b5f3ba6d723d,contagem,MG,12,12,13,3385.03,673.08,4058.11,282.09,1.08,11,0,0.00,5.27,1.00,,0,0.00,12,4.75,1,8.33,4,33.33,2018-06-07,2018-08-02,8,5,755,0.0256
960945e1a9535cbc0cd6ddd35fbe7ae8,sao paulo,SP,28,28,29,3381.73,479.80,3861.53,120.78,1.04,27,0,0.00,6.26,1.78,,1,3.57,28,4.64,0,0.00,17,60.71,2018-05-07,2018-08-26,7,3,756,0.0256
1b8356dabde1d35e17cef975c3f82730,sao paulo,SP,55,55,60,3366.40,970.23,4336.63,61.21,1.09,55,1,1.82,10.53,1.78,15.00,0,0.00,55,4.22,5,9.09,17,30.91,2017-02-03,2017-11-13,14,5,757,0.0255
070d165398b553f3b4b851c216b8a358,sao paulo,SP,31,30,38,3333.17,967.94,4301.11,107.52,1.23,31,4,12.90,12.10,4.19,10.50,6,19.35,30,3.37,10,33.33,17,54.84,2017-08-24,2018-08-16,11,1,758,0.0252
6481e96574816ead57975da2c0f6d80d,sorocaba,SP,32,30,43,3324.90,1015.96,4340.86,103.90,1.34,29,1,3.45,7.14,2.62,1.00,1,3.13,32,4.19,3,9.38,25,78.13,2017-12-29,2018-07-28,20,5,759,0.0251
6b90f847357d8981edd79a1eb1bf0acb,guarulhos,SP,45,45,47,3322.08,737.65,4059.73,73.82,1.04,42,0,0.00,5.64,1.43,,0,0.00,45,4.36,3,6.67,30,66.67,2018-06-07,2018-08-29,12,6,760,0.0251
db4350fd57ae30082dec7acbaacc17f9,sao paulo,SP,136,134,145,3304.32,2064.70,5369.02,24.30,1.07,135,4,2.96,10.50,2.47,5.25,3,2.21,135,4.16,16,11.85,48,35.29,2017-03-06,2018-08-21,50,5,761,0.0250
994f04b3718c2bab35c2adfa8afecd2a,jaguariuna,SP,47,46,55,3289.80,754.65,4044.45,70.00,1.17,47,3,6.38,14.00,3.83,43.00,11,23.40,47,4.30,2,4.26,25,53.19,2017-11-13,2018-07-19,25,3,762,0.0249
a2b5b6105ea5942300631d2e76f4ffe0,osasco,SP,16,16,16,3286.69,722.65,4009.34,205.42,1.00,16,1,6.25,8.56,2.69,1.00,0,0.00,16,4.75,0,0.00,7,43.75,2018-05-25,2018-08-20,6,2,763,0.0249
54c04bdb5ec46762f8f08c7e8f86ed4a,florianopolis,SC,18,18,19,3281.66,476.12,3757.78,182.31,1.06,17,2,11.76,16.29,1.82,24.50,0,0.00,18,4.33,2,11.11,2,11.11,2018-02-06,2018-08-09,12,1,764,0.0248
5b51032eddd242adc84c38acab88f23d,borda da mata,MG,12,12,14,3280.00,268.95,3548.95,273.33,1.17,12,0,0.00,11.67,3.42,,0,0.00,12,4.00,1,8.33,5,41.67,2017-10-30,2018-06-16,9,2,765,0.0248
52562a9f449c3dc3d53f5f5b9ed74903,parnamirim,RN,14,14,14,3266.60,444.04,3710.64,233.33,1.00,14,0,0.00,13.43,3.00,,0,0.00,14,4.79,0,0.00,1,7.14,2017-04-27,2018-04-14,4,4,766,0.0247
aeb36d67f1414f234d42a29e27cf1f17,santo andre,SP,4,4,4,3263.80,284.30,3548.10,815.95,1.00,4,1,25.00,19.75,9.50,5.00,2,50.00,4,4.50,0,0.00,2,50.00,2018-05-14,2018-08-06,4,1,767,0.0247
594f9aaa48e5bf431f011ddc5669b0d5,contagem,MG,37,37,38,3248.80,887.61,4136.41,87.81,1.03,36,1,2.78,7.44,0.97,3.00,0,0.00,37,4.59,1,2.70,6,16.22,2018-04-26,2018-08-27,24,5,768,0.0246
a938325a4b357fd23a6a4d5bb126408e,nilopolis,RJ,24,24,25,3231.00,560.81,3791.81,134.63,1.04,24,1,4.17,13.08,3.96,15.00,7,29.17,24,3.83,5,20.83,5,20.83,2017-09-15,2018-08-14,20,1,769,0.0244
643214e62b870443ccbe55ab29a4dccf,sao paulo,SP,65,65,66,3229.23,891.48,4120.71,49.68,1.02,64,7,10.94,9.55,2.22,2.86,6,9.23,65,4.40,3,4.62,33,50.77,2017-09-30,2018-08-22,31,2,770,0.0244
c64a2aec32cc408a8a4c6d7c46017f91,imbe,RS,9,9,9,3221.50,406.67,3628.17,357.94,1.00,9,0,0.00,21.44,6.44,,5,55.56,9,3.89,1,11.11,1,11.11,2017-11-24,2018-02-14,2,1,771,0.0244
afa6714acee029b2dfdf357e5579cc03,descalvado,SP,16,16,17,3220.76,382.82,3603.58,201.30,1.06,16,2,12.50,12.69,2.81,5.00,1,6.25,16,4.25,2,12.50,5,31.25,2016-10-08,2018-08-20,8,4,772,0.0244
4c18691b6037662be2df78a765d98ab5,sao paulo,SP,63,63,67,3195.52,1120.99,4316.51,50.72,1.06,62,4,6.45,9.19,2.05,6.25,2,3.17,63,3.87,11,17.46,27,42.86,2018-02-25,2018-08-28,31,6,773,0.0242
d57e18d5f73c7ccb7f7339b61166898d,sao paulo,SP,61,60,63,3187.70,923.49,4111.19,52.26,1.03,60,0,0.00,9.12,1.77,,1,1.64,61,4.43,5,8.20,26,42.62,2017-09-10,2018-08-21,25,3,774,0.0241
e48b04bf1aa1ef711caebeb7aede6180,curitiba,PR,25,25,25,3187.10,645.63,3832.73,127.48,1.00,25,0,0.00,10.52,2.00,,1,4.00,25,4.48,2,8.00,2,8.00,2017-01-26,2018-07-31,5,3,775,0.0241
e89c4adbe7b1d0819dbb636e16461cf1,indaiatuba,SP,24,24,25,3181.30,454.85,3636.15,132.55,1.04,24,3,12.50,15.00,3.38,15.67,1,4.17,24,3.83,4,16.67,10,41.67,2018-01-10,2018-08-17,8,1,776,0.0241
870d0118f7a9d85960f29ad89d5d989a,pocos de caldas,MG,45,43,61,3157.20,1270.83,4428.03,70.16,1.36,45,2,4.44,14.42,2.60,22.50,3,6.67,45,4.04,4,8.89,7,15.56,2017-04-08,2018-08-27,18,2,777,0.0239
c8b3445d737de6befde0c88ede534a5e,sao paulo,SP,30,30,36,3149.04,651.75,3800.79,104.97,1.20,30,1,3.33,11.53,2.37,6.00,1,3.33,30,4.43,2,6.67,15,50.00,2017-11-17,2018-06-27,7,2,778,0.0238
5bc24d989e71e93c33e50a7782431b0e,campo do meio,MG,17,17,17,3148.00,588.53,3736.53,185.18,1.00,17,0,0.00,9.12,1.53,,1,5.88,17,4.35,2,11.76,0,0.00,2018-05-02,2018-08-21,9,1,779,0.0238
f326006815956455b2859abd58fe7e39,fernandopolis,SP,9,9,30,3147.16,666.02,3813.18,349.68,3.33,9,0,0.00,12.89,2.11,,0,0.00,9,4.67,0,0.00,4,44.44,2017-11-07,2018-08-01,6,3,780,0.0238
3cfa1358a6caa965278721344c8d76f2,sao bernardo do campo,SP,5,5,5,3140.28,81.25,3221.53,628.06,1.00,5,0,0.00,6.20,2.60,,0,0.00,5,4.80,0,0.00,4,80.00,2018-04-18,2018-06-13,4,2,781,0.0238
c394e193cda3b4225ff2094d32184849,sao paulo,SP,2,2,11,3134.89,177.56,3312.45,1567.45,5.50,2,0,0.00,11.50,6.50,,1,50.00,2,5.00,0,0.00,1,50.00,2018-04-19,2018-05-13,1,1,782,0.0237
238fac594e170b59c6d228f5a4f4f1d9,dois corregos,SP,29,29,30,3126.00,1419.52,4545.52,107.79,1.03,28,3,10.71,11.89,1.86,8.33,0,0.00,28,4.00,4,14.29,20,68.97,2017-10-08,2018-08-19,6,1,783,0.0236
21e83881401b92b49fb09a16d3852291,uberlandia,MG,12,12,13,3109.06,497.03,3606.09,259.09,1.08,12,0,0.00,10.92,3.58,,3,25.00,12,4.83,0,0.00,3,25.00,2017-03-09,2018-01-29,8,2,784,0.0235
5b35136197710e16ac5e7b7c2bd4ea85,rio de janeiro,RJ,7,7,9,3104.20,246.09,3350.29,443.46,1.29,7,2,28.57,18.29,2.57,10.50,0,0.00,7,2.57,4,57.14,0,0.00,2017-08-16,2018-03-31,5,1,785,0.0235
5c6d4016c2a288f074fa0848a2b653d2,sao paulo,SP,31,31,34,3100.00,498.13,3598.13,100.00,1.10,31,3,9.68,10.55,2.45,4.00,2,6.45,31,4.16,4,12.90,16,51.61,2017-09-27,2018-08-20,16,4,786,0.0234
08cdbae123ff67ca4e36d9d641ce0119,uba,MG,4,4,6,3098.99,1096.47,4195.46,774.75,1.50,4,2,50.00,24.25,10.75,9.00,4,100.00,4,3.25,2,50.00,0,0.00,2018-02-20,2018-07-29,3,1,787,0.0234
95f83f51203c626648c875dd41874c7f,borda da mata,MG,50,50,65,3077.66,1554.14,4631.80,61.55,1.30,49,2,4.08,11.76,3.92,2.50,6,12.00,50,3.70,14,28.00,18,36.00,2017-11-24,2018-08-20,11,2,788,0.0233
f61c63d13f7cd800549d5acdd390ae72,pilar do sul,SP,26,26,26,3072.30,429.39,3501.69,118.17,1.00,26,2,7.69,11.73,3.58,5.00,3,11.54,26,4.00,3,11.54,17,65.38,2017-09-14,2018-08-20,11,4,789,0.0232
aae3bfea055532c57fb453ed3ec80b30,santo andre,SP,48,48,50,3057.92,799.25,3857.17,63.71,1.04,48,0,0.00,12.52,3.58,,4,8.33,47,3.60,10,21.28,15,31.25,2017-01-18,2018-05-15,5,1,790,0.0231
612a743d294c27884fb7b80d2b19ba35,curitiba,PR,2,2,3,3057.70,104.45,3162.15,1528.85,1.50,2,0,0.00,10.00,5.00,,1,50.00,2,4.50,0,0.00,0,0.00,2017-01-25,2018-08-15,2,2,791,0.0231
d9e8c084b68fe958861d8f2c21202e6b,sao paulo,SP,9,9,12,3050.00,181.86,3231.86,338.89,1.33,9,0,0.00,10.00,3.56,,0,0.00,9,4.33,1,11.11,5,55.56,2017-10-05,2018-07-20,2,2,792,0.0231
b8555308bfdb4ca1ed54325a58da9a97,sao bernardo do campo,SP,26,26,28,3047.20,582.83,3630.03,117.20,1.08,26,2,7.69,10.23,2.31,4.50,0,0.00,26,4.00,3,11.54,11,42.31,2017-12-11,2018-08-23,4,1,793,0.0230
0ebd97a106433a45a4aebe57c1799778,contagem,MG,31,31,32,3046.80,614.88,3661.68,98.28,1.03,31,0,0.00,9.35,2.52,,1,3.23,31,4.48,2,6.45,7,22.58,2017-05-16,2018-07-13,10,1,794,0.0230
4da0e408c99d2fdc2126dc9fce518060,cornelio procopio,PR,44,43,54,3026.00,938.73,3964.73,68.77,1.23,44,0,0.00,9.30,1.68,,1,2.27,44,4.41,3,6.82,9,20.45,2017-01-14,2018-08-13,30,2,795,0.0229
4c8545742faaf58fafd5fd14d25d75cf,fernandopolis,SP,4,4,4,3020.00,196.31,3216.31,755.00,1.00,4,0,0.00,10.00,1.00,,0,0.00,4,4.50,0,0.00,2,50.00,2018-03-15,2018-05-19,4,2,796,0.0228
55f7a3319d80f7fdf078b8f03e6725fe,osasco,SP,22,21,22,3013.78,406.67,3420.45,136.99,1.00,22,1,4.55,6.68,2.05,4.00,2,9.09,22,3.77,4,18.18,12,54.55,2018-07-02,2018-08-22,4,2,797,0.0228
2d50d6282f8aa2257819a77bfaa0efe0,ibitinga,SP,42,42,43,3008.48,754.17,3762.65,71.63,1.02,41,4,9.76,13.76,2.98,9.75,2,4.76,42,3.81,8,19.05,19,45.24,2017-08-31,2018-08-11,14,3,798,0.0228
3bdff180c7e1f6551a643b99c265a120,sao paulo,SP,56,54,58,3008.20,1003.88,4012.08,53.72,1.04,56,1,1.79,10.02,2.13,8.00,1,1.79,55,4.25,5,9.09,26,46.43,2017-02-01,2018-04-17,17,1,799,0.0228
5bc55dbe2f12b6af6d83ed46023e0dc8,coronel fabriciano,MG,17,17,21,2992.10,417.28,3409.38,176.01,1.24,17,4,23.53,13.76,3.47,11.00,2,11.76,17,2.41,10,58.82,1,5.88,2018-02-21,2018-08-13,9,2,800,0.0226
0c7533c71df861ec58ad7ff999ed0e8d,valinhos,SP,61,61,73,2989.30,874.21,3863.51,49.00,1.20,61,3,4.92,10.74,2.80,11.00,9,14.75,61,4.15,9,14.75,27,44.26,2017-07-11,2018-07-28,29,1,801,0.0226
fce62094ffe6a4009188ec44e681dfdd,sao paulo,SP,4,4,11,2969.70,482.93,3452.63,742.43,2.75,4,1,25.00,13.50,2.75,15.00,0,0.00,4,4.00,1,25.00,2,50.00,2017-02-07,2018-03-01,3,3,802,0.0225
9646c3513289980f17226a2fc4720dbd,sao jose dos campos,SP,69,69,76,2964.40,1187.83,4152.23,42.96,1.10,69,2,2.90,11.17,2.32,9.00,1,1.45,69,4.45,4,5.80,28,40.58,2017-01-25,2018-07-20,23,5,803,0.0224
d17f467e4bf608a510c20d82f4ba3b6b,caxias do sul,RS,11,11,11,2963.78,507.53,3471.31,269.43,1.00,11,2,18.18,11.91,5.36,3.50,4,36.36,11,4.27,0,0.00,3,27.27,2018-07-18,2018-07-31,10,3,804,0.0224
b1ac6ea7895bc3dd6f0f6f4abbdd2821,canoas,RS,38,38,38,2962.00,772.36,3734.36,77.95,1.00,37,0,0.00,10.00,3.11,,2,5.26,38,4.53,1,2.63,7,18.42,2017-03-11,2017-12-15,3,1,805,0.0224
8cbac7e12637ed9cffa18c7875207478,jaragua do sul,SC,66,66,81,2955.98,1640.73,4596.71,44.79,1.23,65,4,6.15,14.00,2.57,6.75,4,6.06,66,4.17,7,10.61,5,7.58,2017-01-26,2018-08-27,21,4,806,0.0224
f4aba7c0bca51484c30ab7bdc34bcdd1,sao paulo,SP,108,108,115,2951.90,1515.23,4467.13,27.33,1.06,108,6,5.56,11.06,4.49,7.00,48,44.44,108,3.94,17,15.74,52,48.15,2016-10-10,2017-07-29,12,3,807,0.0223
e908c0f3646e8b60375734a350d95d71,sao paulo,SP,1,1,1,2951.00,58.53,3009.53,2951.00,1.00,1,0,0.00,27.00,8.00,,0,0.00,1,4.00,0,0.00,0,0.00,2017-04-05,2017-04-05,1,1,808,0.0223
dd58ee93286b0821565574c570e9e1dc,curitiba,PR,2,2,2,2948.00,75.31,3023.31,1474.00,1.00,2,0,0.00,12.00,8.00,,1,50.00,2,5.00,0,0.00,1,50.00,2017-01-30,2017-05-06,2,1,809,0.0223
60562ab00b8054280520d390c8c0045c,sao paulo,SP,17,17,17,2943.00,304.09,3247.09,173.12,1.00,16,0,0.00,10.25,2.88,,2,11.76,17,4.76,0,0.00,5,29.41,2017-10-18,2018-08-03,5,1,810,0.0223
f44b6f775a2b390380e0e30b5c9d3eee,sao paulo,SP,10,10,10,2930.00,258.24,3188.24,293.00,1.00,10,0,0.00,8.60,2.70,,1,10.00,10,4.90,0,0.00,5,50.00,2017-06-30,2018-08-26,10,2,811,0.0222
606ce7768feac12c5e8bd58db8b08f0f,campinas,SP,5,5,5,2916.60,102.26,3018.86,583.32,1.00,5,0,0.00,9.80,2.80,,0,0.00,5,4.80,0,0.00,1,20.00,2018-04-24,2018-08-07,5,1,812,0.0221
2156f2671501a81034d7d07f217609d0,sp,SP,21,21,21,2909.50,393.49,3302.99,138.55,1.00,20,3,15.00,15.65,3.30,7.00,1,4.76,21,4.00,3,14.29,6,28.57,2017-09-01,2018-07-26,12,4,813,0.0220
20d83f3ef0e6925fd74bfd59170babf7,sao paulo,SP,40,40,54,2903.60,653.61,3557.21,72.59,1.35,40,2,5.00,9.00,1.83,4.00,0,0.00,40,4.40,3,7.50,20,50.00,2017-03-28,2018-08-28,48,1,814,0.0220
d3dcf0604eabf0224fbd5948b5e02f69,sao paulo,SP,9,9,9,2902.30,165.11,3067.41,322.48,1.00,9,3,33.33,17.56,1.89,11.67,0,0.00,9,3.89,2,22.22,2,22.22,2018-02-15,2018-07-27,8,4,815,0.0220
1771297ac436903d1dd6b0e9279aa505,guarulhos,SP,28,27,36,2881.27,585.16,3466.43,102.90,1.29,27,1,3.70,9.59,1.44,3.00,0,0.00,27,4.63,0,0.00,8,28.57,2017-01-19,2018-08-17,9,3,816,0.0218
1987cd4be10fe09ee50454f9c354d1c6,ouro fino,MG,14,14,16,2877.70,257.53,3135.23,205.55,1.14,14,1,7.14,15.29,5.00,18.00,1,7.14,14,4.36,1,7.14,2,14.29,2017-10-08,2018-03-02,7,1,817,0.0218
bd697db56ff8e7c9cd1abeb7f72029b2,sao paulo,SP,21,21,21,2869.79,329.14,3198.93,136.66,1.00,21,0,0.00,10.81,2.43,,1,4.76,21,4.33,2,9.52,6,28.57,2017-02-12,2018-08-10,17,1,818,0.0217
49e7217cfe4e427191c378ec626d8737,formiga,MG,12,12,13,2868.80,352.09,3220.89,239.07,1.08,12,0,0.00,16.00,4.33,,2,16.67,12,4.08,1,8.33,2,16.67,2017-05-20,2018-05-27,9,2,819,0.0217
430315b7bb4b6e4b3c978f9dfa9b0558,sao paulo,SP,19,19,20,2864.40,550.16,3414.56,150.76,1.05,19,1,5.26,13.37,4.05,8.00,3,15.79,19,3.95,4,21.05,7,36.84,2018-01-09,2018-08-06,13,8,820,0.0217
a6fe7de3d16f6149ffe280349a8535a0,franca,SP,50,50,51,2844.90,729.54,3574.44,56.90,1.02,50,6,12.00,14.88,4.24,7.67,11,22.00,49,4.04,8,16.33,29,58.00,2017-07-11,2018-07-29,12,1,821,0.0215
fec6275253471ace26d209bbaa64cd0f,nova friburgo,RJ,9,9,10,2840.00,355.67,3195.67,315.56,1.11,9,0,0.00,14.00,2.67,,1,11.11,9,4.56,1,11.11,2,22.22,2018-01-22,2018-07-06,2,1,822,0.0215
b494891378bd8f4560abe576c52deacd,sao paulo,SP,19,19,21,2839.00,295.98,3134.98,149.42,1.11,18,0,0.00,5.11,1.00,,0,0.00,19,4.74,1,5.26,10,52.63,2018-06-28,2018-08-20,20,4,823,0.0215
d32e3909cfb714fb2a6cb092c85b9c5f,jundiai,SP,10,10,11,2827.90,251.00,3078.90,282.79,1.10,10,2,20.00,22.30,10.90,7.50,4,40.00,10,3.50,3,30.00,4,40.00,2017-08-10,2018-04-25,8,3,824,0.0214
730937bf88cb151eb2eb849f642fc213,rio claro,SP,22,21,26,2821.20,455.97,3277.17,128.24,1.18,21,1,4.76,6.33,1.24,2.00,0,0.00,22,4.41,2,9.09,15,68.18,2018-04-05,2018-08-19,5,1,825,0.0213
5f1dc28029d2c244352a68107ec2b542,sao paulo,SP,62,62,78,2807.30,996.16,3803.46,45.28,1.26,62,1,1.61,9.50,3.45,7.00,6,9.68,61,4.43,4,6.56,30,48.39,2017-01-17,2018-06-15,36,10,826,0.0212
820cc752a266cdc6c1a1e61dd4583330,maringa,PR,15,15,15,2802.80,275.97,3078.77,186.85,1.00,15,1,6.67,13.87,5.27,3.00,5,33.33,15,4.13,1,6.67,2,13.33,2017-01-31,2018-04-27,4,3,827,0.0212
df56d7b40d437f88407c5f78b63bc328,cascavel,PR,22,22,25,2791.28,460.22,3251.50,126.88,1.14,22,1,4.55,12.45,2.05,47.00,1,4.55,22,4.09,3,13.64,5,22.73,2017-10-19,2018-03-28,8,1,828,0.0211
cb3dd9ce66268c7a3ca7241ac70ab58c,sao paulo,SP,48,45,50,2788.32,820.35,3608.67,58.09,1.04,48,2,4.17,13.94,5.06,25.50,3,6.25,48,4.20,6,12.50,23,47.92,2017-02-07,2018-04-23,25,2,829,0.0211
ae7ab174effdead6c241e547e4ca13f0,arapongas,PR,6,6,7,2778.60,795.46,3574.06,463.10,1.17,6,0,0.00,9.50,3.83,,0,0.00,6,4.33,1,16.67,0,0.00,2018-06-11,2018-08-11,5,1,830,0.0210
c4f7fee5b0db50e87766f5a4d1b1b758,sorocaba,SP,5,5,5,2762.03,152.69,2914.72,552.41,1.00,5,0,0.00,11.80,3.00,,0,0.00,5,4.00,1,20.00,0,0.00,2018-04-15,2018-04-17,4,4,831,0.0209
f125f3a310c2e5f822d116147de1e474,sao paulo,SP,16,16,22,2761.40,287.89,3049.29,172.59,1.38,16,2,12.50,11.88,1.63,19.00,0,0.00,16,4.19,1,6.25,6,37.50,2018-01-15,2018-08-20,4,2,832,0.0209
bb7a14e229b1c95156719c3d9552eeee,rio de janeiro,RJ,10,10,10,2760.20,287.41,3047.61,276.02,1.00,10,1,10.00,11.40,4.20,24.00,1,10.00,10,4.50,1,10.00,4,40.00,2017-10-09,2018-04-20,6,3,833,0.0209
8f54d64f28a993550aa7943f12572959,ipatinga,MG,15,15,16,2755.50,377.62,3133.12,183.70,1.07,15,1,6.67,14.00,1.93,7.00,0,0.00,15,3.73,4,26.67,1,6.67,2017-11-10,2018-08-15,10,1,834,0.0208
a1474fd46fd3430168f7ec202da39408,pinhais,SP,12,12,14,2752.50,661.02,3413.52,229.38,1.17,12,2,16.67,18.00,1.92,5.00,0,0.00,12,4.33,1,8.33,3,25.00,2017-02-21,2017-10-22,8,3,835,0.0208
1838dd9b8977065acf51d95e0053ea7a,belo horizonte,MG,62,62,65,2750.50,1212.79,3963.29,44.36,1.05,62,2,3.23,12.69,1.52,2.00,0,0.00,62,4.37,7,11.29,10,16.13,2017-07-28,2018-08-01,14,3,836,0.0208
1444c08e64d55fb3c25f0f09c07ffcf2,lauro de freitas,BA,1,1,1,2749.00,69.74,2818.74,2749.00,1.00,1,0,0.00,10.00,4.00,,0,0.00,1,1.00,1,100.00,0,0.00,2018-04-28,2018-04-28,1,1,837,0.0208
f7ccf836d21b2fb1de37564105216cc1,ibitinga,SP,69,69,73,2748.40,1107.94,3856.34,39.83,1.06,67,5,7.46,11.15,1.79,14.00,1,1.45,67,3.85,13,19.40,44,63.77,2017-12-08,2018-08-19,23,2,838,0.0208
3fd1e727ba94cfe122d165e176ce7967,araraquara,SP,35,35,36,2747.40,548.49,3295.89,78.50,1.03,35,7,20.00,15.63,2.29,8.57,0,0.00,35,3.94,6,17.14,17,48.57,2017-12-01,2018-04-04,12,1,839,0.0208
f805b96fa705ba7995a221f1749dc141,maringa,PR,7,7,7,2744.44,242.43,2986.87,392.06,1.00,7,0,0.00,12.71,1.00,,0,0.00,7,4.43,0,0.00,0,0.00,2017-06-28,2018-03-14,6,1,840,0.0208
977f9f63dd360c2a32ece2f93ad6d306,tabatinga,SP,23,23,24,2730.07,891.85,3621.92,118.70,1.04,23,2,8.70,12.74,3.17,7.00,4,17.39,23,3.87,4,17.39,12,52.17,2017-09-26,2018-08-20,18,1,841,0.0206
3b872fd4747f01cc56206f2934198618,ibitinga,SP,25,25,27,2726.74,1116.37,3843.11,109.07,1.08,25,4,16.00,14.36,2.40,6.75,1,4.00,25,3.88,4,16.00,14,56.00,2017-11-27,2018-08-21,13,1,842,0.0206
5cbbd5a299cab112b7bf23862255e43e,pinhais,PR,36,36,38,2726.06,659.15,3385.21,75.72,1.06,36,0,0.00,10.69,3.11,,3,8.33,36,4.28,4,11.11,5,13.89,2017-09-14,2018-08-16,22,5,843,0.0206
33576ec5412fb5905d876f12f33bfde6,curitiba,PR,31,31,32,2718.00,569.98,3287.98,87.68,1.03,31,1,3.23,14.71,8.48,5.00,7,22.58,31,4.10,3,9.68,1,3.23,2017-07-12,2018-06-24,1,1,844,0.0206
458d868c9642f55f18f04e951a3fdde6,porto alegre,RS,2,2,2,2718.00,104.75,2822.75,1359.00,1.00,2,0,0.00,17.50,6.00,,0,0.00,2,5.00,0,0.00,0,0.00,2017-05-31,2017-08-01,1,1,844,0.0206
78744a20ee2f80ba64f6804c25def2b8,recife,PE,6,6,6,2715.00,353.85,3068.85,452.50,1.00,6,1,16.67,18.83,4.17,14.00,1,16.67,6,4.17,1,16.67,0,0.00,2017-09-10,2018-08-19,3,1,845,0.0205
fe26f3ecb51a15e6d8335cd92da42562,sao paulo,SP,7,7,7,2708.96,262.59,2971.55,386.99,1.00,7,1,14.29,10.57,3.14,1.00,0,0.00,7,4.43,0,0.00,5,71.43,2017-11-17,2018-02-18,7,2,846,0.0205
d93844a9c55ba7ce353388bcf849ea56,curitiba,PR,12,12,14,2708.50,521.02,3229.52,225.71,1.17,12,0,0.00,16.75,6.17,,5,41.67,12,4.25,1,8.33,1,8.33,2017-03-15,2018-04-29,12,1,847,0.0205
51702dc2a3e106c76dbff722b5bf0726,conchal,SP,13,13,14,2705.10,581.94,3287.04,208.08,1.08,13,0,0.00,14.77,3.54,,0,0.00,13,4.31,1,7.69,5,38.46,2017-02-23,2018-04-29,8,3,848,0.0205
31561f325664a8a7aba4c8d0c3a9b3db,sao paulo,SP,36,36,38,2702.19,627.17,3329.36,75.06,1.06,34,0,0.00,7.56,2.12,,2,5.56,36,4.64,1,2.78,18,50.00,2018-06-05,2018-08-17,25,2,849,0.0204
2a1348e9addc1af5aaa619b1a3679d6b,belo horizonte,MG,48,48,51,2697.40,727.37,3424.77,56.20,1.06,48,13,27.08,27.33,5.15,44.85,20,41.67,47,3.17,17,36.17,12,25.00,2017-01-14,2018-08-02,33,12,850,0.0204
974cf2cb8f4b7add98709c30df02fe10,araraquara,SP,30,30,30,2694.70,497.20,3191.90,89.82,1.00,28,1,3.57,11.61,1.18,13.00,0,0.00,30,4.17,3,10.00,14,46.67,2017-10-16,2018-08-21,9,2,851,0.0204
0015a82c2db000af6aaaf3ae2ecb0532,santo andre,SP,3,3,3,2685.00,63.06,2748.06,895.00,1.00,3,0,0.00,10.67,3.33,,0,0.00,3,3.67,1,33.33,0,0.00,2017-09-26,2017-10-18,1,1,852,0.0203
432c37c9dfba871172ec162e20118b8c,brasilia,DF,44,44,55,2679.87,934.93,3614.80,60.91,1.25,44,4,9.09,14.57,4.50,5.75,7,15.91,44,4.25,5,11.36,4,9.09,2017-03-02,2018-04-12,16,7,853,0.0203
a17f621c590ea0fab3d5d883e1630ec6,sorocaba,SP,63,62,78,2677.92,1094.35,3772.27,42.51,1.24,62,4,6.45,11.44,1.84,6.50,2,3.17,61,4.16,9,14.75,30,47.62,2017-03-23,2018-04-05,34,2,854,0.0203
c9aafcd0621b2207c10e32c649cada4d,sao paulo,SP,40,40,47,2671.26,817.29,3488.55,66.78,1.18,40,3,7.50,8.70,3.03,2.00,5,12.50,40,4.33,4,10.00,24,60.00,2018-07-14,2018-08-10,29,1,855,0.0202
d93919c944be9cff128f6c9cb899eacb,mombuca,SP,33,33,33,2666.70,957.31,3624.01,80.81,1.00,33,5,15.15,22.82,5.48,23.40,15,45.45,33,4.00,6,18.18,10,30.30,2017-11-29,2018-07-24,6,2,856,0.0202
9c068d10aca38e85c50202e17b4a7e88,coxim,MS,17,17,17,2658.90,449.93,3108.83,156.41,1.00,17,3,17.65,16.47,5.53,7.33,5,29.41,16,4.13,3,18.75,0,0.00,2017-10-12,2018-07-30,13,1,857,0.0201
d25aa0aaacb370e912f8cf6efeba38b3,massaranduba,SC,17,17,21,2658.45,714.68,3373.13,156.38,1.24,17,1,5.88,8.65,1.41,4.00,0,0.00,17,4.47,1,5.88,1,5.88,2018-03-11,2018-08-14,5,2,858,0.0201
6f229cc508fc6915ed5c499efd93baa4,rio de janeiro,RJ,13,13,14,2654.80,333.88,2988.68,204.22,1.08,13,2,15.38,9.31,2.15,7.00,0,0.00,13,4.38,2,15.38,3,23.08,2017-08-11,2018-08-11,12,1,859,0.0201
bc302730ea8cf49b5c74f579febb5bbf,campinas,SP,11,11,11,2640.90,289.27,2930.17,240.08,1.00,10,1,10.00,12.00,2.50,1.00,1,9.09,11,3.82,2,18.18,6,54.55,2017-08-07,2018-08-02,9,3,860,0.0200
f1b93673502375d491780bb49d615dbc,sao jose dos campos,SP,8,8,10,2638.93,320.35,2959.28,329.87,1.25,8,1,12.50,14.63,10.00,10.00,4,50.00,8,3.13,3,37.50,6,75.00,2018-03-11,2018-08-18,8,3,861,0.0200
1b7e5006cb25dd23ce8686691013b121,sao paulo,SP,11,11,11,2636.74,149.22,2785.96,239.70,1.00,11,2,18.18,15.36,6.91,2.50,6,54.55,11,4.36,1,9.09,5,45.45,2017-09-30,2018-08-03,7,1,862,0.0199
ccf8813e5a7d6c84d865cd38bfc2b130,taubate,SP,26,26,26,2635.50,415.79,3051.29,101.37,1.00,26,1,3.85,11.31,1.96,8.00,0,0.00,26,4.38,3,11.54,16,61.54,2017-08-30,2018-08-23,8,2,863,0.0199
8d79c8a04e42d722a75097ce5cbcf2ef,caucaia,CE,26,23,27,2627.82,719.43,3347.25,101.07,1.04,26,2,7.69,19.19,2.69,55.00,2,7.69,26,4.58,2,7.69,3,11.54,2017-01-27,2018-03-15,3,1,864,0.0199
9906e7aa42a3c067b7c9a564d01c4320,maringa,PR,12,12,16,2619.00,496.60,3115.60,218.25,1.33,12,2,16.67,16.25,1.25,10.50,0,0.00,12,4.50,1,8.33,0,0.00,2018-02-05,2018-08-21,2,1,865,0.0198
8ab42aa58097fd4668d60cc648225d5f,goiania,GO,20,20,26,2616.75,593.64,3210.39,130.84,1.30,20,0,0.00,10.35,3.45,,3,15.00,20,4.20,1,5.00,1,5.00,2017-10-11,2018-08-03,15,2,866,0.0198
4305fe92735c8a43d154ff6dd2b8d927,coronel fabriciano,MG,17,17,19,2606.10,393.54,2999.64,153.30,1.12,17,0,0.00,11.35,2.71,,2,11.76,17,4.18,2,11.76,1,5.88,2017-07-26,2018-08-25,5,3,867,0.0197
e99e927c81e3f51739c94fcdfca9f10f,uberlandia,MG,21,21,24,2597.85,639.08,3236.93,123.71,1.14,21,1,4.76,14.48,2.62,13.00,1,4.76,21,3.71,4,19.05,3,14.29,2017-01-26,2018-03-23,6,3,868,0.0196
a369d693961cb93b61ca2cc518872a85,sao jose do rio preto,SP,11,11,18,2597.00,616.79,3213.79,236.09,1.64,11,0,0.00,11.09,3.36,,2,18.18,11,3.91,2,18.18,7,63.64,2017-11-15,2018-07-21,7,2,869,0.0196
fdaaf5bfda82b7b80535610c831b8d09,sao jose do rio preto,SP,10,10,15,2588.90,259.42,2848.32,258.89,1.50,9,1,11.11,10.78,1.11,1.00,0,0.00,10,4.20,2,20.00,7,70.00,2017-09-05,2018-05-06,12,2,870,0.0196
f593898ec748b7a8cb81fc04edafd98a,pedreira,SP,19,19,22,2588.04,684.31,3272.35,136.21,1.16,19,3,15.79,16.58,4.79,7.33,2,10.53,19,3.68,5,26.32,7,36.84,2017-09-17,2018-02-06,8,5,871,0.0196
244c2f1bff6afe1f2eaf9bfe9b2aed38,mogi das cruzes,SP,23,22,27,2580.00,1214.87,3794.87,112.17,1.17,23,2,8.70,13.83,3.13,14.50,0,0.00,23,3.78,4,17.39,10,43.48,2017-02-07,2018-02-06,11,1,872,0.0195
2c4c47cb51acd5ea5db5e0ae0e26542a,buritama,SP,12,11,15,2575.90,341.47,2917.37,214.66,1.25,12,0,0.00,10.67,2.33,,1,8.33,12,4.67,0,0.00,6,50.00,2017-09-04,2018-07-29,4,1,873,0.0195
0885aaf116795758dfeb5f1032487bcd,ferraz de vasconcelos,SP,27,27,29,2573.10,499.04,3072.14,95.30,1.07,24,0,0.00,5.79,1.17,,0,0.00,27,4.26,3,11.11,19,70.37,2017-12-14,2018-08-19,19,2,874,0.0195
41ab63a91b8b264e8c8780368bf1dd5b,belo horizonte,MG,12,12,13,2571.95,302.27,2874.22,214.33,1.08,12,0,0.00,16.42,7.67,,1,8.33,12,4.25,2,16.67,2,16.67,2017-10-05,2018-07-12,9,7,875,0.0195
1ce3ae5a399804d1a87e706f8a813c3e,jaguaruna,SC,40,40,44,2563.00,853.69,3416.69,64.08,1.10,39,3,7.69,14.56,2.28,6.67,1,2.50,40,3.75,8,20.00,0,0.00,2017-08-03,2018-08-20,19,1,876,0.0194
cd06602b43d8800bd0afad514919d35c,sao paulo,SP,43,43,52,2555.31,732.54,3287.85,59.43,1.21,42,2,4.76,12.83,4.40,15.50,4,9.30,43,3.74,11,25.58,22,51.16,2017-01-26,2018-08-04,19,3,877,0.0193
157c3e4b42f81ac4a44e8b1ca2fe9876,sao paulo,SP,23,23,31,2548.50,583.32,3131.82,110.80,1.35,22,2,9.09,11.09,3.36,13.50,3,13.04,23,3.70,5,21.74,7,30.43,2017-10-19,2018-08-16,13,2,878,0.0193
b76dba6c951ab00dc4edf0a1aa88037e,sao paulo,SP,157,157,167,2545.31,2282.03,4827.34,16.21,1.06,155,5,3.23,10.43,2.33,10.00,5,3.18,155,4.22,16,10.32,62,39.49,2017-01-06,2018-08-27,37,3,879,0.0193
bb5bd94c8f59cc050072d2930c869cac,sao paulo,SP,16,16,17,2543.87,302.77,2846.64,158.99,1.06,16,0,0.00,14.69,5.69,,7,43.75,16,4.19,1,6.25,3,18.75,2017-02-12,2018-06-08,12,2,880,0.0192
3d39fbf22a665714baf62fae36029e23,campinas,SP,8,8,8,2504.20,130.63,2634.83,313.03,1.00,8,0,0.00,8.50,2.25,,1,12.50,8,4.75,0,0.00,4,50.00,2017-01-14,2017-11-25,4,2,881,0.0189
ffa6adafb71b807dc13159e26431354c,londrina,PR,17,17,17,2500.90,516.48,3017.38,147.11,1.00,15,0,0.00,10.07,1.67,,0,0.00,17,3.94,2,11.76,2,11.76,2018-03-16,2018-08-13,9,5,882,0.0189
b335c59ab742f751a85db9c411a86739,araguari,MG,30,30,31,2494.11,544.93,3039.04,83.14,1.03,30,1,3.33,16.07,7.20,8.00,8,26.67,30,4.03,2,6.67,6,20.00,2016-10-04,2017-12-12,18,3,883,0.0189
de0c78824586e9a5f5f04fd84e25df39,vargem grande paulista,SP,14,14,16,2489.30,208.53,2697.83,177.81,1.14,13,0,0.00,5.46,1.23,,0,0.00,14,4.64,1,7.14,6,42.86,2018-04-08,2018-08-03,4,1,884,0.0188
cea729054f157f5870bdd321a958d994,sao paulo,SP,24,24,26,2482.10,349.52,2831.62,103.42,1.08,22,1,4.55,6.73,1.45,1.00,0,0.00,24,4.13,3,12.50,16,66.67,2018-03-27,2018-08-13,17,2,885,0.0188
6989574bd97d9773f10d232b6c07da59,curitiba,PR,7,7,7,2478.40,321.10,2799.50,354.06,1.00,7,0,0.00,10.86,2.86,,1,14.29,7,4.86,0,0.00,0,0.00,2017-03-22,2018-07-25,4,2,886,0.0187
fe49ee029e61e789a1f3a5525f57ba8d,osasco,SP,16,16,16,2473.69,217.46,2691.15,154.61,1.00,16,1,6.25,10.50,3.00,2.00,2,12.50,16,4.25,2,12.50,9,56.25,2017-11-28,2018-03-19,10,5,887,0.0187
2e3be8a987a30d7544dbbda6861cc14e,belo horizonte,MG,14,14,15,2472.86,278.05,2750.91,176.63,1.07,13,1,7.69,15.46,3.38,54.00,1,7.14,14,3.79,2,14.29,2,14.29,2017-02-07,2018-07-18,12,1,888,0.0187
5eeb9c756d9780b96283e5a2ac6da334,ribeirao preto,SP,9,9,9,2471.00,247.74,2718.74,274.56,1.00,9,2,22.22,16.33,1.33,11.00,0,0.00,9,4.22,1,11.11,3,33.33,2017-10-10,2018-07-18,7,1,889,0.0187
c2d70ce2c5d0a2eb75e78668236e6dc8,sao paulo,SP,13,13,15,2470.90,229.02,2699.92,190.07,1.15,12,0,0.00,8.33,2.17,,0,0.00,13,4.62,0,0.00,5,38.46,2017-09-22,2018-08-27,4,1,890,0.0187
1c40343cc5d18c2d8248ac2f3366de34,limeira,SP,21,21,22,2461.41,378.01,2839.42,117.21,1.05,21,2,9.52,7.52,2.76,1.00,0,0.00,21,4.62,0,0.00,8,38.10,2018-05-28,2018-08-20,12,7,891,0.0186
cce6ab8d1682639fe45ab70234f1665f,curitiba,SP,61,61,64,2442.70,1136.89,3579.59,40.04,1.05,61,2,3.28,15.28,6.89,6.00,8,13.11,61,4.51,3,4.92,22,36.07,2017-05-31,2017-11-28,16,1,892,0.0185
a08692680c77d30a0b4280da5df01c5a,sao paulo,SP,6,5,17,2433.00,227.91,2660.91,405.50,2.83,6,0,0.00,9.17,3.33,,0,0.00,6,5.00,0,0.00,3,50.00,2017-04-07,2018-01-26,4,1,893,0.0184
318f287a62ab7ac10b703ac37435a231,sao paulo,SP,51,50,61,2432.48,1097.04,3529.52,47.70,1.20,51,5,9.80,11.47,4.29,4.80,10,19.61,51,3.92,10,19.61,26,50.98,2017-02-08,2018-08-24,7,2,894,0.0184
4b0fdb526525f9890eb145bf1534640e,ibitinga,SP,18,18,20,2419.00,535.21,2954.21,134.39,1.11,18,0,0.00,9.06,1.22,,0,0.00,18,4.06,3,16.67,11,61.11,2018-02-25,2018-08-22,10,2,895,0.0183
888faa8bfb0b159c37de6d898b961c31,braco do norte,SC,19,19,23,2418.30,526.70,2945.00,127.28,1.21,19,0,0.00,8.32,1.26,,0,0.00,19,4.21,2,10.53,0,0.00,2017-08-07,2018-08-22,14,8,896,0.0183
04aba03279157f6d4e0fe8ccaf21963c,santo antonio de padua,RJ,15,15,15,2416.00,319.23,2735.23,161.07,1.00,15,1,6.67,11.53,3.53,22.00,1,6.67,15,4.53,1,6.67,8,53.33,2017-05-10,2018-08-26,12,1,897,0.0183
d06d019f72a04e5497a0b64190af170c,cotia,SP,17,17,17,2415.93,225.51,2641.44,142.11,1.00,17,0,0.00,8.29,2.29,,0,0.00,17,4.53,1,5.88,9,52.94,2018-03-28,2018-08-21,5,1,898,0.0183
1354d51653f645349064725ed204e85e,sao paulo,SP,18,17,20,2410.00,284.72,2694.72,133.89,1.11,17,0,0.00,9.71,4.29,,4,22.22,18,3.89,4,22.22,7,38.89,2017-06-05,2018-08-21,13,3,899,0.0182
76833248bbc0e65a0293ec62023e4396,birigui,SP,2,2,2,2399.98,230.70,2630.68,1199.99,1.00,2,0,0.00,18.50,8.50,,1,50.00,2,5.00,0,0.00,1,50.00,2017-10-06,2017-11-17,2,1,900,0.0182
82bd0703a4aefd6b599e5bfdaed378fb,marilia,SP,20,20,23,2394.28,378.13,2772.41,119.71,1.15,20,1,5.00,11.65,4.75,6.00,2,10.00,20,4.00,4,20.00,7,35.00,2016-10-04,2017-08-18,15,3,901,0.0181
efcd8d2104f1a05d028af7bad20d974b,aracatuba,SP,46,44,50,2384.79,840.31,3225.10,51.84,1.09,44,1,2.27,9.98,1.91,6.00,1,2.17,46,4.20,4,8.70,23,50.00,2017-04-26,2018-08-22,34,1,902,0.0180
1996942dc085d7773ba77a529b163cd0,pradopolis,SP,9,9,9,2383.52,185.28,2568.80,264.84,1.00,9,0,0.00,11.67,2.33,,1,11.11,9,4.22,1,11.11,4,44.44,2018-05-29,2018-08-15,7,2,903,0.0180
47efca563408aae19bb7206c2d969ea9,teresina,PI,11,11,11,2383.00,408.55,2791.55,216.64,1.00,11,0,0.00,13.73,1.64,,0,0.00,11,4.36,1,9.09,1,9.09,2018-01-05,2018-08-23,4,1,904,0.0180
6bbcb8924baf70b7fe2fe2097e8cd407,blumenau,SC,10,10,11,2382.50,264.33,2646.83,238.25,1.10,10,0,0.00,12.00,1.70,,0,0.00,10,4.50,1,10.00,0,0.00,2017-11-13,2018-08-09,7,2,905,0.0180
acadd4d36859671cb635527c6c977533,santa rosa de viterbo,SP,12,12,12,2381.00,265.94,2646.94,198.42,1.00,12,1,8.33,17.92,3.17,56.00,1,8.33,12,4.25,1,8.33,6,50.00,2017-12-15,2018-08-08,9,2,906,0.0180
cfe94489ddd337d1e29e12f2a7205d10,sao paulo,SP,20,19,24,2376.00,296.82,2672.82,118.80,1.20,20,1,5.00,6.85,2.20,5.00,2,10.00,20,4.30,1,5.00,10,50.00,2018-02-26,2018-08-22,1,1,907,0.0180
323ce52b5b81df2cd804b017b7f09aa7,sao paulo,SP,29,29,29,2374.30,393.35,2767.65,81.87,1.00,29,4,13.79,17.03,4.10,13.50,10,34.48,28,4.43,2,7.14,11,37.93,2018-01-26,2018-08-02,13,2,908,0.0180
120476eb7a04c149d14772edaf5d9bf2,angra dos reis,RJ,4,4,6,2368.80,150.83,2519.63,592.20,1.50,4,0,0.00,7.75,1.75,,0,0.00,4,4.25,0,0.00,1,25.00,2018-07-14,2018-08-10,4,3,909,0.0179
d3f39f05462b79a4562d35893a28f159,mococa,SP,33,33,37,2363.40,529.97,2893.37,71.62,1.12,33,4,12.12,11.85,1.33,14.00,0,0.00,33,3.61,11,33.33,20,60.61,2017-08-23,2018-06-17,6,2,910,0.0179
5160d23075764e18e07c1f4a87fad743,sao bernardo do campo,SP,33,32,38,2359.00,478.64,2837.64,71.48,1.15,33,0,0.00,9.12,2.94,,2,6.06,33,4.36,3,9.09,16,48.48,2017-08-14,2017-12-05,29,1,911,0.0178
4978a02ea9c8be7a9b5480680f40334e,sao paulo,SP,18,18,19,2356.61,340.23,2696.84,130.92,1.06,15,0,0.00,5.40,1.80,,3,16.67,18,3.56,5,27.78,15,83.33,2018-03-21,2018-08-05,14,4,912,0.0178
8603f0038fe0e52fedd3382d266723de,garopaba,SC,10,7,10,2355.00,490.12,2845.12,235.50,1.00,10,0,0.00,21.20,13.00,,2,20.00,10,4.40,1,10.00,5,50.00,2017-04-24,2018-01-24,9,5,913,0.0178
ede0c03645598cdfc63ca8237acbe73d,ribeirao preto,SP,43,43,47,2352.15,708.30,3060.45,54.70,1.09,43,14,32.56,18.44,3.77,10.29,8,18.60,42,3.57,12,28.57,24,55.81,2018-02-21,2018-05-23,24,3,914,0.0178
c004e5ea15737026cecaee0447e00b75,sao paulo,SP,1,1,1,2350.00,105.12,2455.12,2350.00,1.00,1,1,100.00,33.00,24.00,15.00,1,100.00,1,1.00,1,100.00,0,0.00,2018-08-10,2018-08-10,1,1,915,0.0178
3504c0cb71d7fa48d967e0e4c94d59d9,maua,SP,53,53,53,2349.94,687.37,3037.31,44.34,1.00,53,0,0.00,7.21,1.81,,0,0.00,53,4.42,2,3.77,34,64.15,2017-07-05,2017-11-06,14,6,916,0.0178
4391ea5c5990502176a1dcda44a2373d,porto alegre,RS,3,3,5,2349.00,135.30,2484.30,783.00,1.67,3,0,0.00,12.00,2.00,,0,0.00,3,4.67,0,0.00,0,0.00,2017-10-15,2018-05-16,3,2,917,0.0178
34f563c82a85b99ae9e6d60db5fc2e28,campo bom,RS,8,8,8,2332.30,246.20,2578.50,291.54,1.00,8,0,0.00,10.75,3.13,,0,0.00,8,4.63,0,0.00,0,0.00,2018-04-13,2018-08-06,4,3,918,0.0176
62c50c1af4dfdc4149d25c5222043d39,sao paulo,SP,12,12,17,2325.83,281.95,2607.78,193.82,1.42,12,0,0.00,12.17,4.00,,2,16.67,12,4.08,2,16.67,6,50.00,2016-10-05,2017-04-23,4,4,919,0.0176
0bb738e4d789e63e2267697c42d35a2d,sao roque,SP,29,29,30,2308.40,616.94,2925.34,79.60,1.03,28,1,3.57,11.93,2.82,9.00,1,3.45,29,4.66,0,0.00,15,51.72,2017-02-01,2018-06-20,4,2,920,0.0175
fd386aa7bed2af3c7035c65506c9b4a3,sao paulo,SP,69,69,76,2304.15,1012.02,3316.17,33.39,1.10,66,7,10.61,8.48,1.41,8.71,3,4.35,69,4.35,10,14.49,32,46.38,2018-02-23,2018-08-28,41,14,921,0.0174
5a93f3ab0ef4c84ed5e1b5dbf23978bc,monteiro lobato,SP,38,36,43,2299.28,652.94,2952.22,60.51,1.13,38,1,2.63,15.03,3.50,32.00,0,0.00,38,4.79,1,2.63,16,42.11,2017-05-09,2018-03-03,8,2,922,0.0174
f1c1ac3f3efc07e659c035008e615e66,sao paulo,SP,3,3,9,2294.96,214.72,2509.68,764.99,3.00,3,0,0.00,10.67,3.00,,0,0.00,3,3.33,1,33.33,1,33.33,2017-03-30,2017-09-27,3,1,923,0.0174
1d4587203296c8f4ad134dc286fa6db0,sao paulo,SP,40,40,41,2287.50,654.41,2941.91,57.19,1.03,38,1,2.63,9.13,1.58,24.00,1,2.50,40,4.35,4,10.00,15,37.50,2017-12-15,2018-08-27,29,1,924,0.0173
6338ea67c41078a46ad99cc009654956,farroupilha,RS,37,35,44,2286.09,924.30,3210.39,61.79,1.19,37,0,0.00,13.11,4.46,,8,21.62,35,4.60,2,5.71,1,2.70,2017-02-02,2018-08-16,21,1,925,0.0173
7238a95bb63ef7e498389fb863b834a1,limeira,SP,15,15,15,2265.70,569.41,2835.11,151.05,1.00,13,0,0.00,7.77,1.54,,0,0.00,15,4.73,0,0.00,6,40.00,2018-04-27,2018-08-16,6,3,926,0.0171
8fe8786ee000001ab51d030dfd4a7bf1,paulo lopes,SC,5,5,5,2255.00,201.44,2456.44,451.00,1.00,5,0,0.00,15.80,2.80,,0,0.00,5,4.60,0,0.00,1,20.00,2017-11-20,2018-06-22,2,1,927,0.0171
655220df33262c7e0c4949a147366f94,diadema,SP,13,13,15,2245.00,681.53,2926.53,172.69,1.15,13,2,15.38,13.77,1.46,14.00,0,0.00,13,4.08,2,15.38,4,30.77,2018-01-13,2018-05-14,3,2,928,0.0170
dd533b429f380718b70ad9922c294bae,barretos,SP,39,39,43,2244.88,1091.30,3336.18,57.56,1.10,39,4,10.26,17.21,4.79,15.00,8,20.51,39,3.92,6,15.38,8,20.51,2017-03-31,2017-12-29,13,2,929,0.0170
7b8e8ec35bad4b0ef7e3963650b0a87b,tubarao,SC,5,5,5,2244.28,372.02,2616.30,448.86,1.00,5,1,20.00,22.00,2.00,58.00,0,0.00,5,4.80,0,0.00,1,20.00,2018-04-02,2018-07-26,3,2,930,0.0170
5abb8ea023c77787f2c15da891c8d384,joinville,SC,13,13,13,2241.00,746.20,2987.20,172.38,1.00,13,3,23.08,19.62,6.31,5.67,5,38.46,13,3.92,2,15.38,2,15.38,2017-02-17,2017-12-02,5,4,931,0.0169
54583ab379489add547fe47b628db589,sao bernardo do campo,SP,10,9,10,2240.00,151.08,2391.08,224.00,1.00,10,0,0.00,5.00,1.60,,0,0.00,10,4.80,0,0.00,6,60.00,2018-07-23,2018-08-28,6,2,932,0.0169
e5f9e61ceb5f523cc966e0f34095032f,brusque,SC,4,4,4,2238.00,115.44,2353.44,559.50,1.00,4,1,25.00,20.25,6.75,1.00,3,75.00,4,4.00,1,25.00,0,0.00,2017-07-10,2018-02-28,2,2,933,0.0169
cac876b37d3abcd6bd76caca30277996,cascavel,PR,27,27,33,2229.77,729.02,2958.79,82.58,1.22,26,0,0.00,9.88,1.62,,0,0.00,26,4.46,1,3.85,3,11.11,2018-02-13,2018-07-26,14,6,934,0.0169
b83cedfb587e7911540e3f576d6917ce,sao paulo,SP,24,24,25,2224.95,343.80,2568.75,92.71,1.04,24,1,4.17,10.00,2.58,4.00,1,4.17,24,4.21,3,12.50,13,54.17,2017-06-23,2018-05-14,16,2,935,0.0168
9a84ba99f5367fdbd4598363496f1ea2,luziania,GO,15,15,15,2223.38,415.07,2638.45,148.23,1.00,14,0,0.00,10.86,1.79,,0,0.00,15,3.80,2,13.33,0,0.00,2017-03-17,2018-07-03,3,1,936,0.0168
fb89df7f89fd1b8f03fa2acca1ba7364,foz do iguacu,PR,22,22,25,2220.00,467.43,2687.43,100.91,1.14,22,2,9.09,16.09,4.55,7.50,7,31.82,22,3.86,4,18.18,2,9.09,2017-10-10,2018-08-18,10,1,937,0.0168
747e73c01a4593d4cf60dcf970fd2689,vitoria de santo antao,PE,3,3,3,2217.99,123.77,2341.76,739.33,1.00,3,0,0.00,10.33,2.67,,0,0.00,3,4.33,0,0.00,0,0.00,2018-03-01,2018-04-26,3,1,938,0.0168
77a515caa36327151d1cc6c32a9f00e1,diadema,SP,26,26,26,2217.39,396.19,2613.58,85.28,1.00,24,3,12.50,10.88,1.96,10.67,2,7.69,26,4.42,2,7.69,13,50.00,2018-02-28,2018-08-23,19,1,939,0.0168
e5475dcab1e07b63d7f6e902d8f5eda8,diadema,SP,19,19,19,2192.00,251.22,2443.22,115.37,1.00,19,1,5.26,9.47,1.26,2.00,0,0.00,19,4.11,3,15.79,13,68.42,2017-09-10,2018-08-06,10,2,940,0.0166
91f0eec23d4a61d7d7caeefa3f0ad1ca,tubarao,SC,11,11,11,2190.80,354.46,2545.26,199.16,1.00,11,3,27.27,25.91,1.55,26.00,0,0.00,11,3.55,3,27.27,0,0.00,2017-02-08,2018-07-27,2,1,941,0.0166
14a08204d03bb6b6bde8029f801ae0eb,sao paulo,SP,28,28,38,2185.40,593.70,2779.10,78.05,1.36,27,0,0.00,8.63,3.15,,2,7.14,28,3.89,5,17.86,12,42.86,2018-03-15,2018-08-20,24,6,942,0.0165
1b1ae47a313a825a7ccceb8e2e30fa9d,bocaiuva do sul,PR,10,10,10,2184.00,229.37,2413.37,218.40,1.00,10,0,0.00,10.70,2.90,,1,10.00,9,4.22,2,22.22,2,20.00,2017-10-04,2018-05-07,5,4,943,0.0165
850913d59ce317156b00f3705f1c3edb,atibaia,SP,29,29,30,2183.00,518.90,2701.90,75.28,1.03,29,5,17.24,13.41,5.90,5.00,12,41.38,29,3.59,9,31.03,17,58.62,2018-03-07,2018-07-27,9,2,944,0.0165
8ca1551acf9832a4cf467bbbac15851f,campo largo,PR,11,11,12,2176.40,266.54,2442.94,197.85,1.09,11,1,9.09,13.18,3.73,22.00,0,0.00,11,3.91,2,18.18,0,0.00,2018-02-27,2018-08-15,10,3,945,0.0165
b74d1c09cb380e1d03a6f859c6f4224b,rio de janeiro,RJ,30,30,38,2174.61,809.97,2984.58,72.49,1.27,30,4,13.33,10.77,1.57,2.50,0,0.00,30,4.30,3,10.00,4,13.33,2018-02-23,2018-08-09,10,4,946,0.0164
4992e76a42cb3aad7a7047e0d3d7e729,sao paulo,SP,56,56,73,2171.20,992.36,3163.56,38.77,1.30,53,3,5.66,7.25,1.47,4.00,2,3.57,56,3.96,9,16.07,34,60.71,2017-05-12,2018-08-13,22,2,947,0.0164
53d00c40e32aeb924a84ce72b1af869d,ibitinga,SP,17,17,17,2165.85,296.22,2462.07,127.40,1.00,17,2,11.76,16.00,3.29,14.50,3,17.65,17,4.35,1,5.88,5,29.41,2018-01-04,2018-08-04,9,1,948,0.0164
2be17df1c49978426251562096c3cc09,tubarao,SC,16,16,16,2165.00,312.55,2477.55,135.31,1.00,16,1,6.25,12.25,1.69,1.00,0,0.00,16,4.19,1,6.25,0,0.00,2017-01-17,2018-06-30,10,3,949,0.0164
0ffa40d54288e4f3499b8780dd0f144f,presidente prudente,SP,33,33,35,2162.80,583.67,2746.47,65.54,1.06,33,4,12.12,13.39,2.18,7.25,0,0.00,33,4.48,3,9.09,9,27.27,2018-01-10,2018-05-11,21,2,950,0.0164
0725b8c0f3f906e58f70cbe76b7c748c,guarulhos,SP,16,15,36,2161.52,703.95,2865.47,135.10,2.25,16,4,25.00,13.00,5.56,3.75,6,37.50,16,3.66,4,25.00,8,50.00,2017-01-20,2018-08-07,14,5,951,0.0163
7fc87cc3e89b3d1d5cabdca32f8485aa,guarulhos,SP,14,14,14,2153.90,681.92,2835.82,153.85,1.00,14,3,21.43,19.50,15.21,7.33,3,21.43,14,3.57,4,28.57,11,78.57,2018-05-02,2018-08-02,9,3,952,0.0163
f214d28e8d8e3ef068748498ccc2f813,sao paulo,SP,52,52,57,2152.43,785.41,2937.84,41.39,1.10,52,4,7.69,10.44,3.10,7.75,4,7.69,51,4.27,5,9.80,23,44.23,2017-08-13,2018-08-19,21,4,953,0.0163
72bc2cce903c872fe376a8faaa81d237,sao paulo,SP,17,17,18,2149.20,255.77,2404.97,126.42,1.06,17,0,0.00,8.88,3.53,,1,5.88,17,4.65,1,5.88,9,52.94,2017-09-19,2018-08-21,6,2,954,0.0163
e8f6dc8e6a1dcde89d20e3995c8d90b3,sao paulo,SP,35,35,44,2148.74,2016.80,4165.54,61.39,1.26,35,3,8.57,12.80,5.40,7.67,7,20.00,35,4.00,5,14.29,14,40.00,2016-10-04,2017-11-30,29,9,955,0.0163
b56906f7fd1696e043f1bcce164c487b,echapora,SP,40,40,42,2148.49,846.93,2995.42,53.71,1.05,39,2,5.13,12.95,3.31,16.00,4,10.00,40,4.00,8,20.00,11,27.50,2016-10-06,2018-08-08,20,2,956,0.0163
373ee4a3a775a733770ca3f790b8b9ac,rio de janeiro,RJ,13,13,22,2141.49,290.32,2431.81,164.73,1.69,13,1,7.69,9.85,5.31,14.00,4,30.77,13,3.92,3,23.08,10,76.92,2017-02-06,2018-05-08,9,5,957,0.0162
723cd880edaacdb998898b67c8f9da30,ibitinga,SP,11,11,12,2136.53,413.10,2549.63,194.23,1.09,10,1,10.00,10.50,3.10,4.00,2,18.18,11,4.09,2,18.18,4,36.36,2018-03-27,2018-08-20,8,2,958,0.0162
8bdd8e3fd58bafa48af76b2c5fd71974,sao paulo,SP,10,10,10,2135.83,178.39,2314.22,213.58,1.00,8,1,12.50,10.88,1.75,8.00,0,0.00,10,4.90,0,0.00,5,50.00,2018-01-12,2018-08-05,5,1,959,0.0162
f5f2ab9bdb6b30c14c61be68c5ed37da,porto ferreira,SP,18,18,18,2134.68,339.87,2474.55,118.59,1.00,16,0,0.00,11.25,2.56,,1,5.56,18,4.28,2,11.11,3,16.67,2016-10-05,2017-12-04,14,3,960,0.0161
87d30a6a0cbf89356e49324971ab1d24,sao paulo,SP,17,17,17,2134.13,215.78,2349.91,125.54,1.00,17,1,5.88,11.24,2.35,7.00,2,11.76,17,4.35,2,11.76,9,52.94,2017-12-21,2018-06-20,12,1,961,0.0161
9bcdfa7b615b3abb9461d9e3ad9886ae,blumenau,SC,14,14,20,2126.07,397.72,2523.79,151.86,1.43,14,1,7.14,12.79,3.00,7.00,2,14.29,14,4.43,1,7.14,1,7.14,2017-01-31,2018-04-16,10,1,962,0.0161
3a734b715d333a2588a3d54a0c9b8746,osasco,SP,15,15,21,2121.52,348.30,2469.82,141.43,1.40,15,1,6.67,12.20,2.80,13.00,1,6.67,15,4.53,0,0.00,6,40.00,2017-08-04,2018-01-14,9,7,963,0.0160
8f78f0903005064036736c7173a5c2ed,tiradentes,MG,13,13,21,2113.70,632.25,2745.95,162.59,1.62,13,0,0.00,17.31,6.92,,5,38.46,13,3.77,3,23.08,2,15.38,2017-04-12,2018-07-29,10,4,964,0.0160
cf2384dd2f1dddea3f838efed0945e65,serra negra,SP,16,16,16,2101.50,433.44,2534.94,131.34,1.00,16,0,0.00,14.19,3.38,,0,0.00,16,3.94,2,12.50,2,12.50,2017-03-09,2018-08-02,5,2,965,0.0159
ffdd9f82b9a447f6f8d4b91554cc7dd3,curitiba,PR,18,18,20,2101.20,727.46,2828.66,116.73,1.11,17,0,0.00,10.47,4.41,,3,16.67,18,4.33,2,11.11,3,16.67,2017-03-05,2018-08-19,12,2,966,0.0159
e9511df20ccd82658a30c37b7fb343af,bauru,SP,22,22,30,2096.60,726.50,2823.10,95.30,1.36,22,0,0.00,9.59,1.77,,0,0.00,22,4.32,2,9.09,9,40.91,2017-11-23,2018-08-08,9,2,967,0.0159
3bfba5a77604f6dfae7e6dd7aaf65821,londrina,PR,4,4,4,2095.50,122.69,2218.19,523.88,1.00,4,0,0.00,9.25,1.50,,0,0.00,4,5.00,0,0.00,1,25.00,2018-08-09,2018-08-21,4,1,968,0.0158
7f7b8245c336066a1f9933c359f11d77,mogi mirim,SP,38,38,43,2094.36,535.87,2630.23,55.11,1.13,37,1,2.70,8.30,3.43,10.00,1,2.63,38,4.55,3,7.89,28,73.68,2018-04-11,2018-08-17,12,8,969,0.0158
df91910b6a03bb2e3358fa6a35e32f6f,sao paulo,SP,13,13,13,2093.20,363.02,2456.22,161.02,1.00,12,0,0.00,9.33,2.83,,0,0.00,13,4.62,0,0.00,0,0.00,2018-06-24,2018-08-14,4,1,970,0.0158
8de8fe3af4449ed695d2434c933ed73e,sao paulo,SP,1,1,1,2090.00,65.35,2155.35,2090.00,1.00,1,0,0.00,10.00,4.00,,0,0.00,1,5.00,0,0.00,0,0.00,2018-08-04,2018-08-04,1,1,971,0.0158
165b1235e9e9942cb5fae67103576fb0,ribeirao preto,SP,11,11,16,2085.15,404.65,2489.80,189.56,1.45,11,1,9.09,7.64,1.27,6.00,0,0.00,11,4.36,0,0.00,6,54.55,2018-05-20,2018-08-19,9,3,972,0.0158
6aa3928696eab49a19a466e665a649fd,nova iguacu,RJ,18,17,22,2075.00,335.68,2410.68,115.28,1.22,18,1,5.56,8.78,1.44,1.00,0,0.00,18,4.61,1,5.56,9,50.00,2018-03-10,2018-08-17,12,1,973,0.0157
082e0bf4cb865a6533b1e8e498cc0255,botucatu,SP,11,11,23,2073.30,991.03,3064.33,188.48,2.09,11,2,18.18,14.27,2.09,5.00,0,0.00,11,3.27,4,36.36,3,27.27,2017-10-29,2018-08-17,17,2,974,0.0157
e38db885400cd35c71dfd162f2c1dbcf,brasilia,DF,30,30,32,2066.80,670.75,2737.55,68.89,1.07,30,3,10.00,12.70,2.77,2.00,3,10.00,30,4.47,2,6.67,1,3.33,2017-08-20,2018-08-15,17,1,975,0.0156
ed859002ad59dbf8cf3602696a6c3000,londrina,PR,6,6,11,2063.90,225.44,2289.34,343.98,1.83,6,0,0.00,18.67,14.50,,3,50.00,6,4.17,1,16.67,0,0.00,2016-10-04,2017-01-23,4,3,976,0.0156
ea65d8b58316a6f2362f2a9e4b3e86ad,campinas,SP,9,9,16,2061.40,230.82,2292.22,229.04,1.78,9,0,0.00,8.33,2.11,,1,11.11,9,4.00,2,22.22,5,55.56,2018-03-01,2018-08-25,8,6,977,0.0156
f615fe7efbef0f4f08fd3086bc7a3e60,atibaia,SP,22,22,23,2061.37,369.71,2431.08,93.70,1.05,21,2,9.52,7.67,1.05,6.00,0,0.00,22,4.50,3,13.64,14,63.64,2017-07-12,2017-10-09,17,4,978,0.0156
412a4720f3e9431b4afa1476a1acddbe,campinas,SP,21,20,22,2058.10,511.06,2569.16,98.00,1.05,21,1,4.76,10.38,1.52,56.00,0,0.00,21,4.24,2,9.52,13,61.90,2017-09-10,2018-08-13,8,3,979,0.0156
4e8dacf3d38f281ae26c3e0321d92d88,sao paulo,SP,8,8,9,2055.46,140.58,2196.04,256.93,1.13,8,1,12.50,12.25,5.13,2.00,4,50.00,8,3.13,3,37.50,4,50.00,2017-01-27,2017-03-14,4,2,980,0.0155
be9a160a9011f627c3e121d076c1ec7b,jaragua do sul,SC,5,5,5,2055.00,175.12,2230.12,411.00,1.00,5,0,0.00,14.80,6.40,,1,20.00,5,4.60,0,0.00,0,0.00,2017-03-26,2017-10-27,5,1,981,0.0155
bc2ac6b95e1accce9858528ee566c17e,campinas,SP,18,17,22,2045.00,234.56,2279.56,113.61,1.22,18,0,0.00,4.56,1.00,,0,0.00,18,4.56,2,11.11,15,83.33,2017-08-21,2018-05-21,14,1,982,0.0155
f7720c4fa8e3aba4546301ab80ea1f1b,curitiba,PR,59,58,77,2043.55,1317.24,3360.79,34.64,1.31,57,3,5.26,11.09,2.44,16.00,2,3.39,59,4.26,4,6.78,7,11.86,2017-03-28,2018-08-17,27,3,983,0.0155
c6381d2d013342748761e906d45aff76,portao,RS,15,15,28,2042.98,571.28,2614.26,136.20,1.87,15,0,0.00,15.80,5.93,,4,26.67,15,3.87,4,26.67,2,13.33,2017-10-31,2018-07-25,7,2,984,0.0155
78c99c6dff4eeae5be99bf635ed21e3f,marilia,SP,31,31,39,2030.88,664.89,2695.77,65.51,1.26,31,2,6.45,13.42,2.58,22.50,3,9.68,31,4.42,3,9.68,8,25.81,2017-02-08,2017-08-18,15,1,985,0.0154
71592660bbcb6a4664e97b6f8b68babc,sao jose do rio preto,SP,6,6,7,2027.18,173.37,2200.55,337.86,1.17,6,0,0.00,12.33,1.17,,0,0.00,6,4.33,0,0.00,2,33.33,2018-02-16,2018-07-31,6,4,986,0.0153
0ed6ce5d87fd9c69eaacaeb778d67235,americana,SP,42,42,42,2026.52,670.78,2697.30,48.25,1.00,42,6,14.29,15.93,5.07,9.33,10,23.81,41,4.39,2,4.88,11,26.19,2017-10-05,2018-08-21,25,4,987,0.0153
fac1a9017ade7bdc94058fc1c969f355,sao paulo,SP,9,9,10,2010.84,212.07,2222.91,223.43,1.11,9,0,0.00,7.56,1.67,,0,0.00,9,4.67,0,0.00,5,55.56,2018-05-11,2018-08-17,9,2,988,0.0152
1782ce2db72c3dda627d5e7c898104e1,taboao da serra,SP,9,9,10,2010.80,207.37,2218.17,223.42,1.11,9,1,11.11,29.33,2.11,132.00,0,0.00,9,4.33,0,0.00,1,11.11,2017-02-06,2018-05-05,7,3,989,0.0152
3a1a1fec38dd360f15fc912e821e169d,sao paulo,SP,15,15,15,2007.38,371.25,2378.63,133.83,1.00,15,4,26.67,14.27,3.27,7.75,3,20.00,15,3.87,3,20.00,9,60.00,2017-10-28,2018-05-05,12,1,990,0.0152
116ccb1a1604bc88e4d234a8c23f33de,sao bernardo do campo,SP,61,61,73,2004.89,943.44,2948.33,32.87,1.20,59,2,3.39,8.93,1.73,1.00,0,0.00,61,4.64,2,3.28,32,52.46,2017-11-09,2018-08-21,27,6,991,0.0152
d6ab728cf30867cf3f1a2e216ae2f9b7,sao paulo,SP,12,12,14,2002.00,231.82,2233.82,166.83,1.17,12,0,0.00,10.67,1.92,,1,8.33,12,4.42,1,8.33,5,41.67,2018-03-12,2018-08-21,13,2,992,0.0151
3d2531eccfbde1d7c8db7a3a12fb267a,contagem,MG,10,10,10,1999.54,213.06,2212.60,199.95,1.00,10,0,0.00,9.90,2.90,,1,10.00,9,4.22,1,11.11,1,10.00,2018-04-24,2018-08-19,2,1,993,0.0151
8ec76bb0965af3f007692b26fa9d6623,criciuma,SC,1,1,1,1999.00,29.75,2028.75,1999.00,1.00,1,0,0.00,11.00,3.00,,0,0.00,1,5.00,0,0.00,0,0.00,2017-11-17,2017-11-17,1,1,994,0.0151
6b536a23086fba0d58c08d68814397f6,niteroi,RJ,18,18,22,1996.80,359.74,2356.54,110.93,1.22,17,1,5.88,12.12,1.88,21.00,1,5.56,18,4.11,3,16.67,5,27.78,2017-10-25,2018-07-28,5,2,995,0.0151
17908cf9b444ee34047cadd5c0f4a516,anapolis,GO,11,11,11,1993.99,501.42,2495.41,181.27,1.00,11,1,9.09,18.91,3.09,26.00,0,0.00,11,4.55,0,0.00,0,0.00,2017-09-21,2018-08-11,9,1,996,0.0151
bf100ecb7997df312b285358fb32f92c,sao jose dos pinhais,PR,20,20,21,1991.90,345.11,2337.01,99.60,1.05,20,0,0.00,9.70,3.15,,1,5.00,18,4.44,0,0.00,2,10.00,2017-01-23,2018-02-04,9,3,997,0.0151
9449f25aeaf531019b76999ea49a6949,rio de janeiro,RJ,9,9,9,1979.55,170.49,2150.04,219.95,1.00,9,2,22.22,13.56,3.00,5.50,0,0.00,9,4.22,1,11.11,7,77.78,2017-06-08,2018-04-18,8,1,998,0.0150
13074f016982ff2bd6c58ced8682f000,bento goncalves,RS,13,13,14,1977.00,775.66,2752.66,152.08,1.08,13,3,23.08,14.92,4.23,10.33,2,15.38,13,4.15,1,7.69,5,38.46,2017-11-02,2018-07-10,4,2,999,0.0150
c013e57c075a06e5b5c48ee03c525719,sao carlos,SP,42,41,45,1971.55,857.11,2828.66,46.94,1.07,41,2,4.88,9.20,1.61,6.00,1,2.38,42,4.24,4,9.52,22,52.38,2018-02-27,2018-08-26,13,1,1000,0.0149
91f5779a8731baca4809fdeade81803f,barra mansa,RJ,6,6,6,1971.46,145.63,2117.09,328.58,1.00,6,0,0.00,16.17,5.00,,1,16.67,6,3.83,1,16.67,0,0.00,2017-11-14,2018-04-09,5,2,1001,0.0149
f41ce2e25237f9092cd8e6e7516c7a2f,guarulhos,SP,26,25,27,1961.90,323.92,2285.82,75.46,1.04,26,0,0.00,8.65,3.15,,2,7.69,26,4.42,1,3.85,15,57.69,2016-10-07,2017-12-18,10,5,1002,0.0148
bf84056e679dbe9c69929847a40e338f,sao paulo,SP,35,35,38,1918.08,438.50,2356.58,54.80,1.09,35,2,5.71,12.51,4.11,25.50,6,17.14,35,3.77,6,17.14,24,68.57,2018-02-19,2018-04-29,3,2,1003,0.0145
93b9a99027bd8bd6af682aff18dd19bf,mairipora,SP,19,19,20,1916.00,450.79,2366.79,100.84,1.05,19,0,0.00,11.37,4.05,,1,5.26,18,4.11,1,5.56,12,63.16,2017-01-26,2018-08-05,15,3,1004,0.0145
cd843d4cf8ef32827de0396605163ba3,juiz de fora,MG,5,5,5,1915.00,697.56,2612.56,383.00,1.00,5,0,0.00,16.00,5.40,,3,60.00,5,3.80,0,0.00,1,20.00,2017-07-28,2018-08-13,3,1,1005,0.0145
9dda5bbacd45e18d6485fee649205d09,santa rita do sapucai,MG,19,19,22,1912.60,506.73,2419.33,100.66,1.16,19,1,5.26,15.05,6.21,16.00,11,57.89,19,4.11,3,15.79,4,21.05,2017-03-27,2018-08-07,18,2,1006,0.0145
901b460cdce0c64e471230d7f2f9f3a3,porto alegre,RS,5,5,5,1904.00,108.56,2012.56,380.80,1.00,5,0,0.00,15.20,4.00,,2,40.00,5,4.40,1,20.00,0,0.00,2017-10-18,2018-07-15,5,2,1007,0.0144
6df688df543f90e9b38f4319e75a9d88,belo horizonte,MG,39,39,55,1891.76,769.44,2661.20,48.51,1.41,39,0,0.00,7.87,1.41,,0,0.00,39,4.56,1,2.56,10,25.64,2017-01-31,2017-11-22,23,2,1008,0.0143
112453736dbe3889cfb74e1aaa0ba0c1,sao paulo,SP,7,7,14,1890.00,264.77,2154.77,270.00,2.00,7,0,0.00,13.29,4.86,,2,28.57,7,4.14,1,14.29,2,28.57,2018-06-13,2018-08-18,2,2,1009,0.0143
5ab05b6d86d417796c69ffd6774ec832,assis,SP,10,9,12,1886.10,256.75,2142.85,188.61,1.20,10,1,10.00,14.00,3.10,13.00,1,10.00,10,3.80,2,20.00,5,50.00,2017-01-20,2018-08-26,2,1,1010,0.0143
65b081a070633e057c462abdd6fb9dd8,morrinhos,GO,19,19,20,1885.09,441.58,2326.67,99.22,1.05,19,0,0.00,11.95,2.16,,1,5.26,19,4.32,2,10.53,2,10.53,2017-10-26,2018-05-07,16,1,1011,0.0143
5debea795b07621e1f90532e18f96145,apucarana,PR,25,25,33,1883.78,504.35,2388.13,75.35,1.32,25,0,0.00,10.12,2.76,,2,8.00,25,4.36,2,8.00,6,24.00,2017-10-21,2018-08-15,22,2,1012,0.0142
4c8b8048e33af2bf94f2eb547746a916,ibitinga,SP,19,19,23,1882.45,385.43,2267.88,99.08,1.21,19,2,10.53,18.53,5.68,22.50,4,21.05,19,3.37,6,31.58,9,47.37,2017-08-22,2018-08-24,19,5,1013,0.0142
e24d3429d294b2eb200b064ebb035879,sao paulo,SP,19,19,22,1878.58,372.12,2250.70,98.87,1.16,16,0,0.00,6.88,0.88,,0,0.00,19,4.26,2,10.53,8,42.11,2018-06-25,2018-08-26,14,1,1014,0.0142
5b33b527da3c5b969cc99dc435cad09a,paranavai,PR,16,16,17,1872.79,365.55,2238.34,117.05,1.06,16,1,6.25,12.63,1.25,13.00,0,0.00,16,4.13,2,12.50,1,6.25,2017-01-29,2018-08-11,7,5,1015,0.0142
abbf6046bbdf1028606a5bc7f00c99e7,xanxere,SC,6,6,6,1867.25,127.01,1994.26,311.21,1.00,6,0,0.00,11.50,1.83,,0,0.00,6,4.67,0,0.00,1,16.67,2018-01-24,2018-05-02,4,1,1016,0.0141
95ec4458365c4d11f452ccf538377619,limeira,SP,27,27,31,1866.76,436.67,2303.43,69.14,1.15,26,1,3.85,6.35,2.81,2.00,2,7.41,26,4.62,1,3.85,21,77.78,2018-01-16,2018-08-20,15,4,1017,0.0141
4e5725ba188db8252977a4f0227bd462,ribeirao preto,SP,21,21,24,1865.09,364.27,2229.36,88.81,1.14,21,5,23.81,20.86,3.10,15.00,1,4.76,21,3.52,7,33.33,9,42.86,2018-02-20,2018-05-25,13,2,1018,0.0141
daeb5653dd96c1b11860f72209795012,belo horizonte,MG,38,38,39,1864.10,588.89,2452.99,49.06,1.03,37,3,8.11,11.68,2.51,14.33,2,5.26,38,4.25,4,10.53,11,28.95,2017-09-07,2018-08-10,26,8,1019,0.0141
3e8bd881d92466e63ba9e3e809cd3c50,rio de janeiro,RJ,8,8,9,1862.38,187.43,2049.81,232.80,1.13,8,2,25.00,14.00,1.50,3.00,0,0.00,7,4.57,0,0.00,2,25.00,2018-02-16,2018-04-25,7,4,1020,0.0141
0417b067eeab773d2f7061a726dc477f,sao bento do sul,SC,13,13,13,1859.18,642.57,2501.75,143.01,1.00,13,3,23.08,17.46,2.00,11.33,2,15.38,13,3.92,3,23.08,1,7.69,2018-03-01,2018-08-20,11,1,1021,0.0141
c8467937e403e76a8ee9f0ab13f6f5ef,pocos de caldas,MG,30,30,33,1853.79,588.95,2442.74,61.79,1.10,30,4,13.33,16.87,4.20,6.25,6,20.00,28,4.07,4,14.29,6,20.00,2017-09-21,2018-08-13,6,1,1022,0.0140
8c3b533c63cca56240f94f1e3a6b18ef,belo horizonte,MG,3,3,5,1849.50,610.32,2459.82,616.50,1.67,3,2,66.67,43.33,25.00,18.50,3,100.00,2,2.00,1,50.00,0,0.00,2017-02-05,2017-05-15,2,2,1023,0.0140
30c7f28fd3a5897b2c82d152bb760c17,niteroi,RJ,6,6,6,1849.38,311.09,2160.47,308.23,1.00,6,1,16.67,20.33,10.00,6.00,3,50.00,5,1.40,4,80.00,2,33.33,2017-04-22,2017-11-28,4,4,1024,0.0140
a4bd6e9adf39b63f43dc545d3ca1f53d,rio de janeiro,RJ,4,4,5,1848.59,112.38,1960.97,462.15,1.25,4,0,0.00,10.50,3.25,,1,25.00,4,4.50,0,0.00,0,0.00,2017-04-15,2018-05-03,4,2,1025,0.0140
74bafed391319577bce6f4d2acc0589a,sao paulo,SP,3,3,3,1847.00,237.73,2084.73,615.67,1.00,3,0,0.00,7.00,1.33,,0,0.00,3,2.67,2,66.67,1,33.33,2017-09-16,2018-04-16,2,2,1026,0.0140
272f092de69afedd4d2969440b37f18f,sao paulo,SP,25,22,39,1846.33,528.13,2374.46,73.85,1.56,25,0,0.00,10.16,2.80,,4,16.00,24,3.94,5,20.83,8,32.00,2017-02-05,2017-10-15,24,4,1027,0.0140
3a4127e1ba7208ea37044c5092aae170,sao paulo,SP,5,5,5,1842.70,81.45,1924.15,368.54,1.00,5,0,0.00,11.40,2.80,,1,20.00,5,4.00,1,20.00,2,40.00,2018-04-19,2018-07-13,2,1,1028,0.0139
ffeee66ac5d5a62fe688b9d26f83f534,mirassol,SP,14,14,14,1839.86,419.69,2259.55,131.42,1.00,14,2,14.29,18.00,6.71,12.50,5,35.71,14,4.21,2,14.29,8,57.14,2017-09-30,2018-05-14,3,1,1029,0.0139
7ade73f1b9b4e965f9009a4c3a7e2c15,bauru,SP,26,26,27,1835.30,439.45,2274.75,70.59,1.04,26,0,0.00,9.58,2.77,,1,3.85,26,4.77,0,0.00,14,53.85,2018-04-13,2018-08-11,12,6,1030,0.0139
6a38087bc8ad4f89ff453561005f6dea,anapolis,GO,15,15,22,1833.43,547.92,2381.35,122.23,1.47,13,0,0.00,10.85,1.54,,0,0.00,15,4.60,0,0.00,2,13.33,2018-05-18,2018-08-17,3,2,1031,0.0139
c679fb69a36e1d8349e8c50a217b4d58,caxias do sul,RS,14,14,17,1825.68,388.21,2213.89,130.41,1.21,14,1,7.14,10.93,4.93,18.00,2,14.29,13,3.85,3,23.08,1,7.14,2018-07-22,2018-08-20,13,2,1032,0.0138
55bb6fe5bebe5012e2d7d9928e1128ff,bauru,SP,15,15,16,1816.55,576.47,2393.02,121.10,1.07,15,2,13.33,15.00,3.60,12.00,4,26.67,15,3.47,6,40.00,4,26.67,2018-01-20,2018-07-30,11,5,1033,0.0137
a5a1bfcf728ab0e19182959cf0771ee4,socorro,SP,21,21,24,1812.96,347.89,2160.85,86.33,1.14,21,1,4.76,13.38,1.71,56.00,0,0.00,21,4.33,1,4.76,13,61.90,2018-01-07,2018-08-20,6,3,1034,0.0137
729b2d09b2a0bdab221076327f13d050,mineiros do tiete,SP,48,48,60,1805.21,934.70,2739.91,37.61,1.25,48,2,4.17,12.48,3.42,8.00,5,10.42,48,4.56,2,4.17,22,45.83,2017-11-14,2018-08-21,21,2,1035,0.0137
5b85809efd0d0e4dea1a9544e1280ed9,presidente prudente,SP,12,12,14,1804.60,292.76,2097.36,150.38,1.17,10,0,0.00,7.60,1.00,,0,0.00,12,4.25,1,8.33,5,41.67,2018-05-16,2018-08-20,8,2,1036,0.0136
411f3b52d857390502ee4e4d5ceabc2d,ribeirao pires,SP,21,21,30,1804.01,378.71,2182.72,85.91,1.43,18,2,11.11,10.44,2.00,17.00,1,4.76,19,4.11,3,15.79,12,57.14,2018-04-09,2018-08-22,13,4,1037,0.0136
7fdb0720c8d7c9075538b365dc8c3a22,toledo,PR,9,9,10,1804.00,484.31,2288.31,200.44,1.11,9,1,11.11,19.11,8.11,6.00,4,44.44,9,2.44,5,55.56,1,11.11,2018-04-21,2018-07-22,3,3,1038,0.0136
2ff6b7bff164ef05590a52734e1296da,londrina,PR,7,7,7,1803.59,151.53,1955.12,257.66,1.00,7,0,0.00,11.71,2.00,,0,0.00,7,4.71,0,0.00,1,14.29,2017-11-01,2018-05-11,6,4,1039,0.0136
15fa791d5e017f66402dc28c44480657,sao paulo,SP,8,8,8,1802.00,181.29,1983.29,225.25,1.00,8,1,12.50,11.38,1.13,14.00,0,0.00,8,4.25,1,12.50,4,50.00,2018-02-16,2018-06-12,4,1,1040,0.0136
c3e1abd72a42fe690fcd89cf5720fe29,mogi guacu,SP,13,13,13,1798.61,168.97,1967.58,138.35,1.00,10,0,0.00,4.20,0.80,,0,0.00,13,4.46,1,7.69,9,69.23,2018-05-22,2018-08-13,5,1,1041,0.0136
1976a05ecf2996d6ffb7b5430e635fe7,assis,SP,8,8,9,1796.20,394.46,2190.66,224.53,1.13,8,2,25.00,17.50,7.50,4.50,3,37.50,8,3.88,2,25.00,2,25.00,2017-02-25,2017-09-12,4,4,1042,0.0136
a36b125ac6d5fdbc7f50de85c9157bdc,ribeirao preto,SP,23,23,25,1793.65,373.89,2167.54,77.98,1.09,23,2,8.70,12.91,3.26,3.50,1,4.35,23,3.96,3,13.04,12,52.17,2016-10-10,2018-08-04,10,3,1043,0.0136
406740ee611378a662d274c7d8c43c4a,vitoria,ES,8,8,10,1790.00,182.08,1972.08,223.75,1.25,8,1,12.50,15.13,3.00,4.00,0,0.00,8,4.38,1,12.50,0,0.00,2018-03-08,2018-04-13,2,2,1044,0.0135
fa3a0b5aabb344b9a92e3524b0202123,sao jose dos pinhais,SP,7,7,7,1789.00,164.41,1953.41,255.57,1.00,7,1,14.29,11.57,3.86,4.00,1,14.29,7,4.14,1,14.29,2,28.57,2018-01-26,2018-06-16,3,1,1045,0.0135
293dee954235e4e4e43f129313625ebe,brasilia,DF,8,8,8,1778.92,240.30,2019.22,222.37,1.00,8,0,0.00,14.50,2.13,,0,0.00,8,5.00,0,0.00,0,0.00,2017-10-11,2018-01-16,6,2,1046,0.0135
07bf9669d84d1f11be443a9dd938f698,sao paulo,SP,18,18,24,1776.00,646.22,2422.22,98.67,1.33,18,0,0.00,8.22,1.89,,0,0.00,18,3.72,5,27.78,6,33.33,2017-03-08,2018-06-27,11,2,1047,0.0134
d97df38225e5abadaff1e72cb72b823c,sao caetano do sul,SP,28,28,28,1776.00,501.55,2277.55,63.43,1.00,28,4,14.29,12.11,1.96,11.75,1,3.57,27,3.93,6,22.22,12,42.86,2017-11-03,2018-08-08,18,1,1047,0.0134
3481aa57cd91f9f9d3fa1fa12d9a3bf7,capivari,SP,25,24,25,1773.03,774.14,2547.17,70.92,1.00,25,0,0.00,10.20,4.76,,13,52.00,25,3.88,5,20.00,21,84.00,2016-10-04,2017-08-22,7,3,1048,0.0134
ca4b77513ac2040591b0d8fae6958380,sando andre,SP,14,14,15,1772.45,201.17,1973.62,126.60,1.07,14,2,14.29,7.71,2.29,8.00,2,14.29,14,4.50,1,7.14,8,57.14,2018-07-15,2018-08-22,12,1,1049,0.0134
d5b9a084373da994a6e37f732169a853,santo andre,SP,7,7,7,1769.00,176.29,1945.29,252.71,1.00,7,1,14.29,18.00,7.00,5.00,6,85.71,7,3.57,2,28.57,2,28.57,2018-01-20,2018-05-07,5,1,1050,0.0134
1690cada046eb7e92c12f98b1f8a8167,sao paulo,SP,10,10,10,1760.00,232.91,1992.91,176.00,1.00,10,1,10.00,7.20,2.00,2.00,1,10.00,10,4.90,0,0.00,5,50.00,2018-04-16,2018-08-10,3,1,1051,0.0133
f63d8f293af3a6454377546bd9dd19ff,votorantim,SP,17,17,28,1751.82,495.13,2246.95,103.05,1.65,17,1,5.88,16.06,4.06,15.00,0,0.00,17,4.47,2,11.76,5,29.41,2017-05-14,2018-02-13,11,2,1052,0.0132
cb810bd318f51b3dc3c753944d61a1fa,niteroi,RJ,1,1,1,1750.00,39.02,1789.02,1750.00,1.00,1,0,0.00,12.00,4.00,,0,0.00,1,4.00,0,0.00,0,0.00,2018-08-16,2018-08-16,1,1,1053,0.0132
dd4d95ba2d15c071e6c695e2ef6ce169,cachoeiro de itapemirim,ES,4,4,4,1748.00,214.41,1962.41,437.00,1.00,4,2,50.00,14.25,4.25,5.50,0,0.00,4,4.25,0,0.00,1,25.00,2018-07-08,2018-08-12,2,1,1054,0.0132
4bf658053d453036c70976bccb2c31b2,sao jose do rio preto,SP,2,2,2,1742.99,81.57,1824.56,871.50,1.00,2,0,0.00,24.50,14.00,,2,100.00,2,4.50,0,0.00,1,50.00,2017-04-15,2017-05-18,2,2,1055,0.0132
c8417879a15366a17c30af34c798c332,sao paulo,SP,25,25,35,1734.70,458.15,2192.85,69.39,1.40,25,1,4.00,9.40,1.80,1.00,0,0.00,24,4.29,2,8.33,11,44.00,2017-02-22,2017-09-28,15,5,1056,0.0131
198c7ea11960a9844b544d9bcdca860c,jacutinga,MG,25,25,25,1733.75,491.63,2225.38,69.35,1.00,25,2,8.00,14.56,2.32,9.50,1,4.00,25,3.88,6,24.00,3,12.00,2017-01-26,2017-08-22,4,2,1057,0.0131
dc8798cbf453b7e0f98745e396cc5616,sao paulo,SP,35,35,43,1733.00,525.95,2258.95,49.51,1.23,35,2,5.71,13.37,7.83,8.00,12,34.29,35,3.37,11,31.43,20,57.14,2016-10-05,2017-11-06,34,3,1058,0.0131
6ddc28b61be28373b4503a1f61cf98a9,sao paulo,SP,11,11,11,1732.90,167.19,1900.09,157.54,1.00,10,1,10.00,7.30,1.20,5.00,0,0.00,11,4.18,1,9.09,4,36.36,2018-06-14,2018-08-15,10,2,1059,0.0131
c5f7feb04a6a1fb3596322bfc3cf1917,sao caetano do sul,SP,11,11,11,1720.60,337.86,2058.46,156.42,1.00,10,1,10.00,10.30,2.10,18.00,0,0.00,11,4.27,2,18.18,6,54.55,2018-06-14,2018-08-17,10,1,1060,0.0130
d3674f271c91f824f82d24d92011f669,brasilia,DF,20,20,20,1718.30,383.52,2101.82,85.92,1.00,20,2,10.00,13.75,2.10,5.50,1,5.00,20,4.10,3,15.00,2,10.00,2017-07-07,2018-08-12,6,2,1061,0.0130
a70e9066dbfd10b6b97a3f54a1356762,mandaguari,PR,2,2,4,1716.00,311.40,2027.40,858.00,2.00,2,0,0.00,18.50,10.00,,0,0.00,2,5.00,0,0.00,1,50.00,2017-04-25,2017-11-20,2,1,1062,0.0130
8378eb36b6b70c5734e83ad7b8cdc3b7,itajai,SC,7,7,13,1714.80,241.87,1956.67,244.97,1.86,7,1,14.29,16.57,6.71,14.00,1,14.29,7,3.86,2,28.57,1,14.29,2017-12-20,2018-07-02,3,2,1063,0.0130
7139dc5186aa238b006e066d8fbab2e4,amparo,SP,22,22,24,1712.00,535.93,2247.93,77.82,1.09,22,3,13.64,14.73,3.73,14.33,6,27.27,21,4.00,4,19.05,8,36.36,2018-01-29,2018-08-02,11,3,1064,0.0129
dfc475d54e1b6dbeeb7d7d9bdaa63827,curitiba,PR,18,18,20,1708.37,413.76,2122.13,94.91,1.11,17,0,0.00,13.35,6.00,,6,33.33,18,4.50,2,11.11,1,5.56,2018-02-21,2018-08-24,5,2,1065,0.0129
656591be56071d4c9ef4e5fee78a578a,santo andre,SP,7,7,11,1702.00,319.20,2021.20,243.14,1.57,7,2,28.57,14.86,7.00,2.00,3,42.86,7,4.57,0,0.00,4,57.14,2017-03-06,2017-05-07,3,1,1066,0.0129
244b04680fdbded0acf5aebd9c92b44a,jundiai,SP,2,2,2,1701.80,86.99,1788.79,850.90,1.00,2,1,50.00,38.00,38.00,19.00,2,100.00,1,1.00,1,100.00,1,50.00,2017-12-12,2017-12-14,2,1,1067,0.0129
6b1c4d4d9ccf0be3d8544eb0e71e5318,porto alegre,RS,1,1,1,1699.00,60.04,1759.04,1699.00,1.00,1,0,0.00,12.00,2.00,,0,0.00,1,5.00,0,0.00,0,0.00,2018-03-21,2018-03-21,1,1,1068,0.0129
731ef20c231d9a7103a425e83fd91271,lages - sc,SC,2,2,3,1692.00,505.60,2197.60,846.00,1.50,2,0,0.00,13.00,2.00,,0,0.00,2,3.50,0,0.00,0,0.00,2017-10-28,2017-10-28,1,1,1069,0.0128
3ca08eeb8d5595949fed424bd3677742,curitiba,PR,13,13,13,1688.88,449.10,2137.98,129.91,1.00,13,0,0.00,10.31,2.31,,0,0.00,13,4.69,0,0.00,2,15.38,2017-05-11,2018-01-08,6,1,1070,0.0128
f9903dd0f812c7e771fcad47b6fff231,blumenau,SC,10,10,15,1684.85,416.63,2101.48,168.49,1.50,10,0,0.00,13.90,6.30,,3,30.00,10,3.20,3,30.00,0,0.00,2017-11-15,2018-08-20,9,3,1071,0.0127
3935fe5fe0f82787a9dcb8deb62be09d,sao paulo,SP,16,16,17,1681.69,419.66,2101.35,105.11,1.06,16,2,12.50,11.06,1.88,2.00,1,6.25,16,4.00,1,6.25,6,37.50,2018-04-17,2018-08-24,8,3,1072,0.0127
bafc5aa11e413978be29040f51342e70,belo horizonte,MG,9,9,9,1679.55,149.92,1829.47,186.62,1.00,9,1,11.11,13.11,2.11,15.00,0,0.00,9,3.78,3,33.33,3,33.33,2017-12-04,2018-01-25,6,1,1073,0.0127
e64d65bc8dbec2accda90c58de5d1246,rio claro,SP,12,12,12,1678.80,221.16,1899.96,139.90,1.00,12,3,25.00,13.42,4.08,4.67,5,41.67,12,3.08,5,41.67,6,50.00,2017-11-19,2018-03-15,2,1,1074,0.0127
0b18d63d0cd1d723567903fd34a07df2,sp,SP,9,9,14,1678.14,265.89,1944.03,186.46,1.56,9,0,0.00,7.22,2.22,,0,0.00,9,4.78,0,0.00,4,44.44,2017-04-11,2018-06-12,9,2,1075,0.0127
0ac4201fda2c68ebc0e47cb9423cf3c9,sao paulo,SP,13,12,14,1676.88,233.99,1910.87,128.99,1.08,13,1,7.69,12.46,2.08,14.00,1,7.69,13,4.23,2,15.38,3,23.08,2017-06-19,2018-06-17,4,3,1076,0.0127
1dc2de47ee26a0a5b12dc14fd6dc0dea,ibitinga,SP,25,25,27,1670.30,617.20,2287.50,66.81,1.08,24,1,4.17,14.75,2.67,1.00,2,8.00,25,4.56,1,4.00,11,44.00,2018-02-01,2018-08-22,11,1,1077,0.0126
77fccaae319668a8ab6cd0fd16aec48c,campos dos goytacazes,RJ,11,11,12,1667.00,221.44,1888.44,151.55,1.09,10,0,0.00,9.90,1.90,,2,18.18,11,4.45,1,9.09,4,36.36,2018-05-13,2018-07-30,5,3,1078,0.0126
7586919161935337bf6b6d7ff5779648,rio de janeiro,RJ,11,11,18,1664.71,330.22,1994.93,151.34,1.64,11,2,18.18,17.36,2.91,30.50,1,9.09,11,3.82,3,27.27,3,27.27,2017-06-30,2018-03-20,8,2,1079,0.0126
5f67c6082caacb26e431a7b17940cece,maringa,PR,13,13,14,1662.60,208.43,1871.03,127.89,1.08,13,3,23.08,22.69,8.15,17.33,9,69.23,13,3.54,3,23.08,2,15.38,2018-02-14,2018-08-06,3,1,1080,0.0126
53b0300ca793f9834cd69c0678d35ee8,indaiatuba,SP,5,5,10,1662.15,137.31,1799.46,332.43,2.00,5,0,0.00,6.00,2.20,,0,0.00,5,5.00,0,0.00,3,60.00,2017-11-18,2018-07-30,5,1,1081,0.0126
a1040efe9ff4a6f93c28b0499eada8f5,jundiai,SP,1,1,1,1658.83,34.48,1693.31,1658.83,1.00,1,0,0.00,17.00,3.00,,0,0.00,1,5.00,0,0.00,0,0.00,2018-02-03,2018-02-03,1,1,1082,0.0125
25cf099de44674fde97473224f9d59ab,cotia,SP,50,49,50,1654.36,705.19,2359.55,33.09,1.00,49,2,4.08,9.45,1.73,5.00,0,0.00,49,4.33,5,10.20,23,46.00,2017-06-06,2018-08-25,30,1,1083,0.0125
df0f42bc4c2142eacf0eaf2cffd0cfbb,itajai,SC,14,14,16,1654.00,292.45,1946.45,118.14,1.14,14,0,0.00,14.07,4.57,,5,35.71,14,4.14,2,14.29,2,14.29,2017-11-19,2018-07-15,2,1,1084,0.0125
b2a6d334e2833acea353624840e25a0e,sao paulo,SP,25,25,26,1650.98,387.61,2038.59,66.04,1.04,24,0,0.00,10.04,2.04,,1,4.00,25,4.48,2,8.00,7,28.00,2017-08-05,2018-06-05,6,4,1085,0.0125
26e2c91ef821e1ff8985f408788fe35b,ibitinga,SP,12,12,14,1649.40,274.47,1923.87,137.45,1.17,12,5,41.67,26.08,3.00,22.60,1,8.33,12,3.00,4,33.33,3,25.00,2018-02-20,2018-07-24,10,1,1086,0.0125
edc518ba25576a0188a0e8f2c3af186f,guarulhos,SP,6,6,8,1647.39,262.16,1909.55,274.57,1.33,6,0,0.00,6.50,2.67,,0,0.00,6,3.67,2,33.33,4,66.67,2018-06-30,2018-08-20,5,4,1087,0.0125
0887a9f087bcd5d9f6642b52f897fc6c,cananeia,SP,12,12,12,1642.00,220.35,1862.35,136.83,1.00,12,1,8.33,14.33,1.50,7.00,0,0.00,12,4.42,0,0.00,4,33.33,2017-02-02,2017-08-05,3,3,1088,0.0124
e2c92f9c1c7746d899d18f2e158bbff7,sao jose do rio preto,SP,12,12,12,1641.90,314.40,1956.30,136.83,1.00,11,0,0.00,8.55,1.09,,0,0.00,12,4.58,0,0.00,6,50.00,2018-04-23,2018-08-07,8,1,1089,0.0124
5b581417df4480f632484ba681e53944,florianopolis,SC,11,11,12,1641.60,572.41,2214.01,149.24,1.09,11,2,18.18,18.36,3.09,9.00,0,0.00,11,3.73,2,18.18,0,0.00,2017-07-19,2018-01-29,9,2,1090,0.0124
7a2d2949aea47fab95fd98d6c9f618b1,curitiba,PR,11,10,12,1638.99,211.24,1850.23,149.00,1.09,11,0,0.00,10.45,1.73,,0,0.00,11,4.27,1,9.09,0,0.00,2017-02-04,2018-06-25,5,2,1091,0.0124
2a6fbeaa7ab9e5d59a35841a8da71ce4,jaragua do sul,SC,30,30,30,1632.79,632.49,2265.28,54.43,1.00,30,2,6.67,14.43,4.10,14.50,4,13.33,29,3.93,5,17.24,2,6.67,2017-03-08,2018-07-01,10,4,1092,0.0123
1dfe5347016252a7884b694d4f10f5c4,ibitinga,SP,20,20,26,1632.50,420.04,2052.54,81.63,1.30,20,5,25.00,18.90,2.65,7.00,0,0.00,20,3.40,6,30.00,10,50.00,2017-10-28,2018-04-08,15,2,1093,0.0123
f1ed6bd0a9b11b581f16c851c6a5a527,porto alegre,RS,17,17,18,1622.77,373.81,1996.58,95.46,1.06,17,1,5.88,20.94,11.06,6.00,9,52.94,17,4.41,1,5.88,3,17.65,2017-03-04,2018-05-19,3,3,1094,0.0123
15cd6eefe58588619aaed41dfa6621b1,ouro preto,MG,16,16,18,1622.74,566.12,2188.86,101.42,1.13,16,1,6.25,15.00,3.25,17.00,3,18.75,16,4.25,3,18.75,1,6.25,2017-07-17,2018-05-12,8,1,1095,0.0123
b0f2a6122a90a93eb03e68653dd960e3,curitiba,PR,6,5,7,1620.30,137.98,1758.28,270.05,1.17,6,0,0.00,7.83,3.33,,0,0.00,6,4.83,0,0.00,0,0.00,2018-04-28,2018-08-08,4,2,1096,0.0123
013900e863eace745d3ec7614cab5b1a,curitiba,PR,23,23,26,1619.70,469.67,2089.37,70.42,1.13,23,0,0.00,12.00,3.09,,2,8.70,23,4.70,1,4.35,1,4.35,2017-03-04,2018-04-13,19,3,1097,0.0123
cb5df0dcb9e280b1780e9d589889f2c7,bady bassitt,SP,11,11,12,1614.88,453.92,2068.80,146.81,1.09,11,2,18.18,21.73,8.18,12.00,1,9.09,10,3.40,3,30.00,5,45.45,2017-01-29,2017-06-14,10,4,1098,0.0122
8daab2245ebdc277c51098d01c5ad8ef,sao paulo,SP,16,16,16,1604.59,284.05,1888.64,100.29,1.00,16,0,0.00,9.88,2.00,,0,0.00,16,4.63,0,0.00,4,25.00,2018-04-04,2018-08-22,4,4,1099,0.0121
427165bf50f8ca07efc7bdc2bfcf1688,americana,SP,5,5,5,1603.50,89.40,1692.90,320.70,1.00,5,3,60.00,38.40,1.20,38.33,0,0.00,5,3.20,2,40.00,2,40.00,2018-04-05,2018-04-26,3,1,1100,0.0121
7813ea3ebd9411dc600b4dd01f7a97b9,osasco,SP,9,9,9,1599.40,146.59,1745.99,177.71,1.00,9,1,11.11,13.00,2.67,5.00,0,0.00,9,3.89,2,22.22,5,55.56,2017-08-03,2018-06-07,8,2,1101,0.0121
850857dfac77488c307e2b1cbd84ab5a,cascavel,PR,1,1,1,1599.00,39.72,1638.72,1599.00,1.00,1,0,0.00,3.00,1.00,,0,0.00,1,5.00,0,0.00,1,100.00,2018-06-12,2018-06-12,1,1,1102,0.0121
8a1ff5c35f6595a73fef4c7b96e4908a,sao  jose dos pinhais,PR,2,2,2,1598.00,284.80,1882.80,799.00,1.00,2,0,0.00,10.00,4.00,,0,0.00,2,5.00,0,0.00,0,0.00,2018-06-09,2018-08-01,1,1,1103,0.0121
081acf3de680d554796c9cf041be7bc2,vespasiano,MG,4,4,8,1597.30,205.50,1802.80,399.33,2.00,4,1,25.00,15.50,4.25,1.00,1,25.00,4,3.25,1,25.00,0,0.00,2017-11-27,2018-05-23,4,2,1104,0.0121
41b86b552e54e3a7009596125aa8b167,sao paulo,SP,10,10,11,1595.30,234.61,1829.91,159.53,1.10,10,0,0.00,13.90,2.20,,0,0.00,10,4.30,1,10.00,3,30.00,2017-03-20,2017-04-09,11,1,1105,0.0121
8a2d12a90e92f012ce5226fc6592b653,curitiba,PR,18,18,18,1594.65,338.97,1933.62,88.59,1.00,18,0,0.00,9.11,2.28,,1,5.56,17,4.59,1,5.88,0,0.00,2017-12-23,2018-08-24,13,2,1106,0.0121
70f84699be677ec988d1fa824aef7d90,sete lagoas,MG,5,5,5,1588.30,116.14,1704.44,317.66,1.00,5,0,0.00,17.60,3.00,,1,20.00,5,4.60,0,0.00,0,0.00,2017-04-11,2018-07-18,4,1,1107,0.0120
845e8036c3f7bf62099352f5ed910240,rio de janeiro,RJ,21,21,24,1584.60,460.64,2045.24,75.46,1.14,21,0,0.00,7.57,1.76,,0,0.00,21,3.95,5,23.81,2,9.52,2018-05-25,2018-08-24,18,2,1108,0.0120
f3c38ab652836d21de61fb8314b69182,sao paulo,SP,15,15,15,1581.00,247.59,1828.59,105.40,1.00,14,0,0.00,8.21,2.57,,1,6.67,15,4.27,1,6.67,6,40.00,2018-04-11,2018-08-06,11,4,1109,0.0120
392e0502231ae2f8b29994ef6398cd77,cerqueira cesar,SP,17,17,17,1572.90,309.89,1882.79,92.52,1.00,17,2,11.76,17.82,3.29,17.50,2,11.76,17,4.35,1,5.88,5,29.41,2017-01-09,2018-03-04,10,1,1110,0.0119
5075aaa8404020ae6aa8bf4792099b41,pocos de caldas,MG,10,10,15,1572.88,299.27,1872.15,157.29,1.50,10,0,0.00,11.80,4.20,,2,20.00,10,3.90,2,20.00,4,40.00,2017-03-16,2018-01-13,5,3,1111,0.0119
134285d1f41da5c13a756ee8142c8a4e,sao paulo,SP,3,3,4,1572.70,80.93,1653.63,524.23,1.33,3,0,0.00,8.33,2.00,,0,0.00,3,3.33,1,33.33,1,33.33,2018-06-10,2018-08-16,2,1,1112,0.0119
1660ad786c27fd935378b6192a90b417,sao bernardo do campo,SP,12,10,13,1570.00,248.28,1818.28,130.83,1.08,12,1,8.33,8.83,1.92,2.00,1,8.33,12,4.58,1,8.33,5,41.67,2017-08-17,2018-07-22,9,1,1113,0.0119
c4fb51fb1c5b7c07bc5e67be6e7e8f6e,curitiba,PR,15,15,16,1567.90,558.71,2126.61,104.53,1.07,15,2,13.33,16.47,4.13,5.50,3,20.00,15,3.53,3,20.00,0,0.00,2017-07-24,2018-08-12,5,5,1114,0.0119
9b00ed88b7fdb95d6ff76e27c1b52d16,sao paulo,SP,46,46,50,1567.88,567.80,2135.68,34.08,1.09,46,3,6.52,9.30,2.30,5.33,2,4.35,46,4.54,3,6.52,25,54.35,2017-08-25,2018-07-07,18,2,1115,0.0119
47648caee88ccfe951fbb27fbf7b4cbe,diadema,SP,3,3,3,1564.99,68.00,1632.99,521.66,1.00,3,1,33.33,13.67,3.00,1.00,0,0.00,3,3.67,1,33.33,1,33.33,2018-04-03,2018-05-21,3,1,1116,0.0118
02c988090b766852e088c69d7fb3b551,americana,SP,12,12,16,1564.37,206.57,1770.94,130.36,1.33,11,0,0.00,9.55,1.82,,0,0.00,12,4.58,1,8.33,7,58.33,2017-07-21,2018-08-15,10,2,1117,0.0118
39d54ff918774174706fb065d7f9dc07,sao paulo,SP,22,22,24,1554.69,348.03,1902.72,70.67,1.09,22,2,9.09,13.73,2.45,3.00,2,9.09,22,4.05,5,22.73,7,31.82,2017-11-25,2018-07-24,15,1,1118,0.0118
817f85dbb65aa3e70831d90fe75cdf89,tiete,SP,11,11,11,1552.27,231.62,1783.89,141.12,1.00,11,0,0.00,18.09,14.73,,6,54.55,11,4.55,0,0.00,6,54.55,2016-10-03,2017-03-15,6,2,1119,0.0117
0eaa7e33d73809f1f925f7d07c506cbd,santo andre,SP,15,15,15,1552.00,194.90,1746.90,103.47,1.00,15,0,0.00,5.87,1.47,,0,0.00,14,4.71,1,7.14,11,73.33,2017-04-10,2018-08-27,12,2,1120,0.0117
3785b653b1b82de85ab47dd139938091,ampere,PR,21,20,24,1552.00,481.27,2033.27,73.90,1.14,21,0,0.00,11.86,1.86,,0,0.00,21,4.71,0,0.00,1,4.76,2017-08-24,2018-08-01,7,1,1120,0.0117
78a4d36f65a019172c6154468831a69f,bauru,SP,7,7,7,1545.50,223.40,1768.90,220.79,1.00,7,1,14.29,15.43,2.14,9.00,0,0.00,7,4.29,1,14.29,3,42.86,2017-10-20,2017-12-08,1,1,1121,0.0117
49cdc90518a4f82676b38b3c1aa43ff6,sao paulo,SP,5,5,5,1539.50,82.61,1622.11,307.90,1.00,5,0,0.00,5.80,2.40,,0,0.00,5,3.80,1,20.00,3,60.00,2018-06-11,2018-08-28,5,3,1122,0.0116
06bb3a2fe5e7b7a845b13e8fb91bd944,belo horizonte,MG,17,17,18,1536.19,326.14,1862.33,90.36,1.06,16,0,0.00,8.88,1.50,,0,0.00,17,4.59,0,0.00,3,17.65,2017-09-11,2018-07-04,14,1,1123,0.0116
cbf09e831b0c11f6f23ffb51004db972,sbc/sp,SP,10,10,10,1535.20,280.20,1815.40,153.52,1.00,9,0,0.00,5.00,2.11,,0,0.00,10,4.40,0,0.00,6,60.00,2018-05-03,2018-08-21,4,2,1124,0.0116
3a490ba60afa30ece0e7d50cfe74a4f0,belo horizonte,MG,8,8,8,1529.20,165.87,1695.07,191.15,1.00,8,0,0.00,11.88,1.25,,0,0.00,8,4.63,0,0.00,1,12.50,2017-04-12,2017-12-18,3,1,1125,0.0116
ffc470761de7d0232558ba5e786e57b7,guarulhos,SP,27,27,30,1529.13,421.09,1950.22,56.63,1.11,27,1,3.70,9.63,1.63,8.00,0,0.00,27,4.44,1,3.70,13,48.15,2018-02-20,2018-08-17,15,8,1126,0.0116
5bf397d04035b5f45cc41e82ec106803,sao paulo,SP,3,3,4,1525.00,47.28,1572.28,508.33,1.33,3,0,0.00,4.00,1.33,,0,0.00,3,4.33,0,0.00,2,66.67,2018-05-08,2018-07-02,2,2,1127,0.0115
3586b8580d9c917874e053a1bb37b5ff,araraquara,SP,36,36,43,1524.70,827.65,2352.35,42.35,1.19,36,1,2.78,13.50,2.31,20.00,0,0.00,36,4.42,2,5.56,11,30.56,2017-05-05,2018-08-12,5,2,1128,0.0115
a7c88262832dfc683781d6a421edefae,mogi das cruzes,SP,5,5,5,1520.00,82.42,1602.42,304.00,1.00,5,0,0.00,11.40,2.20,,0,0.00,5,4.20,0,0.00,1,20.00,2017-03-13,2018-02-12,5,1,1129,0.0115
866558b3bccef2dbc6d29a2b5995016f,arapongas,PR,5,5,6,1519.40,351.35,1870.75,303.88,1.20,5,0,0.00,11.40,2.20,,0,0.00,5,4.80,0,0.00,1,20.00,2017-10-22,2018-07-20,4,2,1130,0.0115
094ced053e257ae8cae57205592d6712,ribeirao preto,SP,19,19,19,1519.20,459.03,1978.23,79.96,1.00,18,0,0.00,11.67,2.06,,0,0.00,19,4.05,3,15.79,9,47.37,2018-04-04,2018-07-30,13,2,1131,0.0115
f5f1f2c5f923f36ad79ea1d07185ddc9,taruma,SP,10,10,11,1517.77,173.73,1691.50,151.78,1.10,10,1,10.00,13.20,4.40,2.00,3,30.00,10,3.70,2,20.00,6,60.00,2018-02-22,2018-04-04,5,1,1132,0.0115
1dd33b8119b3cb1056ed5dc88cd0aaf4,sao paulo,SP,8,8,8,1513.00,128.74,1641.74,189.13,1.00,8,1,12.50,11.00,2.25,1.00,0,0.00,8,3.75,1,12.50,4,50.00,2017-11-09,2018-02-14,2,1,1133,0.0114
a23266650e7c84bb93fbbba502137478,porto alegre,RS,11,11,16,1512.40,279.04,1791.44,137.49,1.45,11,0,0.00,11.27,1.91,,0,0.00,11,3.82,2,18.18,1,9.09,2017-08-04,2017-12-29,8,5,1134,0.0114
b33aaadd1a8891d2dfef0c4c3bdf0371,limeira,SP,16,16,17,1504.00,359.04,1863.04,94.00,1.06,15,2,13.33,14.53,1.67,23.50,0,0.00,16,3.94,3,18.75,9,56.25,2018-01-12,2018-06-21,4,1,1135,0.0114
d354c38a7182125a748cb10474fe963b,aperibe,RJ,17,17,19,1500.34,293.37,1793.71,88.26,1.12,17,1,5.88,13.71,4.82,2.00,4,23.53,16,4.38,0,0.00,5,29.41,2017-05-02,2018-03-08,6,2,1136,0.0113
714b9a1332840f257b49f476bea4e341,monte alto,SP,6,6,6,1499.94,158.15,1658.09,249.99,1.00,6,2,33.33,32.33,2.50,32.00,0,0.00,6,3.33,3,50.00,2,33.33,2018-01-08,2018-03-24,2,1,1137,0.0113
9a03a4e9eb0b947652fae4f6121a3f5e,catanduva,SP,7,7,7,1497.00,185.22,1682.22,213.86,1.00,7,0,0.00,13.71,3.00,,1,14.29,7,3.86,1,14.29,3,42.86,2018-01-02,2018-08-06,4,2,1138,0.0113
c7b7db6c8f3c64a7cc1afa634db21d50,sao paulo,SP,1,1,1,1489.00,22.86,1511.86,1489.00,1.00,1,1,100.00,33.00,1.00,16.00,0,0.00,1,1.00,1,100.00,1,100.00,2018-03-11,2018-03-11,1,1,1139,0.0113
659e8466eb3ff1b0e8740d74fb7bbedd,eunapolis,BA,11,11,14,1486.80,393.20,1880.00,135.16,1.27,11,0,0.00,9.09,1.73,,0,0.00,11,4.36,1,9.09,1,9.09,2017-05-18,2018-05-06,9,1,1140,0.0112
2a61c271b1ac763450d846849783e922,santo andre,SP,17,17,22,1486.77,482.27,1969.04,87.46,1.29,17,3,17.65,18.47,1.82,8.00,0,0.00,17,4.12,3,17.65,4,23.53,2017-09-12,2018-02-16,6,2,1141,0.0112
b6e1504972665f739dec4facb9943775,piracicaba,SP,14,14,14,1484.48,225.89,1710.37,106.03,1.00,14,1,7.14,11.00,1.36,18.00,0,0.00,14,4.36,2,14.29,7,50.00,2017-05-22,2018-03-26,7,3,1142,0.0112
9da1ca0bef29ee170e541927a5aeabdc,votuporanga,SP,6,6,6,1484.40,127.63,1612.03,247.40,1.00,6,1,16.67,16.67,2.33,12.00,0,0.00,6,3.00,2,33.33,3,50.00,2017-06-17,2017-09-25,2,2,1143,0.0112
f918546be4bec7104d117789ba758b2b,sao paulo,SP,20,20,23,1483.00,347.15,1830.15,74.15,1.15,19,3,15.79,12.42,2.26,9.33,0,0.00,20,3.85,4,20.00,11,55.00,2017-12-05,2018-06-26,3,1,1144,0.0112
9b522ba7eae9e1d04082f267144583cc,sao paulo,SP,3,3,5,1478.60,132.95,1611.55,492.87,1.67,3,1,33.33,40.33,39.00,80.00,1,33.33,3,4.67,0,0.00,3,100.00,2017-05-17,2018-04-10,2,2,1145,0.0112
6806dad1da97bfb5a9038eac6881f706,guaratuba,PR,10,10,14,1477.00,306.26,1783.26,147.70,1.40,10,0,0.00,16.90,3.10,,1,10.00,10,3.95,1,10.00,0,0.00,2017-12-28,2018-08-22,9,4,1146,0.0112
4d232b78ab7ef10393dc3807d827bc0d,belo horizonte,MG,5,5,5,1475.00,214.99,1689.99,295.00,1.00,5,0,0.00,6.00,1.60,,0,0.00,5,4.40,0,0.00,1,20.00,2018-07-22,2018-08-15,2,2,1147,0.0112
e256a62e0ac58c0edfba09966142d561,curitiba,PR,12,11,14,1474.11,335.44,1809.55,122.84,1.17,11,0,0.00,8.18,2.18,,1,8.33,12,4.42,1,8.33,2,16.67,2018-04-15,2018-07-30,5,2,1148,0.0111
5e105f5c9f63f5f1fd75d6cb942e55b1,sao jose do rio preto,SP,8,8,8,1471.90,273.83,1745.73,183.99,1.00,8,0,0.00,9.13,1.75,,0,0.00,8,4.50,1,12.50,5,62.50,2018-05-20,2018-08-25,6,1,1149,0.0111
7ecd59e5e20407131822c1a68ac59c1f,brasilia,DF,24,24,29,1466.71,587.81,2054.52,61.11,1.21,24,3,12.50,17.13,8.00,6.33,12,50.00,24,4.42,2,8.33,0,0.00,2017-11-29,2018-08-03,5,1,1150,0.0111
01ed254b9ff8407dfb9d99ba1e17d923,mogi das cruzes,SP,5,5,5,1465.99,67.72,1533.71,293.20,1.00,5,0,0.00,6.60,1.60,,0,0.00,5,5.00,0,0.00,3,60.00,2017-08-04,2017-11-08,2,1,1151,0.0111
4ba52dfeba874da5b9ee7b17c7494f04,mogi das cruzes,SP,11,11,11,1463.00,204.91,1667.91,133.00,1.00,11,1,9.09,10.64,2.36,6.00,0,0.00,11,4.36,1,9.09,3,27.27,2017-07-31,2017-10-23,11,1,1152,0.0111
1284de4ae8aa26997e748c851557cf0e,laranjeiras do sul,SP,3,3,3,1459.97,86.87,1546.84,486.66,1.00,3,0,0.00,19.33,1.67,,0,0.00,3,2.67,2,66.67,0,0.00,2017-05-11,2017-10-18,3,1,1153,0.0110
5145090ab595c0d0b8557199f5701fbf,curitiba,PR,4,4,4,1459.60,197.85,1657.45,364.90,1.00,4,0,0.00,15.50,7.50,,1,25.00,4,4.25,0,0.00,0,0.00,2018-03-15,2018-06-09,4,1,1154,0.0110
97512d3fc193b2d1dfcdba0f9d1f0f8a,sao paulo,SP,12,12,13,1458.87,341.55,1800.42,121.57,1.08,12,1,8.33,8.33,3.33,5.00,2,16.67,12,4.25,1,8.33,7,58.33,2018-03-20,2018-08-18,6,1,1155,0.0110
d7827b2af99326a03b0ed9c7a24db0d3,londrina,SP,1,1,1,1455.00,101.70,1556.70,1455.00,1.00,1,0,0.00,14.00,5.00,,0,0.00,1,5.00,0,0.00,1,100.00,2018-04-12,2018-04-12,1,1,1156,0.0110
52f0fe436a347ddad7ed5f9aa4e27eaa,sao paulo,SP,19,19,21,1452.49,436.34,1888.83,76.45,1.11,19,2,10.53,14.89,3.89,11.50,2,10.53,19,3.74,4,21.05,10,52.63,2018-01-22,2018-05-18,15,7,1157,0.0110
a414555ce331b8c8aea4a9cb8395194d,sao paulo,SP,7,7,8,1450.95,242.64,1693.59,207.28,1.14,7,0,0.00,7.00,2.86,,0,0.00,6,3.33,2,33.33,6,85.71,2018-03-10,2018-05-04,4,3,1158,0.0110
0ad80de75c811326389cfb1daba7d45e,rio de janeiro,RJ,6,6,6,1449.40,115.32,1564.72,241.57,1.00,6,0,0.00,9.00,1.83,,0,0.00,5,5.00,0,0.00,2,33.33,2017-10-19,2018-01-05,6,1,1159,0.0110
1b8b75e227c9a9c100d0c210fb6176ce,sao paulo,SP,15,14,15,1444.87,203.62,1648.49,96.32,1.00,15,1,6.67,14.93,9.60,4.00,12,80.00,15,3.93,3,20.00,6,40.00,2017-01-08,2017-11-30,11,2,1160,0.0109
2dcf93836ae3ce0d7c93e2f10876467a,sao jose dos campos,SP,9,9,12,1443.80,178.64,1622.44,160.42,1.33,9,2,22.22,6.56,2.22,2.50,2,22.22,9,4.11,1,11.11,6,66.67,2018-06-23,2018-08-07,9,2,1161,0.0109
dace965ca58120f92f8d742a9fa1864b,sao paulo,SP,8,8,8,1442.00,131.77,1573.77,180.25,1.00,8,0,0.00,8.00,2.50,,1,12.50,8,4.63,1,12.50,6,75.00,2018-03-25,2018-05-19,7,1,1162,0.0109
d1ef48b38baca7e831711c4a0aeb398f,apucarana,PR,28,28,34,1439.13,652.64,2091.77,51.40,1.21,28,2,7.14,9.86,1.75,2.50,1,3.57,28,4.57,0,0.00,5,17.86,2018-02-23,2018-07-25,18,6,1163,0.0109
66fd84ee7528c0c0de85d0f44a73d5ab,campina das missoes,RS,11,11,21,1438.11,453.19,1891.30,130.74,1.91,10,1,10.00,15.80,1.80,17.00,0,0.00,11,3.36,3,27.27,2,18.18,2017-03-22,2017-07-28,9,2,1164,0.0109
5b0cc932433fa5184b5b94bfe6bcc256,ibitinga,SP,12,12,17,1437.80,556.29,1994.09,119.82,1.42,12,3,25.00,12.00,5.92,5.33,6,50.00,12,3.58,4,33.33,8,66.67,2018-06-20,2018-08-05,4,2,1165,0.0109
3771c85bac139d2344864ede5d9341e3,sorocaba,SP,26,26,30,1433.30,408.96,1842.26,55.13,1.15,26,3,11.54,13.23,4.23,1.67,1,3.85,26,3.85,6,23.08,14,53.85,2017-05-25,2017-12-12,7,2,1166,0.0108
ec933281fb017b5020d06df29c3f77e8,sao paulo,SP,8,8,8,1432.00,230.85,1662.85,179.00,1.00,8,0,0.00,9.50,2.13,,0,0.00,8,5.00,0,0.00,2,25.00,2017-10-16,2018-07-30,3,1,1167,0.0108
c5f7e746b7e6d07def6c0dae9903279b,curitiba,PR,10,10,11,1429.00,229.92,1658.92,142.90,1.10,10,0,0.00,5.50,1.40,,0,0.00,10,4.40,0,0.00,0,0.00,2018-04-15,2018-08-22,5,1,1168,0.0108
0aea4c6ae1505b3228ddf3dd7822ee5b,sorocaba,SP,8,8,8,1427.91,151.75,1579.66,178.49,1.00,8,2,25.00,18.50,1.63,13.00,0,0.00,8,3.88,1,12.50,3,37.50,2017-10-09,2018-04-30,8,1,1169,0.0108
f5f46307a4d15880ca14fab4ad9dfc9b,rio do sul,SC,9,9,10,1422.94,231.38,1654.32,158.10,1.11,9,1,11.11,13.33,4.44,7.00,2,22.22,9,4.11,1,11.11,0,0.00,2017-07-12,2017-11-29,6,3,1170,0.0108
491a5ada3aa1678414e990262c4bbdc1,sao paulo,SP,1,1,1,1420.00,15.58,1435.58,1420.00,1.00,1,0,0.00,7.00,2.00,,0,0.00,1,5.00,0,0.00,1,100.00,2017-04-05,2017-04-05,1,1,1171,0.0107
0b0ddbc7b9d9584f442c7ac92b0ff6c9,guarulhos,SP,3,3,3,1416.76,133.88,1550.64,472.25,1.00,3,0,0.00,12.00,4.00,,0,0.00,3,4.67,0,0.00,1,33.33,2018-03-30,2018-06-04,3,1,1172,0.0107
010543a62bd80aa422851e79a3bc7540,sao paulo,SP,2,2,2,1416.00,31.95,1447.95,708.00,1.00,2,0,0.00,9.00,3.50,,0,0.00,2,4.50,0,0.00,1,50.00,2017-07-04,2017-08-02,1,1,1173,0.0107
af3ef48d0e13835e529c29ac573c63e5,araraquara,SP,21,21,21,1405.63,467.50,1873.13,66.93,1.00,21,1,4.76,7.95,2.33,4.00,2,9.52,21,3.76,5,23.81,16,76.19,2018-05-16,2018-08-22,12,2,1174,0.0106
921323538c9f1c4e816f2720eac02bea,sao paulo,SP,15,15,17,1401.84,240.36,1642.20,93.46,1.13,13,3,23.08,8.85,2.00,6.33,0,0.00,15,3.93,2,13.33,7,46.67,2017-11-25,2018-08-07,10,3,1175,0.0106
8ff1a9df749e454105c55cda13e79143,marilia,SP,13,13,14,1400.60,277.21,1677.81,107.74,1.08,13,0,0.00,12.62,4.54,,1,7.69,11,3.73,3,27.27,6,46.15,2017-11-06,2018-06-22,9,5,1176,0.0106
d4ffeb15b67e81ff9af2b4252d99fb7e,atibaia,SP,11,11,12,1400.40,324.41,1724.81,127.31,1.09,10,0,0.00,9.10,2.10,,0,0.00,10,4.30,0,0.00,4,36.36,2018-04-26,2018-07-27,8,4,1177,0.0106
d4e12e7884759a14fa0f5f896c791cae,sao paulo,SP,29,28,32,1400.00,439.67,1839.67,48.28,1.10,28,1,3.57,7.64,2.04,1.00,0,0.00,29,4.62,2,6.90,15,51.72,2017-09-07,2018-07-23,14,1,1178,0.0106
04843805947f0fc584fc1969b6e50fe7,ivoti,RS,1,1,2,1400.00,74.76,1474.76,1400.00,2.00,1,0,0.00,15.00,9.00,,1,100.00,1,5.00,0,0.00,0,0.00,2018-08-05,2018-08-05,1,1,1178,0.0106
b8114f2f589a6804810f04f99b36b498,sao bernardo do campo,SP,8,8,11,1399.62,292.41,1692.03,174.95,1.38,7,0,0.00,5.14,2.43,,0,0.00,8,4.75,0,0.00,5,62.50,2018-04-04,2018-08-17,4,1,1179,0.0106
01bcc9d254a0143f0ce9791b960b2a47,uruacu,GO,10,10,10,1393.21,251.48,1644.69,139.32,1.00,10,0,0.00,12.70,1.50,,0,0.00,10,4.40,0,0.00,1,10.00,2017-08-12,2018-02-02,3,1,1180,0.0105
d9a84e1403de8da0c3aa531d6d108ba6,sao paulo,SP,53,53,58,1385.30,723.85,2109.15,26.14,1.09,53,3,5.66,7.45,1.36,10.33,0,0.00,53,4.58,3,5.66,31,58.49,2018-02-22,2018-08-28,35,5,1181,0.0105
8e2b3afb420011ef0c88c9d5f11ea526,campinas,SP,11,11,11,1384.50,147.93,1532.43,125.86,1.00,11,1,9.09,10.64,3.00,2.00,1,9.09,11,4.27,1,9.09,7,63.64,2017-11-13,2018-01-29,3,2,1182,0.0105
e7f3bf1ecd8526eb7f3b18059e6716e5,ubatuba,SP,17,17,18,1382.04,260.77,1642.81,81.30,1.06,17,0,0.00,9.06,1.47,,0,0.00,17,4.65,1,5.88,4,23.53,2017-02-28,2017-09-19,10,4,1183,0.0105
88cf19ec1fc2c58f161aee259d57142c,sao carlos,SP,14,13,14,1372.97,234.71,1607.68,98.07,1.00,14,0,0.00,6.36,1.57,,1,7.14,14,4.50,0,0.00,8,57.14,2018-05-20,2018-08-20,11,3,1184,0.0104
6eb94e1466490d327a09abf8f3552a50,jundiai,SP,9,9,9,1372.95,214.27,1587.22,152.55,1.00,9,0,0.00,8.22,2.33,,0,0.00,8,4.75,0,0.00,4,44.44,2018-05-16,2018-08-23,3,2,1185,0.0104
8185694b58b2ba6de20fd41ae608bbea,tabao da serra,SP,8,8,8,1372.30,230.27,1602.57,171.54,1.00,8,0,0.00,11.13,3.63,,1,12.50,8,4.50,0,0.00,2,25.00,2018-03-10,2018-08-11,8,2,1186,0.0104
431050a06a317f2b38168dec3dcd2b46,sao paulo,SP,10,10,10,1370.00,206.15,1576.15,137.00,1.00,9,0,0.00,9.56,2.78,,0,0.00,10,4.50,0,0.00,4,40.00,2018-04-28,2018-07-31,5,1,1187,0.0104
985c92cc412091f8529c12d7f23d3fef,sao joao del rei,MG,12,12,12,1368.50,238.13,1606.63,114.04,1.00,12,0,0.00,7.58,1.75,,0,0.00,12,4.75,0,0.00,4,33.33,2018-05-04,2018-08-20,9,1,1188,0.0104
0bebbb2cea103a4a020c95d43fd7d754,sao paulo,SP,9,9,9,1367.20,147.14,1514.34,151.91,1.00,6,0,0.00,5.33,1.67,,0,0.00,9,4.89,0,0.00,3,33.33,2018-06-30,2018-08-28,9,2,1189,0.0103
2e1a7d075abe038c1b2743005fe42ff1,sao paulo,SP,18,17,22,1366.80,344.89,1711.69,75.93,1.22,18,3,16.67,12.50,3.28,2.33,1,5.56,18,4.22,3,16.67,11,61.11,2017-08-25,2018-05-16,12,2,1190,0.0103
556a6409838156ea299c9d1f9e2dde43,curitiba,PR,4,4,4,1362.80,86.84,1449.64,340.70,1.00,4,0,0.00,7.50,1.50,,0,0.00,4,3.25,2,50.00,0,0.00,2018-06-19,2018-08-11,4,1,1191,0.0103
36890be00bbfc1cdb9a4a38a6af05a69,osasco,SP,13,13,13,1361.30,239.58,1600.88,104.72,1.00,13,2,15.38,9.38,3.31,4.00,2,15.38,13,4.23,2,15.38,6,46.15,2018-06-04,2018-08-19,5,3,1192,0.0103
2f73e04d12cdf0c945ded66bb3fcf6c7,cachoeiro de itapemirim,ES,3,3,3,1359.00,101.85,1460.85,453.00,1.00,3,0,0.00,14.00,2.33,,0,0.00,3,3.33,1,33.33,0,0.00,2017-02-15,2018-08-19,3,1,1193,0.0103
fe701d88b67eaca109dffd464d1be9f9,marica,RJ,10,10,10,1359.00,219.02,1578.02,135.90,1.00,10,1,10.00,12.30,1.30,1.00,0,0.00,10,4.30,1,10.00,1,10.00,2017-11-21,2018-07-24,3,1,1193,0.0103
091065b789659bc3cd9af9cb3a6253ff,canoas,RS,2,2,2,1359.00,85.37,1444.37,679.50,1.00,2,0,0.00,11.00,1.50,,0,0.00,2,3.50,1,50.00,1,50.00,2017-10-15,2018-01-18,1,1,1193,0.0103
42ef3192a9ff87a22d1867b74b3ee205,santo andre,SP,23,23,23,1354.09,301.88,1655.97,58.87,1.00,23,0,0.00,9.22,4.13,,6,26.09,23,4.65,1,4.35,16,69.57,2018-01-02,2018-08-02,20,4,1194,0.0102
9f50216bfd01913736a55a11b55ea842,taubate,SP,17,17,19,1354.00,317.10,1671.10,79.65,1.12,16,2,12.50,10.00,3.56,1.00,3,17.65,17,4.41,1,5.88,9,52.94,2018-06-22,2018-08-18,14,8,1195,0.0102
81336a0f57a33776419727a300249e90,sao carlos,SP,15,15,18,1351.90,277.80,1629.70,90.13,1.20,15,2,13.33,17.47,8.20,7.50,6,40.00,15,4.07,2,13.33,8,53.33,2017-07-19,2018-04-22,10,2,1196,0.0102
b9a03475e6447e631b6799ec8274800f,formosa do oeste,PR,10,10,11,1349.10,294.98,1644.08,134.91,1.10,10,0,0.00,10.80,1.20,,0,0.00,10,4.20,1,10.00,0,0.00,2017-11-06,2018-07-28,7,3,1197,0.0102
c3ee2331a724e6fc02c4b698b57a73f3,sao paulo,SP,2,2,3,1347.00,140.88,1487.88,673.50,1.50,2,0,0.00,6.00,1.50,,0,0.00,2,3.00,0,0.00,2,100.00,2017-11-22,2017-12-02,2,1,1198,0.0102
7e26c750b4cb9f6766f58265ff9ebe95,belo horizonte,MG,23,23,27,1344.30,388.88,1733.18,58.45,1.17,23,0,0.00,9.22,2.13,,0,0.00,23,4.43,1,4.35,5,21.74,2017-02-03,2017-10-13,2,2,1199,0.0102
b43d8b707f887a30f4675391098354a0,ipira,SP,3,3,4,1342.00,184.76,1526.76,447.33,1.33,2,0,0.00,7.50,3.00,,0,0.00,3,3.00,1,33.33,0,0.00,2018-04-07,2018-07-22,3,2,1200,0.0102
02dcd3e8e25bee036e32512bcf175493,contagem,MG,13,11,15,1341.90,281.59,1623.49,103.22,1.15,13,4,30.77,17.08,4.54,9.50,0,0.00,13,4.08,3,23.08,4,30.77,2018-02-21,2018-08-22,7,1,1201,0.0101
186cdd1b2df32caa72cfb410bba768d3,rio negrinho,SC,6,6,6,1341.45,268.28,1609.73,223.58,1.00,6,0,0.00,9.00,3.00,,0,0.00,6,5.00,0,0.00,1,16.67,2018-05-11,2018-08-06,6,1,1202,0.0101
5a425cc503b39b262a847fd6212bf53b,londrina,PR,14,14,14,1340.60,251.28,1591.88,95.76,1.00,13,1,7.69,6.62,1.62,7.00,0,0.00,13,4.46,1,7.69,2,14.29,2018-04-27,2018-08-20,8,1,1203,0.0101
8ea394aed8138685abe1eb9f25e1021d,sorocaba,SP,2,2,2,1340.00,77.60,1417.60,670.00,1.00,2,0,0.00,11.00,4.50,,0,0.00,2,4.00,0,0.00,1,50.00,2017-12-30,2018-06-07,1,1,1204,0.0101
89c127985a8b130cfa45c1d36764017a,osasco,SP,6,6,6,1334.67,107.02,1441.69,222.45,1.00,6,0,0.00,10.83,4.33,,0,0.00,5,3.40,2,40.00,3,50.00,2017-06-30,2018-01-04,5,4,1205,0.0101
7357b52d27cbaa90f81a96cbc1279396,lagoa santa,MG,12,12,12,1328.02,217.81,1545.83,110.67,1.00,12,1,8.33,9.83,1.42,38.00,0,0.00,12,4.33,1,8.33,2,16.67,2018-05-15,2018-08-22,3,2,1206,0.0100
3faf68a3b0af94b10bac70d86077be49,holambra,SP,7,7,7,1322.93,119.16,1442.09,188.99,1.00,7,0,0.00,16.29,10.00,,0,0.00,7,4.57,0,0.00,4,57.14,2017-02-04,2017-05-02,3,1,1207,0.0100
5d9f3746e112e696f98ea22c56b3e912,sao paulo,SP,1,1,1,1322.64,47.77,1370.41,1322.64,1.00,1,0,0.00,7.00,1.00,,0,0.00,1,5.00,0,0.00,0,0.00,2018-07-24,2018-07-24,1,1,1208,0.0100
e439f7176d763f92de325271111b2fd5,joinville,SC,6,6,6,1320.90,226.80,1547.70,220.15,1.00,6,0,0.00,10.00,2.00,,1,16.67,6,5.00,0,0.00,1,16.67,2018-05-01,2018-08-01,4,1,1209,0.0100
d2e753bb80b7d4faa77483ed00edc8ca,porto seguro,BA,14,14,15,1320.70,454.24,1774.94,94.34,1.07,14,1,7.14,13.00,2.29,14.00,1,7.14,14,3.68,1,7.14,1,7.14,2017-10-06,2018-05-18,9,2,1210,0.0100
2bd05d410a8fd26dc4184a15f4f2f588,belo horizonte,MG,6,6,7,1316.73,198.54,1515.27,219.46,1.17,6,0,0.00,10.17,4.00,,3,50.00,6,5.00,0,0.00,2,33.33,2017-01-27,2017-10-21,6,3,1211,0.0100
5151aea44289d6c6b090ee31c2132508,marilia,SP,7,7,7,1315.30,167.17,1482.47,187.90,1.00,7,0,0.00,17.43,7.43,,2,28.57,6,1.83,4,66.67,1,14.29,2017-02-17,2017-02-20,1,1,1212,0.0099
4eb61f060e7dcc1d5a80d806c35cc541,sao paulo,SP,8,8,8,1313.00,153.12,1466.12,164.13,1.00,7,0,0.00,6.00,1.14,,0,0.00,8,3.88,1,12.50,4,50.00,2018-03-23,2018-08-23,3,2,1213,0.0099
c794dab4928dd97beb41d05514441e86,artur nogueira,SP,16,16,16,1312.40,232.19,1544.59,82.03,1.00,16,2,12.50,13.75,2.31,18.50,2,12.50,16,4.38,1,6.25,8,50.00,2017-12-08,2018-06-24,9,1,1214,0.0099
863d2ebcd347ce4922de7a0f9a5581d6,rio de janeiro,RJ,17,17,18,1312.36,293.22,1605.58,77.20,1.06,16,2,12.50,12.06,1.81,13.50,0,0.00,17,4.06,2,11.76,8,47.06,2017-07-04,2018-08-13,8,1,1215,0.0099
f4a04f7be452aa3bb31760bf00055dd0,santo andre,SP,18,18,18,1312.10,241.85,1553.95,72.89,1.00,18,0,0.00,9.06,3.28,,0,0.00,18,4.67,0,0.00,8,44.44,2017-10-31,2018-08-17,8,1,1216,0.0099
626ab1cd96932367f0eeec2e47046c12,sao paulo,SP,3,3,3,1310.00,80.47,1390.47,436.67,1.00,3,0,0.00,7.00,1.67,,0,0.00,3,4.67,0,0.00,2,66.67,2018-01-16,2018-07-28,3,2,1217,0.0099
7f40d06aa0b5f1aa4f41af8c0480e2ef,rio claro,SP,6,6,6,1309.94,125.68,1435.62,218.32,1.00,6,0,0.00,4.17,1.00,,0,0.00,6,4.83,0,0.00,4,66.67,2018-08-09,2018-08-27,4,2,1218,0.0099
9a1aea68d3efa00862ec88c0768037d0,catanduva,SP,7,7,8,1309.20,192.51,1501.71,187.03,1.14,7,0,0.00,13.00,3.00,,0,0.00,7,4.43,0,0.00,4,57.14,2018-02-09,2018-07-19,3,2,1219,0.0099
a13580f0e8f782b7a543885a0ef99f08,rio de janeiro,RJ,10,10,10,1304.90,258.78,1563.68,130.49,1.00,10,2,20.00,25.00,5.00,3.50,0,0.00,10,4.40,0,0.00,0,0.00,2017-08-17,2018-05-07,5,2,1220,0.0099
83b08de96980757220871b31bf6cffca,rio de janeiro,RJ,5,5,7,1304.17,454.21,1758.38,260.83,1.40,5,1,20.00,13.80,4.00,8.00,1,20.00,5,4.00,1,20.00,2,40.00,2017-10-13,2018-05-07,4,1,1221,0.0099
542917da124346b47ea1ac79a93ce454,curitiba,PR,20,20,20,1303.90,363.18,1667.08,65.20,1.00,20,1,5.00,11.50,3.05,3.00,2,10.00,20,4.15,3,15.00,2,10.00,2017-03-04,2017-08-07,13,2,1222,0.0099
45a3d05fb00435e52a28859dd03703b3,guarulhos,SP,1,1,1,1299.00,24.79,1323.79,1299.00,1.00,1,0,0.00,26.00,17.00,,1,100.00,1,5.00,0,0.00,0,0.00,2017-02-03,2017-02-03,1,1,1223,0.0098
56e361f411e38dcef17cdc2a3d99628b,guarulhos,SP,5,5,10,1298.00,1857.76,3155.76,259.60,2.00,4,1,25.00,10.00,2.25,3.00,0,0.00,5,4.00,1,20.00,2,40.00,2018-07-02,2018-08-23,4,2,1224,0.0098
d101c6da914ae3d53f7bee42283f2fe2,sao paulo,SP,13,13,16,1297.40,260.15,1557.55,99.80,1.23,13,1,7.69,13.38,3.54,7.00,1,7.69,13,3.62,4,30.77,7,53.85,2016-10-05,2017-05-30,4,3,1225,0.0098
51ed72984a04e5dd35c2b27e77179038,sao jose do rio preto,SP,7,7,7,1294.30,198.93,1493.23,184.90,1.00,7,1,14.29,16.43,2.71,9.00,1,14.29,7,3.57,2,28.57,3,42.86,2017-11-11,2018-04-21,4,2,1226,0.0098
b9ca8e8baa5d4aa038394a700f63e69f,sao paulo,SP,14,14,14,1289.77,388.18,1677.95,92.13,1.00,14,1,7.14,9.64,2.14,7.00,0,0.00,14,4.21,1,7.14,7,50.00,2018-04-23,2018-08-28,8,3,1227,0.0098
25e47381a6c510ddeb36084e33b89f0c,praia grande,SP,16,16,17,1289.60,282.11,1571.71,80.60,1.06,16,0,0.00,10.13,3.50,,0,0.00,16,4.25,1,6.25,4,25.00,2017-05-16,2017-06-29,11,2,1228,0.0098
141440cad9341e553f8401c574a2aa38,pitanga,PR,11,11,12,1288.20,290.80,1579.00,117.11,1.09,10,0,0.00,6.90,1.50,,0,0.00,11,4.45,1,9.09,2,18.18,2018-05-01,2018-08-14,9,2,1229,0.0097
e63e8bfa530fb16910dd6956e592bb81,guarulhos,SP,41,41,42,1282.80,645.41,1928.21,31.29,1.02,41,2,4.88,9.24,2.12,5.00,2,4.88,41,4.32,4,9.76,25,60.98,2017-08-07,2018-08-28,12,2,1230,0.0097
e3d3b3efac954a60d61be70b7e05b49b,sao paulo,SP,3,3,3,1282.05,123.78,1405.83,427.35,1.00,3,0,0.00,11.00,3.67,,0,0.00,3,4.33,0,0.00,2,66.67,2018-06-06,2018-06-25,3,1,1231,0.0097
4eeb99008a0f59d2c7759c59f9a346eb,embu das artes,SP,2,2,2,1282.00,38.95,1320.95,641.00,1.00,1,0,0.00,8.00,2.00,,0,0.00,2,4.50,0,0.00,0,0.00,2018-04-23,2018-06-18,2,1,1232,0.0097
269cff2d3c8d205c11f37a52402ea93b,catanduva,SP,4,4,5,1281.59,133.41,1415.00,320.40,1.25,4,0,0.00,7.00,1.75,,0,0.00,4,4.50,0,0.00,4,100.00,2018-06-28,2018-08-10,3,2,1233,0.0097
a478c7961d6a992065b24e63b366f90b,blumenau,SC,8,8,9,1281.50,170.06,1451.56,160.19,1.13,8,0,0.00,9.88,2.38,,1,12.50,8,4.88,0,0.00,0,0.00,2017-02-09,2018-02-21,5,2,1234,0.0097
5795aebfe331fbcd02a2c4b679fb7952,palhoca,SC,6,6,6,1280.00,156.09,1436.09,213.33,1.00,6,0,0.00,12.17,3.67,,0,0.00,6,3.83,1,16.67,0,0.00,2018-02-11,2018-08-20,3,2,1235,0.0097
fec8cd45395b3cb0c2b173d7739706a1,jambeiro,SP,4,4,4,1280.00,96.94,1376.94,320.00,1.00,4,0,0.00,10.50,2.50,,0,0.00,4,3.75,0,0.00,4,100.00,2018-01-04,2018-04-25,3,1,1235,0.0097
bb5d956dece964a06c12bceb66b923ae,rio de janeiro,RJ,2,2,2,1278.36,50.14,1328.50,639.18,1.00,2,0,0.00,10.00,2.00,,0,0.00,2,5.00,0,0.00,0,0.00,2018-01-21,2018-02-19,2,1,1236,0.0097
fa74b2f3287d296e9fbd2cc80f2d1cf1,presidente prudente,SP,5,5,5,1274.49,76.18,1350.67,254.90,1.00,5,2,40.00,30.20,18.20,13.00,2,40.00,5,3.20,2,40.00,2,40.00,2017-07-20,2017-12-20,4,1,1237,0.0096
3f8034bfc6b8b4135534975d49f04c63,curitiba,PR,11,11,14,1273.90,249.03,1522.93,115.81,1.27,11,0,0.00,10.91,1.73,,0,0.00,11,4.00,2,18.18,0,0.00,2017-01-18,2017-05-24,7,2,1238,0.0096
718539d38d07dd351c76db862760e2e2,campinas,SP,35,35,43,1273.01,634.60,1907.61,36.37,1.23,35,0,0.00,8.54,1.91,,0,0.00,35,4.63,1,2.86,16,45.71,2017-04-26,2018-01-03,13,2,1239,0.0096
128f9bfbe4c7d5185033914b1de3d39a,atibaia,SP,13,13,15,1267.39,251.98,1519.37,97.49,1.15,13,1,7.69,11.85,3.92,1.00,1,7.69,13,4.77,0,0.00,6,46.15,2017-09-13,2018-06-17,9,1,1240,0.0096
c8c1bea22194a4eefa2dc9a9fa89f536,porto belo,SC,7,7,13,1266.00,292.73,1558.73,180.86,1.86,7,0,0.00,8.29,1.00,,0,0.00,7,5.00,0,0.00,0,0.00,2018-06-04,2018-08-03,3,1,1241,0.0096
2646baaf662d4d92ac48f047e35db92d,sao paulo,SP,15,15,18,1263.05,286.34,1549.39,84.20,1.20,13,1,7.69,5.54,1.85,2.00,1,6.67,15,4.47,2,13.33,10,66.67,2018-04-29,2018-08-09,10,4,1242,0.0096
9ed65337433adfbedefd23dd76eaa494,sao paulo,SP,6,6,6,1262.60,81.05,1343.65,210.43,1.00,6,0,0.00,7.50,2.00,,0,0.00,6,4.83,0,0.00,5,83.33,2017-12-19,2018-08-01,3,1,1243,0.0095
da7039f29f90ce5b4846ffc0fcc93beb,santo andre,SP,17,17,18,1259.10,244.45,1503.55,74.06,1.06,13,1,7.69,8.77,1.69,1.00,0,0.00,17,4.53,1,5.88,8,47.06,2018-04-20,2018-08-18,7,1,1244,0.0095
9140bd1d9de28b197dce077bdd687438,amparo,SP,6,6,8,1258.87,184.06,1442.93,209.81,1.33,5,0,0.00,6.60,1.80,,1,16.67,6,4.17,0,0.00,4,66.67,2018-05-21,2018-08-10,5,1,1245,0.0095
8a9260f2b0340411d6d2a56bcf4f7378,contagem,MG,8,8,9,1256.00,140.94,1396.94,157.00,1.13,8,0,0.00,9.88,2.50,,0,0.00,8,4.75,0,0.00,2,25.00,2018-02-17,2018-08-17,4,4,1246,0.0095
b8578d2d823bd8e251f6fdd02b40902d,blumenau,SC,9,9,9,1255.60,244.00,1499.60,139.51,1.00,9,0,0.00,9.89,1.44,,1,11.11,9,4.44,1,11.11,0,0.00,2018-04-12,2018-07-19,6,1,1247,0.0095
734def04b237117a09321dd6d8f3f2a2,araras,SP,2,2,2,1252.43,28.80,1281.23,626.22,1.00,2,0,0.00,2.00,1.00,,0,0.00,2,5.00,0,0.00,2,100.00,2018-04-08,2018-06-21,2,2,1248,0.0095
402916f742e5c740cc751493d9cf5053,guanhaes,MG,9,9,10,1252.00,226.43,1478.43,139.11,1.11,8,0,0.00,6.50,1.13,,0,0.00,9,4.67,0,0.00,1,11.11,2018-08-05,2018-08-24,5,3,1249,0.0095
30a81d8cf85fb2ada1b1b094c9583a95,sao paulo,SP,17,17,20,1245.42,168.10,1413.52,73.26,1.18,16,0,0.00,4.31,1.50,,1,5.88,17,4.82,0,0.00,16,94.12,2018-02-22,2018-08-15,7,1,1250,0.0094
3fac58ce0ad699020c7944d53c41329c,sao paulo,SP,10,10,16,1244.95,183.02,1427.97,124.50,1.60,10,0,0.00,4.90,2.70,,1,10.00,10,4.40,1,10.00,9,90.00,2018-05-31,2018-08-20,13,2,1251,0.0094
671585f5a2af58b6e276bc01003c0d2b,curitiba,PR,27,27,27,1244.00,448.11,1692.11,46.07,1.00,26,0,0.00,5.62,1.62,,0,0.00,27,4.70,1,3.70,3,11.11,2018-07-27,2018-08-25,5,1,1252,0.0094
5d76d80a2f5f39c891b996a1bf4c9853,sao paulo,SP,6,6,6,1238.50,171.25,1409.75,206.42,1.00,4,0,0.00,6.50,1.25,,0,0.00,6,4.83,0,0.00,0,0.00,2018-07-25,2018-08-18,5,3,1253,0.0094
67225bff54a172ff67579aaf583efd78,marechal candido rondon,PA,8,7,8,1238.00,155.11,1393.11,154.75,1.00,8,0,0.00,13.25,3.25,,2,25.00,8,4.50,0,0.00,0,0.00,2017-09-15,2018-02-03,7,1,1254,0.0094
058cb5aeb36d7c0fcae20fc85d5e0a59,rio de janeiro,RJ,11,10,12,1236.00,747.82,1983.82,112.36,1.09,11,1,9.09,10.00,3.82,9.00,1,9.09,11,3.82,2,18.18,5,45.45,2017-09-25,2018-08-14,7,1,1255,0.0093
4fb41dff7c50136976d1a5cf004a42e2,feira de santana,BA,3,3,3,1230.00,66.77,1296.77,410.00,1.00,3,1,33.33,66.67,2.67,134.00,0,0.00,3,4.00,0,0.00,0,0.00,2017-11-27,2018-02-02,3,1,1256,0.0093
a36ac007a4d18f865c8d32c3b2402c2d,barueri,SP,8,8,8,1229.79,161.17,1390.96,153.72,1.00,8,0,0.00,9.75,3.75,,1,12.50,8,2.75,4,50.00,5,62.50,2017-01-22,2017-09-06,3,2,1257,0.0093
7daca0837f033a41a6f3428c18657533,tanabi,SP,7,7,7,1228.98,168.16,1397.14,175.57,1.00,7,2,28.57,14.14,5.43,5.50,2,28.57,7,3.57,2,28.57,5,71.43,2018-04-19,2018-06-10,4,1,1258,0.0093
2d518637f53161b973e01f56ea4bb88e,sao paulo,SP,13,13,13,1219.89,319.81,1539.70,93.84,1.00,13,0,0.00,13.46,4.15,,0,0.00,13,4.92,0,0.00,2,15.38,2018-04-13,2018-07-30,2,1,1259,0.0092
9c4d31c7e46ab03a43fc06e3142afd4e,rio de janeiro,RJ,2,2,2,1218.90,43.82,1262.72,609.45,1.00,2,0,0.00,7.00,3.00,,0,0.00,2,4.50,0,0.00,1,50.00,2018-08-14,2018-08-20,2,1,1260,0.0092
7a425d299613df3e613bcf9d2eaf5c49,rio de janeiro,RJ,18,18,18,1218.80,286.67,1505.47,67.71,1.00,18,1,5.56,11.78,1.39,4.00,0,0.00,18,4.11,3,16.67,3,16.67,2017-11-09,2018-08-01,14,1,1261,0.0092
52f9db5cfb423382a2fa5c9e39303202,echapora,SP,21,21,22,1218.78,345.75,1564.53,58.04,1.05,20,0,0.00,10.15,1.60,,0,0.00,21,4.29,2,9.52,9,42.86,2017-11-06,2018-08-02,7,4,1262,0.0092
2cb6eb1b7185064167657fa09f541105,sabara,MG,6,6,7,1217.90,164.78,1382.68,202.98,1.17,6,0,0.00,8.17,3.50,,1,16.67,6,4.50,1,16.67,2,33.33,2018-02-20,2018-08-03,6,4,1263,0.0092
002100f778ceb8431b7a1020ff7ab48f,franca,SP,50,50,54,1216.60,778.56,1995.16,24.33,1.08,50,9,18.00,16.20,4.30,7.44,4,8.00,50,3.96,7,14.00,22,44.00,2017-09-14,2018-04-12,24,1,1264,0.0092
093805f8f2aeb63881444571e1f48f30,osasco,SP,22,22,27,1215.79,343.94,1559.73,55.26,1.23,22,1,4.55,8.18,2.55,7.00,0,0.00,22,4.18,3,13.64,13,59.09,2017-08-31,2018-01-30,18,1,1265,0.0092
f9d010e39375d9c91dce3f40b73a2f84,lorena,SP,4,4,5,1212.00,138.14,1350.14,303.00,1.25,4,1,25.00,17.25,3.25,3.00,0,0.00,4,3.50,1,25.00,0,0.00,2018-02-17,2018-07-23,2,1,1266,0.0092
f08c008c8a8d31417763738a1788a2a8,santa terezinha de itaipu,PR,20,20,21,1211.92,392.08,1604.00,60.60,1.05,20,3,15.00,19.20,2.65,39.67,0,0.00,19,3.42,5,26.32,1,5.00,2017-10-10,2018-01-09,3,1,1267,0.0092
788e857f317e53de488d393e65a80f45,sao paulo,SP,11,11,11,1210.00,184.95,1394.95,110.00,1.00,11,0,0.00,7.27,2.00,,0,0.00,11,4.91,0,0.00,5,45.45,2018-05-28,2018-08-22,4,1,1268,0.0092
6426d21aca402a131fc0a5d0960a3c90,ribeirao preto,SP,23,23,23,1209.64,384.18,1593.82,52.59,1.00,23,0,0.00,11.00,1.52,,0,0.00,23,4.17,2,8.70,9,39.13,2017-05-15,2017-10-02,9,4,1269,0.0091
b566ab0ef88016e00422755e305103c6,extrema,MG,5,5,5,1208.00,220.22,1428.22,241.60,1.00,5,1,20.00,13.00,1.20,15.00,0,0.00,5,3.20,2,40.00,1,20.00,2018-03-11,2018-07-23,4,3,1270,0.0091
01fd077212124329bac32490e8ef80d9,ribeirao preto / sao paulo,SP,31,31,39,1208.00,575.36,1783.36,38.97,1.26,31,1,3.23,8.00,1.45,9.00,0,0.00,31,4.16,5,16.13,13,41.94,2018-04-16,2018-08-24,12,7,1270,0.0091
bc07d855eac23aab5ac8a120f21d16b2,mogi das cruzes,SP,11,11,12,1202.62,204.74,1407.36,109.33,1.09,11,2,18.18,13.36,2.55,6.00,0,0.00,11,4.45,1,9.09,5,45.45,2018-03-08,2018-08-12,8,4,1271,0.0091
7238f877570096ae403c51898fa64566,santana de parnaiba,SP,3,3,3,1200.00,49.52,1249.52,400.00,1.00,3,0,0.00,9.00,1.00,,0,0.00,3,5.00,0,0.00,1,33.33,2018-04-11,2018-05-29,1,1,1272,0.0091
6bef34c5be6f2bbd70aa5165f6df94b1,timbo,SC,2,2,2,1198.00,132.88,1330.88,599.00,1.00,2,0,0.00,16.50,2.00,,0,0.00,2,2.00,1,50.00,0,0.00,2018-07-14,2018-07-31,1,1,1273,0.0091
11fb6f6d341adbe19e81733701704635,sao paulo,SP,3,3,3,1197.00,399.66,1596.66,399.00,1.00,3,0,0.00,5.33,1.67,,0,0.00,3,5.00,0,0.00,1,33.33,2018-08-07,2018-08-25,1,1,1274,0.0091
a20d8058c866dbaeca014d2cd20ac62e,sao jose dos campos,SP,2,2,2,1194.00,44.90,1238.90,597.00,1.00,2,0,0.00,23.00,2.00,,0,0.00,2,5.00,0,0.00,0,0.00,2017-12-20,2018-05-16,1,1,1275,0.0090
f235413f677777a0738ff215d0184901,bariri,SP,2,2,2,1191.98,55.83,1247.81,595.99,1.00,2,0,0.00,6.50,1.50,,0,0.00,2,5.00,0,0.00,1,50.00,2017-01-16,2017-01-23,1,1,1276,0.0090
d8c7ba53e7e38711eaef8c2849d6d2e1,floresta,PR,22,22,22,1190.87,597.47,1788.34,54.13,1.00,22,0,0.00,8.09,2.00,,0,0.00,22,4.50,0,0.00,3,13.64,2018-05-08,2018-08-21,6,3,1277,0.0090
700f03c207639c22d933381ff60b35c2,barretos,SP,4,4,4,1189.86,136.45,1326.31,297.47,1.00,4,2,50.00,29.75,19.25,10.50,4,100.00,4,4.00,1,25.00,2,50.00,2016-10-07,2017-11-29,3,1,1278,0.0090
c0098efcf800861dcae589affca31408,ribeirao preto,SP,9,9,9,1189.28,187.46,1376.74,132.14,1.00,9,0,0.00,11.33,2.22,,1,11.11,9,4.78,0,0.00,6,66.67,2017-12-06,2018-07-17,8,1,1279,0.0090
1710c3aaa9c6b44ec3883ee0fe300e21,sao caetano do sul,SP,2,2,2,1188.90,37.65,1226.55,594.45,1.00,2,0,0.00,6.00,1.00,,0,0.00,2,5.00,0,0.00,1,50.00,2018-04-25,2018-05-02,2,2,1280,0.0090
c273175f7c6c80fb02f051e2fc6d0d72,sao paulo,SP,14,14,14,1188.23,255.22,1443.45,84.87,1.00,14,1,7.14,10.64,3.79,7.00,2,14.29,14,3.79,3,21.43,6,42.86,2017-01-25,2017-07-20,11,2,1281,0.0090
1dcfa3835714681d4ba4a93bc1e0fd41,birigui,SP,12,12,14,1186.60,296.88,1483.48,98.88,1.17,12,0,0.00,15.00,6.50,,3,25.00,11,4.27,1,9.09,4,33.33,2017-07-27,2017-12-14,4,1,1282,0.0090
439a47cc365d6e3bd526812ea9de3c29,mogi das cruzes,SP,8,8,13,1186.50,224.43,1410.93,148.31,1.63,8,0,0.00,7.38,1.50,,0,0.00,8,4.25,1,12.50,4,50.00,2017-08-21,2018-07-05,5,1,1283,0.0090
0afccdb8a34ee5c79f7c06faf2b4d56e,uberlandia,MG,24,24,24,1185.60,371.49,1557.09,49.40,1.00,24,2,8.33,13.46,3.67,8.50,3,12.50,23,4.09,3,13.04,3,12.50,2017-04-05,2018-04-07,10,1,1284,0.0090
3092c0b297aacfb4bb6e056ebe13b9b8,aruja,SP,16,16,17,1184.30,313.98,1498.28,74.02,1.06,15,0,0.00,13.73,3.67,,0,0.00,16,4.13,2,12.50,5,31.25,2018-01-18,2018-06-29,15,6,1285,0.0090
a5259c149128e82c9d6d46e0c1c812bb,ji parana,RO,8,8,8,1182.26,438.87,1621.13,147.78,1.00,8,0,0.00,19.38,3.38,,1,12.50,8,3.88,2,25.00,0,0.00,2017-07-31,2018-03-09,7,1,1286,0.0089
7ff588a03c2aeae4fbd23f9ae64b760d,guarulhos,SP,14,14,16,1182.20,221.18,1403.38,84.44,1.14,10,0,0.00,4.20,0.80,,0,0.00,14,4.64,1,7.14,8,57.14,2018-06-06,2018-08-26,11,1,1287,0.0089
2709af9587499e95e803a6498a5a56e9,sao paulo,SP,25,25,46,1180.56,549.73,1730.29,47.22,1.84,25,3,12.00,11.12,2.56,6.67,2,8.00,24,3.96,5,20.83,11,44.00,2017-02-15,2018-08-26,15,2,1288,0.0089
327b89b872c14d1c0be7235ef4871685,manaus,AM,3,3,3,1177.00,81.80,1258.80,392.33,1.00,3,1,33.33,48.00,3.33,38.00,1,33.33,3,2.33,2,66.67,0,0.00,2017-02-03,2017-03-15,3,1,1289,0.0089
b1aaae6b66ad3c40f54b389d7ea4bee0,sao paulo,SP,15,15,17,1176.50,392.74,1569.24,78.43,1.13,15,0,0.00,8.13,2.40,,2,13.33,15,4.40,1,6.67,4,26.67,2017-01-22,2017-05-24,15,3,1290,0.0089
dbec9a0a7efeff029d4d9dce7dc4cc95,belo horizonte,MG,3,3,3,1170.00,118.59,1288.59,390.00,1.00,3,0,0.00,12.00,2.67,,0,0.00,3,4.00,1,33.33,0,0.00,2018-06-15,2018-08-14,2,1,1291,0.0088
f1b854361f4e15d5851b494df66f22b2,rio de janeiro,RJ,3,3,4,1168.80,306.44,1475.24,389.60,1.33,2,0,0.00,6.50,1.00,,0,0.00,3,3.33,1,33.33,0,0.00,2018-04-15,2018-07-25,3,2,1292,0.0088
8629c241b3622ac12cd4118afdc8d394,ribeirao preto,SP,13,13,13,1167.66,334.36,1502.02,89.82,1.00,13,1,7.69,15.00,3.23,9.00,1,7.69,13,4.08,2,15.38,7,53.85,2018-03-19,2018-07-10,6,3,1293,0.0088
c8e135e7b21ecbc36c1153a29d2f5a06,sao paulo,SP,7,7,7,1165.50,101.98,1267.48,166.50,1.00,7,0,0.00,8.29,3.00,,1,14.29,7,4.86,0,0.00,6,85.71,2017-02-01,2017-05-28,5,1,1294,0.0088
5ee7fd217d08dfe5d3e2f51f96a12c9a,vargem grande do sul,SP,9,9,9,1165.50,269.68,1435.18,129.50,1.00,9,2,22.22,16.89,2.22,5.50,0,0.00,9,3.44,3,33.33,3,33.33,2017-06-17,2018-08-21,8,2,1294,0.0088
57c764b4a836300be881e2ff86e449f9,ribeirao preto,SP,28,28,29,1156.10,457.39,1613.49,41.29,1.04,28,4,14.29,15.36,2.39,4.50,0,0.00,27,4.22,3,11.11,8,28.57,2017-02-02,2018-08-22,11,3,1295,0.0087
d1c7fa84e48cfa21a0e595167c1c500e,jacutinga,RS,12,12,12,1156.03,321.35,1477.38,96.34,1.00,9,0,0.00,12.56,2.00,,0,0.00,12,4.33,2,16.67,1,8.33,2018-03-24,2018-07-23,6,3,1296,0.0087
d1b9d4be4b6f9ebd85f8acd6745ba612,nova lima,MG,11,10,11,1154.35,194.18,1348.53,104.94,1.00,11,0,0.00,10.73,4.18,,1,9.09,11,4.18,1,9.09,2,18.18,2017-10-11,2018-08-21,10,1,1297,0.0087
2d378dbb39815785238c0139c7647fb7,sao francisco do sul,SC,2,2,2,1154.00,300.44,1454.44,577.00,1.00,2,0,0.00,19.50,6.50,,0,0.00,2,5.00,0,0.00,0,0.00,2017-04-13,2017-05-17,1,1,1298,0.0087
c35672b10ad50968f567ea3f4b91e877,mesquita,RJ,18,17,22,1150.57,364.78,1515.35,63.92,1.22,18,1,5.56,11.50,2.44,5.00,2,11.11,18,4.50,1,5.56,5,27.78,2017-08-21,2018-08-04,3,2,1299,0.0087
5fd924b4836098a5be0ecf81ba054ce0,sao paulo,SP,7,7,8,1148.80,135.54,1284.34,164.11,1.14,7,0,0.00,8.14,2.00,,1,14.29,7,4.00,1,14.29,2,28.57,2017-01-17,2017-03-01,8,1,1300,0.0087
1d2732ef8321502ee8488e8bed1ab8cd,rio de janeiro,RJ,4,4,5,1148.00,80.18,1228.18,287.00,1.25,4,1,25.00,12.00,5.00,7.00,2,50.00,4,3.00,1,25.00,2,50.00,2017-04-19,2018-05-03,4,1,1301,0.0087
d4910f1cdcfdabd48d6b316e395d4a23,santo andre,SP,11,11,12,1146.88,215.04,1361.92,104.26,1.09,10,0,0.00,5.90,2.70,,0,0.00,11,4.91,0,0.00,5,45.45,2018-07-30,2018-08-17,2,1,1302,0.0087
10ff823eda2b032e2c93d17a7d294736,pederneiras,SP,8,8,8,1144.98,147.88,1292.86,143.12,1.00,8,0,0.00,9.88,2.13,,0,0.00,8,4.25,1,12.50,4,50.00,2017-06-14,2018-04-06,5,2,1303,0.0087
5f3ae9136c875522250f8184f253413a,sao paulo,SP,42,42,45,1143.05,596.72,1739.77,27.22,1.07,42,2,4.76,7.83,1.67,3.00,5,11.90,42,4.64,1,2.38,20,47.62,2018-01-15,2018-08-22,24,2,1304,0.0086
1ca4bdb0cd7fc48e949bac066188ed26,cataguases,MG,3,3,3,1140.00,363.45,1503.45,380.00,1.00,3,1,33.33,14.00,4.33,1.00,1,33.33,3,5.00,0,0.00,2,66.67,2018-03-22,2018-07-09,1,1,1305,0.0086
5b97c06a046398e7005b2b7c0d707a92,joao pinheiro,MG,3,3,3,1139.97,198.44,1338.41,379.99,1.00,3,1,33.33,26.00,7.00,1.00,2,66.67,3,4.00,0,0.00,0,0.00,2017-05-31,2017-07-27,1,1,1306,0.0086
10089e9f2fd0c668a8fd4e52e1698888,sao jose do rio preto,SP,3,3,3,1139.90,59.41,1199.31,379.97,1.00,3,0,0.00,7.67,1.67,,0,0.00,3,4.33,0,0.00,2,66.67,2017-03-12,2017-11-14,3,1,1307,0.0086
5f26c1408a65b42a7224cd463bdf3292,arapongas,PR,10,10,10,1139.80,217.29,1357.09,113.98,1.00,8,0,0.00,6.13,1.13,,0,0.00,10,4.80,0,0.00,0,0.00,2018-06-28,2018-08-26,9,2,1308,0.0086
6b89abe95848c850399130d149a39b63,piracanjuba,GO,8,8,8,1135.20,330.53,1465.73,141.90,1.00,8,0,0.00,11.38,2.88,,0,0.00,8,4.38,1,12.50,2,25.00,2018-02-15,2018-04-13,2,1,1309,0.0086
5b07547f10dd980738a1a27f685af669,guarulhos,SP,13,13,14,1134.60,185.47,1320.07,87.28,1.08,12,2,16.67,6.17,2.92,2.00,2,15.38,13,4.46,1,7.69,7,53.85,2018-08-01,2018-08-24,3,2,1310,0.0086
713e3a23ca5e47786eb6f0d99f94cfac,curitiba,PR,4,4,4,1126.00,87.03,1213.03,281.50,1.00,4,0,0.00,10.00,1.75,,0,0.00,4,4.75,0,0.00,0,0.00,2018-02-06,2018-06-03,4,1,1311,0.0085
138dbe45fc62f1e244378131a6801526,sao paulo,SP,49,49,58,1125.56,689.24,1814.80,22.97,1.18,45,1,2.22,6.40,1.91,3.00,1,2.04,49,4.08,8,16.33,30,61.22,2018-05-07,2018-08-24,22,7,1312,0.0085
c878515173c84a492ebe50d6b493230b,itaipulandia,PR,9,9,10,1118.84,189.20,1308.04,124.32,1.11,9,2,22.22,17.00,4.00,8.00,1,11.11,9,4.11,2,22.22,0,0.00,2017-03-13,2017-11-15,6,4,1313,0.0085
cda598c48d7c614bc1cad7d8ff6f0010,mirassol,SP,17,17,18,1118.60,301.60,1420.20,65.80,1.06,15,0,0.00,8.27,1.33,,0,0.00,17,4.06,1,5.88,7,41.18,2018-03-17,2018-08-15,4,4,1314,0.0085
365e445f796710c3431557e85caa25db,sao paulo,SP,4,4,5,1115.00,79.30,1194.30,278.75,1.25,4,0,0.00,8.50,0.75,,0,0.00,4,4.50,0,0.00,1,25.00,2017-02-01,2017-06-16,4,2,1315,0.0084
1b65c144b17e607c0f37f10bb7dfec8d,rio do sul,SC,5,5,5,1109.50,144.85,1254.35,221.90,1.00,3,0,0.00,8.33,0.67,,0,0.00,5,2.00,3,60.00,0,0.00,2018-04-20,2018-06-29,3,1,1316,0.0084
b586cd24c010a13916af621b0325fbba,rio do sul,SC,6,6,7,1108.94,263.99,1372.93,184.82,1.17,6,0,0.00,5.50,1.17,,0,0.00,6,3.83,1,16.67,2,33.33,2018-06-17,2018-08-23,7,3,1317,0.0084
6c6cc59a5c00cacc5054ca06d65cc282,santa maria,RS,1,1,1,1107.00,148.71,1255.71,1107.00,1.00,1,0,0.00,9.00,2.00,,0,0.00,1,5.00,0,0.00,0,0.00,2018-08-11,2018-08-11,1,1,1318,0.0084
abc015ebac1d283a323ca9db35ede4b9,ribeirao preto,SP,12,12,13,1106.80,222.85,1329.65,92.23,1.08,11,0,0.00,11.00,2.00,,0,0.00,12,4.42,1,8.33,4,33.33,2017-02-10,2017-12-09,8,2,1319,0.0084
a425f92c199eb576938df686728acd20,curitiba,PR,16,15,18,1106.30,293.39,1399.69,69.14,1.13,16,0,0.00,17.06,10.38,,4,25.00,16,4.50,2,12.50,3,18.75,2017-10-03,2018-07-30,17,4,1320,0.0084
457fe919b032a3f7dadba6fb92cf7855,paulinia,SP,9,9,12,1104.89,141.22,1246.11,122.77,1.33,9,0,0.00,5.56,1.89,,0,0.00,9,4.78,0,0.00,5,55.56,2018-05-02,2018-08-06,8,1,1321,0.0084
48328ec9a579151d9cc6a86d4a59336c,canoas,RS,1,1,1,1099.00,97.78,1196.78,1099.00,1.00,1,0,0.00,21.00,2.00,,0,0.00,1,2.00,1,100.00,0,0.00,2017-09-19,2017-09-19,1,1,1322,0.0083
4b39558c138930b9e5489c93b6df5fe3,aracaju,SE,4,4,5,1096.70,132.40,1229.10,274.18,1.25,4,0,0.00,12.75,1.25,,0,0.00,4,4.50,0,0.00,0,0.00,2017-11-15,2018-01-14,3,2,1323,0.0083
b55638ad525e906c698fa2ce742c1742,imbituba,SC,11,11,12,1094.80,290.87,1385.67,99.53,1.09,11,2,18.18,23.36,10.91,6.00,9,81.82,11,4.18,0,0.00,0,0.00,2017-11-06,2018-08-08,6,1,1324,0.0083
75fbb52eda0cbc24f479d3b2fbfa8d3e,goiania,GO,38,37,41,1094.19,900.26,1994.45,28.79,1.08,38,2,5.26,13.63,2.53,6.50,1,2.63,38,4.45,3,7.89,1,2.63,2017-01-31,2018-06-16,35,1,1325,0.0083
119d1aef1b4144adba89163f6cd9f5d4,pedreira,SP,4,4,4,1094.00,204.24,1298.24,273.50,1.00,4,0,0.00,4.50,2.25,,0,0.00,4,4.75,0,0.00,4,100.00,2017-05-26,2017-11-17,3,2,1326,0.0083
8b655f0855926bcb49f5835d38dfddf6,osasco,SP,5,5,5,1089.50,73.31,1162.81,217.90,1.00,5,0,0.00,5.60,2.00,,0,0.00,5,4.80,0,0.00,4,80.00,2018-05-13,2018-08-17,3,1,1327,0.0082
e504a4e2efaa45cbff7e268a2c58c956,sao pedro,SP,10,10,11,1088.90,240.80,1329.70,108.89,1.10,10,3,30.00,12.90,7.50,6.67,4,40.00,10,3.80,3,30.00,7,70.00,2018-05-14,2018-08-15,6,1,1328,0.0082
f205b1a3ca9a34e0f8a228bae6e4c7b3,cachoeirinha,RS,8,8,8,1088.00,396.90,1484.90,136.00,1.00,8,0,0.00,8.63,0.88,,0,0.00,8,4.88,0,0.00,0,0.00,2018-07-13,2018-08-26,7,1,1329,0.0082
76ea5315acb3f5f7ade3cd261faf922a,sao paulo,SP,15,15,15,1087.06,224.02,1311.08,72.47,1.00,15,1,6.67,8.60,1.73,2.00,0,0.00,15,4.27,1,6.67,8,53.33,2018-05-18,2018-08-19,12,7,1330,0.0082
fe87f472055fbcf1d7e691c00b1560dc,campinas,SP,6,6,6,1085.80,130.16,1215.96,180.97,1.00,6,1,16.67,6.00,3.67,11.00,2,33.33,6,4.50,0,0.00,5,83.33,2018-05-07,2018-08-19,4,1,1331,0.0082
e48cc16ab70bfa09e1401740dce0b3d7,aracatuba,SP,14,14,17,1084.83,326.30,1411.13,77.49,1.21,14,0,0.00,14.71,4.07,,2,14.29,14,3.57,4,28.57,2,14.29,2017-05-27,2018-06-14,9,1,1332,0.0082
39f776d2974049026ff531fc42ef2a3e,goiania,GO,3,3,4,1084.04,90.37,1174.41,361.35,1.33,3,0,0.00,16.33,9.67,,1,33.33,3,3.67,1,33.33,0,0.00,2018-01-12,2018-04-25,3,1,1333,0.0082
71dc18fd8cbf5fd77f45dd8b427abb34,curitiba,PR,4,4,9,1080.00,149.40,1229.40,270.00,2.25,4,0,0.00,10.75,2.75,,0,0.00,4,5.00,0,0.00,0,0.00,2017-02-14,2017-12-13,1,1,1334,0.0082
4091f77d8c768fc3e81c20761471761d,sao paulo,SP,8,8,8,1079.00,230.87,1309.87,134.88,1.00,8,2,25.00,18.13,2.38,11.50,0,0.00,8,2.75,3,37.50,2,25.00,2018-01-06,2018-08-07,6,1,1335,0.0082
4736e9d642ef4257cd7622516931eb51,piracicaba,SP,16,16,20,1078.87,370.90,1449.77,67.43,1.25,16,0,0.00,4.69,2.06,,0,0.00,16,4.13,2,12.50,14,87.50,2017-11-16,2018-08-25,12,5,1336,0.0082
03a2a6dcbe45d639c4dc2a0d24769c40,maua,SP,9,9,9,1078.41,172.25,1250.66,119.82,1.00,9,1,11.11,10.56,2.00,11.00,0,0.00,9,4.11,1,11.11,3,33.33,2018-03-13,2018-08-15,7,1,1337,0.0082
a066df7361163e7ddc5d7452dd17448b,franca,SP,15,15,17,1078.30,266.32,1344.62,71.89,1.13,15,3,20.00,15.60,1.93,4.00,0,0.00,15,4.40,2,13.33,5,33.33,2017-12-12,2018-05-12,6,1,1338,0.0082
577719699805dd125d5b6fdde5943bba,nova petropolis,RS,8,8,8,1077.80,209.56,1287.36,134.73,1.00,7,1,14.29,10.86,5.43,8.00,1,12.50,8,4.38,1,12.50,0,0.00,2018-04-19,2018-08-21,8,3,1339,0.0082
167fd940acebc789debd6eb418c46e38,franca,SP,5,5,5,1077.58,100.90,1178.48,215.52,1.00,5,1,20.00,15.40,4.40,2.00,0,0.00,5,3.00,2,40.00,3,60.00,2017-11-30,2018-06-04,3,1,1340,0.0082
3d4b1ae7539303b5704493798893e82c,sao paulo,SP,6,6,9,1076.00,145.69,1221.69,179.33,1.50,6,0,0.00,12.00,2.50,,0,0.00,6,4.83,0,0.00,1,16.67,2017-12-06,2018-02-28,6,2,1341,0.0081
6562efe88ce0826a4ca4f189f03b4b84,maringa,PR,8,8,20,1076.00,282.32,1358.32,134.50,2.50,8,1,12.50,17.63,8.38,4.00,1,12.50,8,3.88,1,12.50,2,25.00,2017-03-14,2018-01-08,6,1,1341,0.0081
4cf490a58259286ada5ba8525ba9e84a,tabatinga,SP,7,7,7,1075.30,142.55,1217.85,153.61,1.00,7,0,0.00,24.57,11.57,,2,28.57,7,3.43,2,28.57,0,0.00,2017-03-14,2017-11-23,6,1,1342,0.0081
596849622429351f47b32e6cae1055ff,mogi das cruses,SP,13,13,13,1069.80,153.10,1222.90,82.29,1.00,12,0,0.00,5.58,1.33,,1,7.69,12,4.08,2,16.67,8,61.54,2018-06-07,2018-08-21,11,3,1343,0.0081
334cab711dee080b079fa5779b584783,santo andre,SP,11,11,26,1069.70,351.67,1421.37,97.25,2.36,9,0,0.00,8.00,1.22,,0,0.00,11,4.91,0,0.00,7,63.64,2018-04-08,2018-08-09,10,1,1344,0.0081
b18871c324516afa228a13e8f1ef0ae9,sao paulo,SP,9,9,23,1064.60,243.80,1308.40,118.29,2.56,9,1,11.11,9.22,2.00,2.00,0,0.00,9,3.44,4,44.44,5,55.56,2018-02-28,2018-06-18,5,1,1345,0.0081
eb72802c83dc7547529c9546d1a9b8ef,rio claro,SP,8,8,8,1063.92,117.71,1181.63,132.99,1.00,6,0,0.00,5.33,1.00,,0,0.00,8,4.63,1,12.50,5,62.50,2018-05-07,2018-07-27,7,6,1346,0.0080
8fbd63429be6d3e5e6d1a709b6464802,santo andre,SP,6,6,8,1061.40,179.57,1240.97,176.90,1.33,5,0,0.00,9.00,2.40,,0,0.00,6,4.83,0,0.00,1,16.67,2018-04-18,2018-06-28,4,1,1347,0.0080
b2eecf5ea250510da76590ca79d60e5d,sao paulo,SP,9,9,11,1060.00,153.15,1213.15,117.78,1.22,9,0,0.00,6.11,1.67,,0,0.00,9,5.00,0,0.00,5,55.56,2017-03-05,2017-11-11,5,1,1348,0.0080
1464afc72f696af775557a821c2e253f,nova friburgo,RJ,29,29,30,1059.36,454.42,1513.78,36.53,1.03,27,1,3.70,11.56,1.33,27.00,0,0.00,29,4.24,3,10.34,8,27.59,2017-04-12,2018-08-19,8,2,1349,0.0080
226b05fe067266c59c15dae208213d06,curitiba,PR,10,10,11,1056.90,188.68,1245.58,105.69,1.10,10,0,0.00,10.20,1.20,,0,0.00,10,4.50,1,10.00,1,10.00,2018-03-08,2018-04-12,8,2,1350,0.0080
55dedd83e501d8248880557d9073cbfd,rio de janeiro,RJ,8,8,9,1055.30,110.79,1166.09,131.91,1.13,8,0,0.00,4.88,2.13,,0,0.00,8,4.88,0,0.00,4,50.00,2018-08-10,2018-08-28,8,1,1351,0.0080
9d7a1d34a5052409006425275ba1c2b4,franca,SP,13,13,16,1054.82,277.05,1331.87,81.14,1.23,13,1,7.69,14.23,4.85,3.00,1,7.69,13,4.38,1,7.69,7,53.85,2017-07-17,2018-08-20,12,4,1352,0.0080
fcf16b7a8697e559f0123190bb30177d,sao paulo,SP,3,3,7,1052.80,499.77,1552.57,350.93,2.33,3,2,66.67,15.67,2.00,5.00,0,0.00,3,3.33,1,33.33,2,66.67,2018-02-18,2018-08-13,1,1,1353,0.0080
4324dd16853115efb0fd9d0d131ba6f4,sao jose do rio pardo,SP,12,12,18,1052.25,327.22,1379.47,87.69,1.50,12,1,8.33,13.17,2.00,5.00,0,0.00,12,4.08,2,16.67,4,33.33,2017-05-31,2018-03-06,6,1,1354,0.0080
bb135baca94c82fcb731335ad5b04a03,sao paulo,SP,18,17,38,1049.80,472.88,1522.68,58.32,2.11,18,0,0.00,9.17,3.61,,0,0.00,18,3.06,7,38.89,11,61.11,2017-01-21,2018-08-11,16,4,1355,0.0079
49067458c68f7701fd334ce326accbe0,juiz de fora,MG,17,16,37,1047.65,573.85,1621.50,61.63,2.18,17,0,0.00,12.18,4.94,,6,35.29,17,3.35,6,35.29,2,11.76,2017-09-27,2018-08-17,15,2,1356,0.0079
ea6b12bf9ffe2bac34602ec631d97a47,guarulhos,SP,9,9,9,1047.30,154.89,1202.19,116.37,1.00,9,0,0.00,16.67,11.33,,0,0.00,9,4.33,1,11.11,4,44.44,2017-02-12,2017-05-30,6,4,1357,0.0079
1cbd32d00d01bb8087a5eb088612fd9c,sp / sp,SP,11,11,12,1045.47,244.06,1289.53,95.04,1.09,11,1,9.09,12.36,4.18,1.00,3,27.27,11,4.18,1,9.09,3,27.27,2018-05-10,2018-08-19,11,5,1358,0.0079
c03121937e54a93fcc1825c3098bbb6e,curitiba,PR,7,7,7,1043.00,154.94,1197.94,149.00,1.00,7,0,0.00,11.29,2.43,,0,0.00,7,5.00,0,0.00,1,14.29,2017-03-28,2018-05-03,1,1,1359,0.0079
89f69225956f951295ca4c7fb1266553,vassouras,RJ,11,11,12,1041.30,277.41,1318.71,94.66,1.09,11,0,0.00,9.82,2.45,,1,9.09,11,4.27,1,9.09,1,9.09,2018-05-13,2018-08-14,8,5,1360,0.0079
1bc2e21de46adfea6b98cc96b00f3b40,joinville,SC,3,3,5,1039.95,102.60,1142.55,346.65,1.67,3,0,0.00,16.67,8.00,,2,66.67,3,3.33,1,33.33,1,33.33,2017-02-06,2017-05-16,2,1,1361,0.0079
633ecdf879b94b5337cca303328e4a25,sao paulo,SP,6,6,6,1037.60,87.89,1125.49,172.93,1.00,6,4,66.67,25.33,14.67,14.75,5,83.33,5,1.80,4,80.00,1,16.67,2017-09-15,2017-09-22,2,1,1362,0.0078
7df1fc11cc5cbc518b39faa60cf5d67c,campo grande,MS,5,5,5,1037.60,134.36,1171.96,207.52,1.00,5,0,0.00,7.60,3.40,,0,0.00,5,4.20,1,20.00,0,0.00,2018-04-14,2018-07-24,5,1,1362,0.0078
c54679b132454625907c773d273d4126,guaruja,SP,7,7,8,1032.00,107.93,1139.93,147.43,1.14,7,0,0.00,6.14,2.00,,0,0.00,7,4.86,0,0.00,5,71.43,2018-03-27,2018-07-28,2,1,1363,0.0078
8c5e007d7bd5693fa1386ffefbc99f6c,indaiatuba,SP,9,9,24,1029.11,378.30,1407.41,114.35,2.67,8,0,0.00,10.63,2.63,,0,0.00,9,4.33,1,11.11,3,33.33,2018-06-05,2018-08-19,9,1,1364,0.0078
8f2b51a30523cdecddc2f179f351c7d6,sao paulo,SP,7,7,8,1027.90,148.33,1176.23,146.84,1.14,7,0,0.00,13.29,4.57,,2,28.57,7,4.14,1,14.29,3,42.86,2017-04-13,2017-07-01,4,1,1365,0.0078
76c47a299e4a8fe992316a85865acbe9,ribeirao preto,SP,6,6,10,1024.46,221.88,1246.34,170.74,1.67,6,2,33.33,20.17,1.67,17.00,0,0.00,6,4.67,0,0.00,1,16.67,2017-06-22,2018-06-17,5,1,1366,0.0077
e58a5b390e28abc0b216cfb0e07d27d7,rio de janeiro,RJ,7,7,7,1022.60,144.63,1167.23,146.09,1.00,7,0,0.00,7.71,1.71,,0,0.00,7,4.86,0,0.00,0,0.00,2018-04-25,2018-08-09,3,2,1367,0.0077
26785a546900236d66f2e4197c211158,sao paulo,SP,15,15,15,1019.20,225.45,1244.65,67.95,1.00,14,0,0.00,5.64,2.43,,0,0.00,15,4.67,1,6.67,10,66.67,2017-11-22,2018-07-24,12,1,1368,0.0077
7aa538dd6e114e503a2e6154ea352253,catanduva,SP,5,5,5,1016.68,101.92,1118.60,203.34,1.00,5,0,0.00,8.80,3.20,,0,0.00,5,4.40,0,0.00,4,80.00,2018-04-23,2018-08-17,4,2,1369,0.0077
a13aaf2d2886ab9fb30fb9a920160b8f,joinville,SC,4,4,4,1011.52,74.31,1085.83,252.88,1.00,4,1,25.00,9.50,1.00,2.00,0,0.00,4,4.50,0,0.00,0,0.00,2018-07-22,2018-08-02,1,1,1370,0.0077
28872dc528e978a639754bc8c2ce5a4c,caxias do sul,RS,1,1,1,1009.90,29.00,1038.90,1009.90,1.00,1,0,0.00,4.00,1.00,,0,0.00,1,5.00,0,0.00,0,0.00,2018-06-11,2018-06-11,1,1,1371,0.0076
5b664594895aefb418afaee6d40a9a23,petropolis,RJ,16,16,22,1008.80,226.38,1235.18,63.05,1.38,16,0,0.00,10.38,4.63,,3,18.75,16,3.94,3,18.75,9,56.25,2017-01-15,2018-08-05,3,3,1372,0.0076
00720abe85ba0859807595bbf045a33b,guarulhos,SP,13,12,26,1007.50,315.98,1323.48,77.50,2.00,13,2,15.38,11.69,3.69,9.50,3,23.08,13,3.62,3,23.08,7,53.85,2018-01-27,2018-08-03,9,1,1373,0.0076
fb3cfbc8a86f5d7fbb4d36b8df63f60d,rio de janeiro,RJ,10,10,15,1007.30,217.76,1225.06,100.73,1.50,9,0,0.00,7.11,2.00,,0,0.00,10,4.20,1,10.00,0,0.00,2018-06-11,2018-08-18,7,1,1374,0.0076
980640c45d7a4635885491d077167e4d,rio claro,SP,14,14,14,1004.29,242.37,1246.66,71.74,1.00,13,1,7.69,7.38,2.31,1.00,1,7.14,14,4.64,0,0.00,5,35.71,2018-07-01,2018-08-22,12,3,1375,0.0076
ef9952469137ff190bacafe117f51537,uberaba,MG,5,5,5,1002.66,83.94,1086.60,200.53,1.00,5,0,0.00,10.20,3.20,,0,0.00,5,4.80,0,0.00,0,0.00,2017-03-10,2017-05-30,2,1,1376,0.0076
515d781150feed28a6ac091bb0e3cb8c,campo grande,MS,6,6,6,1002.35,152.37,1154.72,167.06,1.00,5,0,0.00,9.20,1.40,,0,0.00,6,4.17,0,0.00,0,0.00,2016-10-07,2017-05-11,3,2,1377,0.0076
2379bdc3888025689a9deb7b141507d5,mogi mirim,SP,9,9,9,999.50,126.11,1125.61,111.06,1.00,9,2,22.22,18.22,3.67,24.50,1,11.11,9,4.33,1,11.11,5,55.56,2018-01-31,2018-08-03,8,2,1378,0.0076
41c9d3997dd3c072c31139dc5bb5761f,araxa,MG,3,3,3,998.80,111.74,1110.54,332.93,1.00,3,0,0.00,22.33,11.00,,2,66.67,3,4.33,0,0.00,0,0.00,2017-01-27,2017-03-05,1,1,1379,0.0076
cb4a705d00e100b9732d0ca34817d441,florianopolis,SC,1,1,2,998.00,82.56,1080.56,998.00,2.00,1,0,0.00,25.00,4.00,,0,0.00,1,1.00,1,100.00,0,0.00,2017-11-24,2017-11-24,1,1,1380,0.0075
de9727ca376d1be6ec121b110aa7954c,sarandi,PR,9,9,11,997.80,197.84,1195.64,110.87,1.22,9,1,11.11,12.00,4.22,2.00,1,11.11,9,3.67,3,33.33,2,22.22,2018-05-15,2018-08-15,4,1,1381,0.0075
b5e3e38609125694d2ea2417522a60b7,florianopolis,SC,16,16,17,995.04,301.14,1296.18,62.19,1.06,16,2,12.50,18.19,3.25,18.00,2,12.50,16,4.31,1,6.25,2,12.50,2017-04-16,2017-09-19,10,2,1382,0.0075
7c5b05cbdb5542049f38d90d7815b97d,sao paulo,SP,21,21,23,993.97,298.92,1292.89,47.33,1.10,20,1,5.00,7.40,3.20,7.00,2,9.52,21,4.52,2,9.52,13,61.90,2018-04-28,2018-07-15,10,1,1383,0.0075
04e38a233f726ef161074ab1c9b0399a,sao paulo,SP,19,19,24,991.60,355.67,1347.27,52.19,1.26,19,1,5.26,12.05,5.63,20.00,8,42.11,19,4.11,2,10.53,11,57.89,2017-09-15,2018-05-05,10,3,1384,0.0075
8a43128d7f9a3db592b866e6861a6cce,sao paulo,SP,3,3,4,990.60,67.89,1058.49,330.20,1.33,3,0,0.00,6.00,0.67,,0,0.00,3,2.33,2,66.67,1,33.33,2018-06-25,2018-08-23,3,3,1385,0.0075
7ecef8194babfec876ca720714327841,campinas,SP,7,7,8,990.50,123.76,1114.26,141.50,1.14,7,0,0.00,10.14,1.86,,0,0.00,7,4.29,0,0.00,4,57.14,2017-10-15,2018-07-20,5,3,1386,0.0075
d1582f4043306e6b91afa6a8a884f898,sao paulo,SP,9,9,9,990.00,131.92,1121.92,110.00,1.00,9,1,11.11,12.00,1.78,10.00,0,0.00,9,4.11,1,11.11,2,22.22,2017-11-20,2018-02-12,1,1,1387,0.0075
6025c79c035c3d772133b8b8238463b2,pinhais/pr,PR,2,1,4,989.74,108.59,1098.33,494.87,2.00,2,0,0.00,8.50,1.00,,0,0.00,2,5.00,0,0.00,0,0.00,2018-07-18,2018-08-06,3,1,1388,0.0075
8fdca8e349553f99bc738833a62c8802,sao paulo,SP,22,22,29,989.34,380.88,1370.22,44.97,1.32,22,1,4.55,10.64,2.45,6.00,1,4.55,21,4.19,2,9.52,12,54.55,2016-10-06,2017-08-09,4,3,1389,0.0075
edd066cd02126d7800f9b66e980e9931,brasilia,DF,6,6,6,987.70,186.23,1173.93,164.62,1.00,6,1,16.67,11.67,2.33,1.00,0,0.00,6,5.00,0,0.00,1,16.67,2017-06-17,2018-06-13,6,1,1390,0.0075
e84ad2127668df3aafc6b73531a0beb8,sao paulo,SP,19,19,23,987.00,286.73,1273.73,51.95,1.21,19,1,5.26,10.47,1.89,8.00,1,5.26,19,4.37,2,10.53,10,52.63,2017-12-11,2018-08-08,5,2,1391,0.0075
ecccfa2bb93b34a3bf033cc5d1dcdc69,curitiba,PR,11,11,13,985.88,203.98,1189.86,89.63,1.18,11,1,9.09,30.00,20.00,1.00,6,54.55,11,3.00,4,36.36,3,27.27,2016-10-04,2016-10-10,6,1,1392,0.0075
7a9c12e235c36247c3c81f50d6ea9cea,sao caetano do sul,SP,5,5,5,983.90,115.69,1099.59,196.78,1.00,5,0,0.00,13.00,3.20,,0,0.00,5,4.60,0,0.00,0,0.00,2017-03-31,2017-05-04,5,1,1393,0.0074
adcf50477d6a1f5d91bb9d54c4903cb5,claudio,MG,16,16,31,981.86,615.77,1597.63,61.37,1.94,16,3,18.75,23.50,12.38,4.33,3,18.75,16,3.56,4,25.00,4,25.00,2017-02-08,2018-06-29,13,4,1394,0.0074
325f3178fb58e2a9778334621eecdbf9,taboao da serra,SP,36,36,46,981.70,451.67,1433.37,27.27,1.28,36,0,0.00,6.39,2.03,,0,0.00,36,4.44,3,8.33,26,72.22,2017-03-09,2018-01-29,13,4,1395,0.0074
83645b1645cdee8953ee54c29ceed564,santa terezinha de itaipu,PR,14,14,14,978.90,266.20,1245.10,69.92,1.00,14,0,0.00,10.21,1.14,,0,0.00,14,4.43,0,0.00,2,14.29,2017-03-12,2018-08-04,11,3,1396,0.0074
e0eabded302882513ced4ea3eb0c7059,campinas,SP,8,8,8,978.40,138.79,1117.19,122.30,1.00,8,0,0.00,11.38,3.00,,0,0.00,8,4.63,0,0.00,3,37.50,2018-04-02,2018-06-03,3,2,1397,0.0074
a99504ac23ed125aaf5302af6cc30af9,batatais,SP,1,1,1,978.00,47.24,1025.24,978.00,1.00,1,0,0.00,16.00,3.00,,0,0.00,1,5.00,0,0.00,0,0.00,2017-10-14,2017-10-14,1,1,1398,0.0074
8e670472e453ba34a379331513d6aab1,juiz de fora,MG,1,1,1,975.00,108.96,1083.96,975.00,1.00,1,1,100.00,86.00,61.00,35.00,1,100.00,1,1.00,1,100.00,0,0.00,2017-09-06,2017-09-06,1,1,1399,0.0074
3f2af2670e104d1bcb54022274daeac5,terra boa,PR,6,6,7,973.60,360.58,1334.18,162.27,1.17,6,1,16.67,19.50,3.80,6.00,0,0.00,6,3.33,2,33.33,1,16.67,2017-09-29,2018-05-19,5,1,1400,0.0074
0e982cff76cc0579f632cea8a0e38c9d,itajai,SC,6,6,7,971.90,109.26,1081.16,161.98,1.17,6,0,0.00,8.33,4.17,,0,0.00,6,4.33,0,0.00,3,50.00,2017-09-26,2018-04-03,6,1,1401,0.0074
9bc484c87d79cd4874e05ca182658045,sao paulo,SP,8,8,8,970.00,105.12,1075.12,121.25,1.00,8,1,12.50,13.00,2.25,11.00,0,0.00,8,4.25,1,12.50,5,62.50,2017-11-23,2018-05-02,8,4,1402,0.0073
528bcf6680c36dddf07620bd35b33a6f,sao paulo,SP,2,2,2,969.98,43.86,1013.84,484.99,1.00,2,1,50.00,21.00,4.50,3.00,0,0.00,2,4.50,0,0.00,0,0.00,2017-06-11,2017-10-17,2,1,1403,0.0073
ec4608a1f76453166bb312b2968aeaf4,porto ferreira,SP,17,17,29,968.81,894.55,1863.36,56.99,1.71,16,3,18.75,15.88,9.75,19.67,9,52.94,17,3.29,5,29.41,10,58.82,2017-02-22,2018-08-14,5,1,1404,0.0073
9261d76c62caaf0b24677c2ceb7f8f20,palhoca,SC,6,6,7,968.70,247.54,1216.24,161.45,1.17,4,0,0.00,7.50,1.25,,0,0.00,6,3.83,0,0.00,0,0.00,2018-07-05,2018-08-20,4,1,1405,0.0073
9e9b539eb2806acee3f5c28085c1db9f,contagem,MG,3,3,3,967.00,72.47,1039.47,322.33,1.00,3,1,33.33,24.33,6.33,13.00,1,33.33,3,3.67,1,33.33,0,0.00,2017-11-22,2017-12-07,3,2,1406,0.0073
4b1eaadf791bdbbad8c4a35b65236d52,ribeirao preto,SP,5,5,5,960.09,68.95,1029.04,192.02,1.00,5,1,20.00,22.60,17.80,5.00,2,40.00,5,2.60,3,60.00,3,60.00,2016-10-04,2017-03-18,4,1,1407,0.0073
b19c48688808720822399ffa9f2dbe2f,sao paulo,SP,1,1,1,959.99,24.82,984.81,959.99,1.00,0,0,,,,,0,0.00,1,5.00,0,0.00,0,0.00,2018-08-22,2018-08-22,1,1,1408,0.0073
05730013efda596306417c3b09302475,criciuma,SC,4,4,4,952.00,216.67,1168.67,238.00,1.00,4,0,0.00,9.50,3.25,,0,0.00,4,5.00,0,0.00,0,0.00,2018-07-06,2018-08-22,4,2,1409,0.0072
f0e103c63864d5405b958d984b6e94c9,osasco,SP,11,11,11,951.70,149.71,1101.41,86.52,1.00,11,0,0.00,8.64,1.64,,0,0.00,11,4.73,0,0.00,5,45.45,2017-04-04,2017-08-26,7,3,1410,0.0072
5b2e94f2c22b39ccc24d34ad0f669672,sao paulo,SP,10,10,10,949.78,390.36,1340.14,94.98,1.00,9,1,11.11,9.33,1.89,4.00,0,0.00,10,4.90,0,0.00,4,40.00,2018-05-02,2018-08-07,5,1,1411,0.0072
07017df32dc5f2f1d2801e579548d620,joao pessoa,PB,8,8,9,946.49,181.75,1128.24,118.31,1.13,8,0,0.00,10.00,2.25,,0,0.00,8,4.00,2,25.00,1,12.50,2017-03-08,2018-07-29,3,2,1412,0.0072
4f1f1c8666cdb6442f775c4e8caed465,belo horizonte,MG,2,2,2,944.98,125.41,1070.39,472.49,1.00,2,0,0.00,20.50,9.00,,1,50.00,2,5.00,0,0.00,0,0.00,2018-07-25,2018-08-01,2,1,1413,0.0071
4e06067cc08b3f41d837768d392c3ee3,betim,MG,31,31,46,941.72,572.53,1514.25,30.38,1.48,29,1,3.45,10.59,1.93,28.00,0,0.00,31,4.13,6,19.35,6,19.35,2017-07-16,2018-08-04,28,1,1414,0.0071
69b5eaa096c3f9d1e5c398c597f567d6,birigui,SP,2,2,2,938.00,49.02,987.02,469.00,1.00,2,0,0.00,6.50,2.00,,0,0.00,2,5.00,0,0.00,2,100.00,2018-08-15,2018-08-25,1,1,1415,0.0071
79a679c36c08d606b3fd47ead9de109b,sao paulo,SP,3,3,7,935.00,137.22,1072.22,311.67,2.33,3,1,33.33,11.67,5.67,4.00,1,33.33,3,2.00,2,66.67,1,33.33,2018-03-02,2018-05-03,2,1,1416,0.0071
db46ca7bce82b11f7e247539271fc390,rio de janeiro,RJ,16,16,16,933.97,215.89,1149.86,58.37,1.00,15,0,0.00,7.67,2.33,,2,12.50,16,4.56,1,6.25,4,25.00,2017-03-21,2017-07-05,8,1,1417,0.0071
bc47d5d1490df2b36add65d733eafaba,santo andre,SP,21,21,22,929.80,372.06,1301.86,44.28,1.05,21,2,9.52,12.90,2.62,5.50,2,9.52,21,3.52,6,28.57,7,33.33,2018-01-11,2018-08-08,7,1,1418,0.0070
4ebdc7e6cd6102a022dadc49156d4ea8,sao paulo,SP,29,29,32,928.70,369.20,1297.90,32.02,1.10,29,1,3.45,10.00,4.48,5.00,4,13.79,29,3.79,6,20.69,17,58.62,2017-02-22,2018-07-19,23,5,1419,0.0070
c8025364abeecb115431bf95c11a747f,porto alegre,RS,2,2,2,928.00,43.28,971.28,464.00,1.00,2,0,0.00,8.00,3.50,,0,0.00,2,4.50,0,0.00,1,50.00,2018-05-16,2018-08-09,2,1,1420,0.0070
20b54c376b794ed028df09a3cd88e8dc,sao caetano do sul,SP,7,7,7,927.87,114.20,1042.07,132.55,1.00,7,2,28.57,21.14,10.43,11.00,4,57.14,7,3.71,1,14.29,2,28.57,2017-09-16,2018-06-15,5,3,1421,0.0070
343e716476e3748b069f980efbaa294e,campinas,SP,17,15,24,922.60,312.10,1234.70,54.27,1.41,16,1,6.25,12.88,5.44,2.00,5,29.41,16,4.31,2,12.50,10,58.82,2017-04-19,2018-08-10,6,1,1422,0.0070
2d42ebcda99fd55f6f4bc2f1ca035d50,uruacu,GO,10,10,11,921.50,282.47,1203.97,92.15,1.10,10,0,0.00,9.50,1.60,,2,20.00,10,4.30,1,10.00,0,0.00,2018-06-24,2018-08-08,3,2,1423,0.0070
ef2fbc2b607d8492bcffe657a4645434,rio de janeiro,RJ,19,19,21,920.90,353.61,1274.51,48.47,1.11,19,2,10.53,6.89,1.11,2.00,0,0.00,19,4.00,4,21.05,3,15.79,2018-07-02,2018-08-26,7,5,1424,0.0070
670a9dda115b5a88b18cfadee8de2332,ribeirao preto,SP,11,10,11,918.90,183.09,1101.99,83.54,1.00,10,0,0.00,13.00,3.30,,0,0.00,11,4.45,0,0.00,4,36.36,2017-08-29,2018-08-16,10,3,1425,0.0070
7d7d2b7a51328016102d4528c411d630,ibitinga,SP,7,7,7,918.80,180.05,1098.85,131.26,1.00,6,1,16.67,10.00,2.33,5.00,0,0.00,7,4.14,1,14.29,2,28.57,2018-04-07,2018-08-18,5,2,1426,0.0069
1caf283236cd69af44cbc09a0a1e7d32,nova iguacu,RJ,33,32,37,917.60,612.65,1530.25,27.81,1.12,33,3,9.09,13.73,2.42,24.67,1,3.03,33,4.61,2,6.06,7,21.21,2017-04-07,2018-07-26,22,4,1427,0.0069
dc7192adf8ba09569261f4a8d576afe0,itapeva,SP,7,7,8,917.00,161.43,1078.43,131.00,1.14,6,0,0.00,6.83,1.83,,1,14.29,7,3.86,2,28.57,3,42.86,2018-07-22,2018-08-22,5,3,1428,0.0069
e9729944ba65dc3ce425e0c5a22ae7b2,petropolis,RJ,4,4,4,916.70,61.73,978.43,229.18,1.00,4,1,25.00,10.00,2.50,1.00,0,0.00,4,3.75,0,0.00,2,50.00,2018-05-03,2018-06-09,3,1,1429,0.0069
32e5635e63cb374eb63afdd242fb6134,rio de janeiro,RJ,1,1,1,910.00,17.82,927.82,910.00,1.00,1,0,0.00,8.00,6.00,,0,0.00,1,5.00,0,0.00,1,100.00,2017-08-15,2017-08-15,1,1,1430,0.0069
70849ca4f400aaabb62cb7462a6f1428,belo horizonte,MG,12,11,12,909.58,233.66,1143.24,75.80,1.00,12,2,16.67,10.83,3.67,5.00,1,8.33,12,4.42,1,8.33,3,25.00,2017-12-14,2018-08-18,9,5,1431,0.0069
3f9c56764fabca627406093dcb3ef0b4,rio de janeiro,RJ,7,7,7,909.30,105.65,1014.95,129.90,1.00,7,0,0.00,8.43,3.00,,2,28.57,7,4.71,0,0.00,4,57.14,2018-01-22,2018-04-24,3,1,1432,0.0069
08d2d642cf72b622b14dde1d2f5eb2f5,marilia,SP,16,16,20,909.00,306.16,1215.16,56.81,1.25,16,2,12.50,15.31,3.13,1.00,0,0.00,16,4.31,0,0.00,7,43.75,2017-02-12,2017-12-06,7,5,1433,0.0069
e5cbe890e679490127e9a390b46bbd20,sao paulo,SP,2,2,2,908.99,28.72,937.71,454.50,1.00,2,0,0.00,6.00,1.50,,0,0.00,2,4.50,0,0.00,1,50.00,2018-06-11,2018-08-19,2,1,1434,0.0069
4a1f694197d05fe70026b016a7316b41,pedreira,SP,14,14,23,907.77,370.98,1278.75,64.84,1.64,14,1,7.14,9.00,2.50,1.00,0,0.00,14,4.57,1,7.14,6,42.86,2018-02-17,2018-08-12,12,2,1435,0.0069
e250d617a0ad591ba9bd663e584a895d,guarulhos,SP,8,8,20,904.12,300.79,1204.91,113.02,2.50,8,0,0.00,8.63,1.63,,0,0.00,8,3.50,3,37.50,2,25.00,2018-02-26,2018-08-21,9,1,1436,0.0068
ae45df84722b1d15c5f32b23a095746c,sao paulo,SP,9,9,12,901.83,163.66,1065.49,100.20,1.33,9,0,0.00,7.22,1.33,,1,11.11,9,4.78,0,0.00,4,44.44,2018-02-22,2018-08-21,10,1,1437,0.0068
e1c76f339ebd5460999f25a2aa8c92c5,sao paulo,SP,1,1,1,899.90,28.80,928.70,899.90,1.00,1,0,0.00,30.00,6.00,,0,0.00,1,5.00,0,0.00,0,0.00,2018-05-12,2018-05-12,1,1,1438,0.0068
b45d7ebfb7378630f1bcd74b6ff86ff7,belo horizonte,MG,3,3,3,899.70,68.44,968.14,299.90,1.00,3,0,0.00,29.67,22.33,,1,33.33,3,4.33,0,0.00,2,66.67,2017-09-03,2017-10-05,1,1,1439,0.0068
7dc9a3355bae96dd82008b313d3a456c,dores de campos,MG,1,1,1,899.00,50.62,949.62,899.00,1.00,1,0,0.00,12.00,7.00,,1,100.00,1,5.00,0,0.00,1,100.00,2018-06-20,2018-06-20,1,1,1440,0.0068
e51f22821f0c12a16ad5c020cdcd55e9,carapicuiba,SP,4,4,4,898.71,98.13,996.84,224.68,1.00,4,0,0.00,10.00,2.75,,0,0.00,4,4.75,0,0.00,0,0.00,2018-05-29,2018-08-07,4,1,1441,0.0068
f8201cab383e484733266d1906e2fdfa,palhoca,SC,10,10,10,889.00,255.83,1144.83,88.90,1.00,10,1,10.00,13.00,2.70,3.00,1,10.00,10,4.10,1,10.00,1,10.00,2017-06-17,2018-08-11,4,1,1442,0.0067
160e4f13fd3a64b1b86807be88b5ffb0,colombo,PR,4,4,4,886.00,94.45,980.45,221.50,1.00,4,0,0.00,14.50,7.75,,1,25.00,4,4.25,1,25.00,0,0.00,2017-11-15,2018-02-13,2,2,1443,0.0067
e1dc0754bada9ee4cfe9713f22f61292,duque de caxias,RJ,12,12,12,885.00,264.78,1149.78,73.75,1.00,11,0,0.00,8.00,1.18,,0,0.00,12,3.83,3,25.00,2,16.67,2018-06-13,2018-08-20,4,4,1444,0.0067
ffad1e7127fb622cb64a900751590acd,americana,SP,10,9,15,884.30,206.53,1090.83,88.43,1.50,10,0,0.00,7.60,2.70,,1,10.00,10,4.80,0,0.00,6,60.00,2018-03-13,2018-07-14,8,2,1445,0.0067
48985c61529077fa4f1e38bcff0f2ed3,porto alegre,RS,7,7,7,879.30,148.07,1027.37,125.61,1.00,7,0,0.00,10.14,0.86,,0,0.00,7,4.43,0,0.00,0,0.00,2017-01-31,2017-08-01,2,1,1446,0.0067
3c3017960b2dbd72711a61f0400aab8f,jaragua do sul,SC,9,9,9,878.90,228.72,1107.62,97.66,1.00,9,0,0.00,12.78,1.44,,0,0.00,9,3.89,2,22.22,0,0.00,2017-01-28,2017-04-05,3,3,1447,0.0066
134a288e7de827ec5ec62e3ec9c3a295,sao paulo,SP,9,9,9,877.45,126.55,1004.00,97.49,1.00,9,0,0.00,9.33,1.78,,0,0.00,9,4.78,0,0.00,5,55.56,2017-05-01,2017-09-17,7,2,1448,0.0066
17eea220a40cc0d2c0c5346379682398,sao paulo,SP,3,3,3,875.98,76.00,951.98,291.99,1.00,3,2,66.67,25.33,4.33,4.50,0,0.00,3,3.67,1,33.33,0,0.00,2017-09-14,2017-09-29,2,1,1449,0.0066
1f867308a0ce13133a4e639ff4de0c02,curitiba,PR,7,7,13,875.10,209.82,1084.92,125.01,1.86,7,0,0.00,11.00,4.14,,2,28.57,7,4.14,1,14.29,1,14.29,2017-09-25,2018-06-02,6,1,1450,0.0066
cac63f48c38cd7d002a7e846dcd99a23,sumare,SP,10,8,10,874.00,140.62,1014.62,87.40,1.00,10,0,0.00,7.30,1.90,,0,0.00,10,4.80,0,0.00,5,50.00,2017-11-27,2018-08-18,7,1,1451,0.0066
3d621842b2ed28e2b474132480edac3c,sao paulo,SP,8,8,8,873.93,123.21,997.14,109.24,1.00,8,0,0.00,9.88,4.00,,3,37.50,8,4.63,0,0.00,4,50.00,2017-08-01,2017-11-30,4,1,1452,0.0066
efff9341f3f8f5237b44ff67ed36a7bf,vitoria,ES,5,5,5,872.99,99.66,972.65,174.60,1.00,5,0,0.00,12.00,1.60,,1,20.00,5,4.40,0,0.00,0,0.00,2018-05-01,2018-08-15,4,3,1453,0.0066
9c690ceacd5c66731bf443ea810195cb,camanducaia,MG,10,10,12,871.80,249.22,1121.02,87.18,1.20,10,0,0.00,7.60,1.60,,0,0.00,10,4.30,1,10.00,0,0.00,2017-08-22,2018-08-06,2,2,1454,0.0066
04fdea0c111866e6cf812f1570d6b5bd,sao paulo,SP,8,8,8,865.00,173.35,1038.35,108.13,1.00,8,1,12.50,17.88,4.88,8.00,2,25.00,8,3.50,2,25.00,2,25.00,2017-10-14,2018-01-31,2,2,1455,0.0065
a67780aba9dd436e7ac0aa1f889e73ec,presidente prudente,SP,6,6,6,863.00,178.04,1041.04,143.83,1.00,6,1,16.67,21.50,7.50,1.00,3,50.00,6,3.67,1,16.67,2,33.33,2017-11-24,2018-08-06,5,2,1456,0.0065
41da412d33e8da4f22baf55cb1bde82c,domingos martins,ES,15,14,21,862.90,374.16,1237.06,57.53,1.40,15,0,0.00,10.13,2.07,,0,0.00,15,4.67,0,0.00,1,6.67,2018-01-24,2018-06-20,10,1,1457,0.0065
6a8a889bde935bafa76d7848782dfaf9,sao paulo,SP,26,24,30,860.82,367.80,1228.62,33.11,1.15,24,2,8.33,8.25,1.58,13.00,0,0.00,26,4.04,3,11.54,16,61.54,2018-03-21,2018-06-04,6,2,1458,0.0065
5011f0d93373a4c5753adf58ca77af8d,santos,SP,11,11,21,859.52,363.67,1223.19,78.14,1.91,11,1,9.09,10.55,1.82,28.00,0,0.00,11,4.09,1,9.09,5,45.45,2017-08-16,2018-05-14,3,3,1459,0.0065
c4fabeea6e569d42d02993bb1f4f1cbc,fortaleza,CE,11,11,11,859.30,277.22,1136.52,78.12,1.00,11,1,9.09,21.64,5.27,23.00,5,45.45,11,4.00,2,18.18,0,0.00,2018-01-12,2018-08-07,3,2,1460,0.0065
2c43fb513632d29b3b58df74816f1b06,belo horizonte,MG,3,3,3,858.00,72.17,930.17,286.00,1.00,3,0,0.00,4.67,1.67,,0,0.00,3,3.67,1,33.33,1,33.33,2018-06-20,2018-07-23,3,2,1461,0.0065
e8dba4d70f7f2b20e775d09cae01142d,santa barbara d oeste,SP,9,9,9,855.91,176.48,1032.39,95.10,1.00,8,1,12.50,9.25,1.38,12.00,2,22.22,9,4.33,1,11.11,4,44.44,2018-05-29,2018-08-21,6,2,1462,0.0065
bf00385a5f7fc1ef39a13c2e9ee50a5f,sao paulo,SP,28,28,28,855.40,333.85,1189.25,30.55,1.00,26,0,0.00,5.58,2.12,,1,3.57,28,4.43,2,7.14,19,67.86,2018-07-03,2018-08-27,18,6,1463,0.0065
9198786624eaeb375793215cad26cfa6,rodeio,SC,8,8,9,854.40,198.30,1052.70,106.80,1.13,8,0,0.00,13.00,6.38,,2,25.00,8,4.00,2,25.00,1,12.50,2017-02-02,2018-04-23,6,3,1464,0.0065
f783a638e9c6af4a7d0dbfde811e7a81,sao paulo,SP,5,5,5,849.80,153.10,1002.90,169.96,1.00,5,1,20.00,17.80,1.40,32.00,0,0.00,5,4.00,1,20.00,2,40.00,2018-02-04,2018-04-03,4,2,1465,0.0064
1099a00e0ee3a50935e6c2447ca090c5,rio de janeiro,RJ,3,3,3,849.70,61.13,910.83,283.23,1.00,3,1,33.33,15.33,11.00,3.00,1,33.33,3,3.67,1,33.33,2,66.67,2017-11-09,2018-01-02,3,1,1466,0.0064
4221a7df464f1fe2955934e30ff3a5a1,bahia,BA,5,5,5,849.50,239.54,1089.04,169.90,1.00,5,0,0.00,16.40,5.00,,0,0.00,5,4.80,0,0.00,0,0.00,2018-06-27,2018-08-13,1,1,1467,0.0064
010da0602d7774602cd1b3f5fb7b709e,sao bernardo do campo,SP,1,1,5,849.50,230.25,1079.75,849.50,5.00,1,0,0.00,26.00,22.00,,1,100.00,1,1.00,1,100.00,1,100.00,2018-06-06,2018-06-06,1,1,1467,0.0064
a0d7fbb07bb5ebc3b05980e750db56f3,ferraz de vasconcelos,SP,3,3,4,848.99,236.19,1085.18,283.00,1.33,3,0,0.00,16.33,2.67,,0,0.00,3,2.33,2,66.67,0,0.00,2018-05-04,2018-08-12,4,1,1468,0.0064
3dbbce181edfaa4a597ec858c382d2ec,curitiba,PR,17,17,20,848.30,440.27,1288.57,49.90,1.18,17,1,5.88,13.82,3.29,7.00,1,5.88,17,4.24,2,11.76,1,5.88,2017-04-17,2017-12-11,13,3,1469,0.0064
fe1b067411b8c5066e962aa146ccee03,presidente prudente,SP,8,8,8,847.78,143.10,990.88,105.97,1.00,8,0,0.00,8.63,2.88,,1,12.50,8,4.63,0,0.00,3,37.50,2018-07-24,2018-08-21,2,2,1470,0.0064
113e3a788b935f48aad63e1c41dac1bd,aparecida,SP,39,39,48,847.35,686.60,1533.95,21.73,1.23,38,2,5.26,13.37,2.63,8.00,2,5.13,38,4.32,2,5.26,18,46.15,2017-07-22,2018-08-17,28,1,1471,0.0064
20cb7c2fde3e5bf10f0bbe7394e1c6a9,andira-pr,PR,31,31,50,845.00,780.15,1625.15,27.26,1.61,31,3,9.68,12.42,2.42,4.33,1,3.23,31,4.10,4,12.90,5,16.13,2017-03-14,2018-08-21,2,1,1472,0.0064
2b03ac196f5ed62ac483960fe0fa3b65,sao paulo,SP,7,7,7,843.10,92.09,935.19,120.44,1.00,6,1,16.67,14.00,1.50,14.00,0,0.00,7,4.14,1,14.29,3,42.86,2017-11-10,2018-05-02,5,2,1473,0.0064
ddd51ae8cda92f3995a51fc0f0f3eec7,rio de janeiro,RJ,8,8,25,842.70,276.92,1119.62,105.34,3.13,7,0,0.00,9.00,1.71,,0,0.00,8,4.63,0,0.00,3,37.50,2017-01-28,2018-01-16,6,1,1474,0.0064
0791d9fc1e30678ecf03d3e55fa108d3,belo horizonte,MG,5,5,11,842.00,186.99,1028.99,168.40,2.20,5,0,0.00,7.60,1.80,,0,0.00,5,4.00,1,20.00,0,0.00,2018-05-15,2018-07-24,5,1,1475,0.0064
a1544b9ea0b2390e020537d4daa89049,jundiai,SP,8,8,8,841.20,107.33,948.53,105.15,1.00,8,0,0.00,10.88,2.13,,0,0.00,8,3.88,1,12.50,3,37.50,2017-02-17,2018-08-16,4,1,1476,0.0064
a3b42d266fa8afc874b909422ce88582,orlandia,SP,1,1,6,839.40,81.84,921.24,839.40,6.00,1,0,0.00,3.00,1.00,,0,0.00,1,5.00,0,0.00,1,100.00,2018-07-31,2018-07-31,1,1,1477,0.0063
c37b2059d4f90d4feead554e5246565e,sao paulo,SP,12,12,16,839.30,221.98,1061.28,69.94,1.33,12,3,25.00,17.17,6.08,6.67,4,33.33,12,3.33,5,41.67,3,25.00,2017-11-03,2018-07-02,10,1,1478,0.0063
6e4f5ff6b086632ba8dcb558fb10249e,flores da cunha,RS,5,5,5,838.90,214.35,1053.25,167.78,1.00,5,0,0.00,10.40,1.40,,0,0.00,5,3.40,2,40.00,1,20.00,2018-02-27,2018-07-19,3,3,1479,0.0063
82cb9f452fe8334df74b22d37824b431,caxias do sul,RS,14,14,18,838.20,317.06,1155.26,59.87,1.29,13,0,0.00,8.46,2.38,,0,0.00,14,4.71,0,0.00,2,14.29,2018-04-11,2018-08-01,8,3,1480,0.0063
eba88037e1dca898cd02881f67ced679,sao paulo,SP,6,6,6,838.10,93.47,931.57,139.68,1.00,6,1,16.67,11.33,1.50,12.00,0,0.00,6,4.33,1,16.67,2,33.33,2017-04-26,2018-03-10,4,1,1481,0.0063
b81e3a6c866a764974fe849821abeebd,maua,SP,8,8,11,836.15,216.86,1053.01,104.52,1.38,8,0,0.00,6.25,3.13,,1,12.50,8,4.63,0,0.00,6,75.00,2018-07-14,2018-08-15,8,2,1482,0.0063
28f10b1c5e5abb9d4857745bede6147c,sao paulo,SP,28,28,28,835.00,350.42,1185.42,29.82,1.00,28,4,14.29,7.61,1.82,5.00,0,0.00,28,4.00,5,17.86,16,57.14,2018-04-28,2018-08-17,4,3,1483,0.0063
297d5eccd19fa9a83b2630071ff105e4,curitiba,PR,8,8,8,834.97,141.76,976.73,104.37,1.00,8,0,0.00,7.00,1.75,,0,0.00,8,5.00,0,0.00,2,25.00,2018-07-19,2018-08-23,3,1,1484,0.0063
1bb3812d5f0747a3ab7348f199001a10,sao paulo,SP,9,8,9,834.40,215.17,1049.57,92.71,1.00,9,0,0.00,12.67,3.89,,2,22.22,9,4.89,0,0.00,1,11.11,2017-11-06,2018-08-14,8,1,1485,0.0063
91543f9849d68d023e17194926598543,blumenau,SC,4,4,6,834.00,266.57,1100.57,208.50,1.50,4,0,0.00,12.75,3.75,,1,25.00,4,4.50,0,0.00,0,0.00,2017-08-04,2018-02-22,6,1,1486,0.0063
c00396cbdd2e088fe4281baa5920aef1,campo magro,PR,1,1,3,832.41,73.44,905.85,832.41,3.00,1,0,0.00,12.00,6.00,,1,100.00,1,5.00,0,0.00,0,0.00,2018-04-04,2018-04-04,1,1,1487,0.0063
9485a23c0430ba1d58d359391606fce6,santo andre,SP,4,4,4,830.90,54.96,885.86,207.73,1.00,4,1,25.00,13.75,0.75,1.00,0,0.00,4,3.75,0,0.00,2,50.00,2017-03-21,2017-12-28,4,1,1488,0.0063
8602a61d680a10a82cceeeda0d99ea3d,sao paulo,SP,17,17,19,826.99,252.91,1079.90,48.65,1.12,17,0,0.00,7.65,1.71,,1,5.88,17,4.41,2,11.76,9,52.94,2017-08-04,2018-08-02,10,1,1489,0.0063
1cd9e0cc1839d55516843def5600816d,sao paulo,SP,5,5,5,825.00,101.72,926.72,165.00,1.00,5,0,0.00,7.60,3.20,,0,0.00,5,5.00,0,0.00,2,40.00,2018-06-18,2018-08-19,2,1,1490,0.0062
51e4e89242cbb846c2deff3dc015650e,rio grande,RS,16,16,16,822.58,353.17,1175.75,51.41,1.00,15,0,0.00,8.07,1.73,,0,0.00,16,4.63,0,0.00,3,18.75,2018-04-04,2018-08-20,10,2,1491,0.0062
10076e5788b8ee532724bcd460baf762,batatais,SP,23,23,26,821.48,377.30,1198.78,35.72,1.13,22,1,4.55,10.09,1.59,14.00,0,0.00,23,4.57,1,4.35,10,43.48,2017-05-11,2018-07-24,13,2,1492,0.0062
28ea411b354f14b1a494be4e79f0ce02,sao paulo,SP,6,6,6,820.00,76.93,896.93,136.67,1.00,6,0,0.00,9.17,2.17,,0,0.00,6,4.67,0,0.00,2,33.33,2017-02-28,2018-01-30,6,2,1493,0.0062
973f21788dfab357250f69a8dcb7ddee,claudio,MG,9,9,19,819.00,490.03,1309.03,91.00,2.11,9,5,55.56,23.56,12.44,9.60,8,88.89,9,2.11,6,66.67,3,33.33,2017-01-25,2018-05-14,10,1,1494,0.0062
0aa2205ca24f113f4658a5c536667426,sao paulo,SP,4,4,11,815.62,172.48,988.10,203.91,2.75,4,0,0.00,8.75,2.25,,0,0.00,4,4.00,1,25.00,1,25.00,2018-04-18,2018-08-14,3,1,1495,0.0062
63a79f5a7eb5cb48a7e5787b141c7993,patos de minas,MG,11,11,11,815.10,200.83,1015.93,74.10,1.00,10,0,0.00,6.40,2.70,,1,9.09,11,4.55,0,0.00,4,36.36,2018-04-11,2018-07-16,6,2,1496,0.0062
daf565f087a52def0fd5c5825b3661bc,brusque,SC,9,9,9,813.90,307.93,1121.83,90.43,1.00,9,0,0.00,9.11,1.89,,0,0.00,8,3.63,3,37.50,0,0.00,2018-06-16,2018-08-22,5,1,1497,0.0062
dc64d75cc406bb0697be983831430e60,belo horizonte,MG,4,4,4,813.00,92.55,905.55,203.25,1.00,4,0,0.00,10.00,0.50,,0,0.00,4,4.75,0,0.00,1,25.00,2018-05-22,2018-08-16,2,1,1498,0.0061
a1bea7061f61f6fdd9a85a6325ba1033,carapicuiba / sao paulo,SP,9,9,9,810.95,99.93,910.88,90.11,1.00,9,1,11.11,4.44,1.56,3.00,0,0.00,9,4.44,0,0.00,6,66.67,2018-06-27,2018-08-26,8,8,1499,0.0061
725af026f869236a8dd0ceb98564d156,claudio,MG,5,5,5,810.72,125.95,936.67,162.14,1.00,5,0,0.00,13.60,5.00,,0,0.00,5,4.40,0,0.00,3,60.00,2017-10-22,2018-06-01,4,1,1500,0.0061
5996cddab893a4652a15592fb58ab8db,presidente prudente,SP,1,1,1,810.00,70.75,880.75,810.00,1.00,0,0,,,,,0,0.00,1,5.00,0,0.00,1,100.00,2018-07-04,2018-07-04,1,1,1501,0.0061
bd4431c1a8dfa744b59e1e2a8bc99b9e,rio de janeiro,RJ,7,7,7,809.50,204.09,1013.59,115.64,1.00,6,0,0.00,7.00,1.33,,0,0.00,7,4.57,0,0.00,2,28.57,2018-04-05,2018-08-14,5,1,1502,0.0061
14ee35374a7876217954b5fa08e50463,sao jose do rio preto,SP,6,6,6,809.00,114.05,923.05,134.83,1.00,6,1,16.67,17.17,2.50,4.00,0,0.00,6,4.33,0,0.00,2,33.33,2017-10-04,2018-01-17,2,2,1503,0.0061
ba5daa4041e1f15cdf34b76e3e18a450,sao paulo,SP,15,15,15,806.80,152.55,959.35,53.79,1.00,15,0,0.00,5.60,1.67,,1,6.67,15,4.27,2,13.33,12,80.00,2018-02-03,2018-08-20,11,1,1504,0.0061
caa9bc43a9fe8cf9c564ddd8a03cc4a6,jacarei,SP,13,13,14,803.87,233.87,1037.74,61.84,1.08,13,0,0.00,9.54,2.77,,1,7.69,12,4.67,0,0.00,7,53.85,2018-04-16,2018-08-27,5,2,1505,0.0061
b5abf4f36adc043117b4fca82c22984c,brasilia,DF,8,8,9,803.10,166.84,969.94,100.39,1.13,8,2,25.00,19.50,13.25,12.00,4,50.00,8,3.13,3,37.50,2,25.00,2017-04-11,2018-08-11,5,3,1506,0.0061
a72c2f59332659e361d647515c698798,flores da cunha,RS,5,5,6,802.90,131.03,933.93,160.58,1.20,5,0,0.00,10.20,2.80,,0,0.00,5,4.80,0,0.00,0,0.00,2018-01-14,2018-07-16,3,2,1507,0.0061
11eac105f3f90a9b87b19c89d91e24f3,sao paulo,SP,5,5,5,802.89,124.94,927.83,160.58,1.00,5,0,0.00,9.20,2.80,,0,0.00,5,3.60,1,20.00,2,40.00,2017-05-24,2017-07-12,4,2,1508,0.0061
ba6b4a237f92479743cf0ca06b67a9ac,rio de janeiro,RJ,8,8,8,801.89,111.82,913.71,100.24,1.00,8,1,12.50,12.38,2.13,14.00,0,0.00,8,4.25,1,12.50,3,37.50,2018-01-17,2018-08-03,5,5,1509,0.0061
557f22c76691849db52d2abccf0015d0,morrinhos,GO,12,12,13,799.87,308.67,1108.54,66.66,1.08,12,0,0.00,14.58,2.67,,0,0.00,11,3.27,3,27.27,0,0.00,2017-05-08,2017-09-12,4,2,1510,0.0060
253f95b3a0e6983ae18aed49fbc2b845,sao paulo,SP,5,5,5,799.50,91.44,890.94,159.90,1.00,5,0,0.00,9.00,2.20,,0,0.00,5,4.40,0,0.00,2,40.00,2018-03-21,2018-06-11,2,1,1511,0.0060
9c7fd21e0aa159b20da593371f08ff7c,osasco,SP,7,7,8,798.30,123.50,921.80,114.04,1.14,7,1,14.29,7.29,1.00,7.00,0,0.00,7,3.29,3,42.86,3,42.86,2018-03-14,2018-08-21,5,4,1512,0.0060
13511db12ac61e2f89c53b72a944a60b,caxias do sul,RS,6,6,6,798.00,265.97,1063.97,133.00,1.00,6,0,0.00,9.17,3.17,,0,0.00,6,3.50,2,33.33,2,33.33,2018-04-23,2018-08-18,4,2,1513,0.0060
365e4bce19bda0082c3d15d83fdb8bcd,sao caetano do sul,SP,6,6,7,796.40,98.62,895.02,132.73,1.17,6,0,0.00,10.50,1.83,,0,0.00,6,4.67,0,0.00,3,50.00,2018-01-22,2018-06-29,6,2,1514,0.0060
5a05a16bb50629ee31afab8a6d4c2674,caxias do sul,RS,14,14,15,794.30,281.18,1075.48,56.74,1.07,13,0,0.00,7.08,2.00,,0,0.00,14,4.21,1,7.14,6,42.86,2018-03-06,2018-07-02,5,1,1515,0.0060
e3a386fc36e22064434e1fa256f6a9fa,engenheiro coelho,SP,16,16,17,793.90,253.25,1047.15,49.62,1.06,16,2,12.50,10.00,2.00,10.00,2,12.50,16,4.19,2,12.50,9,56.25,2018-01-23,2018-08-16,10,1,1516,0.0060
0d4c8269e7f0401201794deef160edd6,ribeirao preto,SP,3,3,4,792.64,99.39,892.03,264.21,1.33,3,0,0.00,17.33,3.00,,0,0.00,3,3.67,1,33.33,1,33.33,2017-10-17,2017-11-07,4,1,1517,0.0060
4ef4c39cf3c24f326434cf0b2e48046a,sao paulo,SP,7,7,8,792.00,109.51,901.51,113.14,1.14,7,1,14.29,13.29,3.57,2.00,1,14.29,7,3.71,2,28.57,3,42.86,2018-01-18,2018-08-23,2,1,1518,0.0060
52956b80ae65fda598f06f6b9943e7a9,maringa,PR,3,3,3,792.00,66.85,858.85,264.00,1.00,3,1,33.33,25.67,14.67,13.00,2,66.67,3,4.00,0,0.00,0,0.00,2018-05-07,2018-05-31,1,1,1518,0.0060
134b867a0f7f8bbe6abf10f91874891e,valinhos,SP,1,1,1,789.89,132.95,922.84,789.89,1.00,1,0,0.00,13.00,4.00,,0,0.00,1,4.00,0,0.00,0,0.00,2018-04-19,2018-04-19,1,1,1519,0.0060
f9eedec3129e8cc6b6429c42d0808c5b,"rio de janeiro, rio de janeiro, brasil",RJ,2,2,2,789.80,43.35,833.15,394.90,1.00,2,0,0.00,6.50,0.50,,0,0.00,2,4.50,0,0.00,0,0.00,2018-07-24,2018-07-26,2,1,1520,0.0060
2305ab43e846518f58dd9d59f3f54e96,sao paulo,SP,3,3,3,788.89,42.37,831.26,262.96,1.00,3,0,0.00,12.00,3.67,,1,33.33,3,3.67,1,33.33,1,33.33,2018-04-24,2018-06-18,3,1,1521,0.0060
4c61e37f664c3c88aff092aa5ac779d7,niteroi,RJ,7,7,8,788.31,119.86,908.17,112.62,1.14,7,1,14.29,15.57,2.29,5.00,1,14.29,6,4.00,1,16.67,1,14.29,2018-03-10,2018-04-17,3,2,1522,0.0060
3492e68f37fd1df87f4f2f2ea247f445,salto,SP,8,8,9,787.86,169.40,957.26,98.48,1.13,8,0,0.00,9.38,3.00,,1,12.50,8,3.88,2,25.00,3,37.50,2018-05-09,2018-08-08,5,3,1523,0.0060
da03c298e3999e9d828591fc2179d109,sao paulo,SP,4,4,5,787.70,54.78,842.48,196.93,1.25,4,0,0.00,9.75,4.00,,2,50.00,4,4.75,0,0.00,2,50.00,2017-12-04,2018-02-28,2,1,1524,0.0060
1cbd50a8c52e6cf8e315c5709fab386f,fazenda rio grande,PR,9,9,9,785.97,220.69,1006.66,87.33,1.00,9,1,11.11,19.00,2.67,5.00,1,11.11,9,3.78,1,11.11,0,0.00,2018-01-23,2018-07-20,7,5,1525,0.0059
9d681c7e12db302cb261e721040dde65,curitiba,PR,13,13,14,785.60,273.08,1058.68,60.43,1.08,13,0,0.00,9.15,2.46,,1,7.69,13,4.92,0,0.00,2,15.38,2018-05-21,2018-08-16,8,1,1526,0.0059
9535a841eecebed61a9fb1ac1cbb5597,sao paulo,SP,2,2,2,784.90,33.43,818.33,392.45,1.00,2,0,0.00,9.50,2.00,,0,0.00,2,3.00,1,50.00,1,50.00,2017-01-26,2017-02-10,2,1,1527,0.0059
de09d00cfc265b8804c7df34075a68fa,sao paulo,SP,3,3,3,784.00,43.97,827.97,261.33,1.00,3,0,0.00,6.33,1.33,,0,0.00,3,3.33,1,33.33,1,33.33,2017-10-15,2018-05-07,3,1,1528,0.0059
5f06030071324cc52bf0304014ac7234,marilia,SP,4,4,4,783.96,100.35,884.31,195.99,1.00,4,0,0.00,10.25,3.00,,0,0.00,4,4.00,1,25.00,2,50.00,2017-08-20,2017-08-26,1,1,1529,0.0059
6b9b80d53ba3676eafe60268a810b5a1,belo horizonte,SP,9,9,9,783.70,157.51,941.21,87.08,1.00,9,0,0.00,12.11,3.11,,1,11.11,9,4.22,1,11.11,1,11.11,2017-02-01,2017-08-28,3,1,1530,0.0059
d4f117125b59ce73c3302f88ee40c458,sao paulo,SP,17,17,17,783.29,215.32,998.61,46.08,1.00,15,0,0.00,7.40,2.07,,0,0.00,17,4.82,0,0.00,8,47.06,2017-12-05,2018-08-12,8,1,1531,0.0059
ef30892870c278497523264be1be2241,araraquara,SP,9,9,9,783.20,109.34,892.54,87.02,1.00,9,0,0.00,8.11,1.44,,0,0.00,9,4.56,1,11.11,7,77.78,2017-12-05,2018-01-31,5,1,1532,0.0059
52a52b9f656520e99716f5bc40f661c8,sao carlos,SP,7,7,8,783.10,148.12,931.22,111.87,1.14,7,0,0.00,10.57,3.86,,1,14.29,7,4.00,2,28.57,4,57.14,2018-04-29,2018-07-28,6,1,1533,0.0059
41c2bad7229b0c25e6becf179ebf63ff,natal,RN,20,20,23,782.00,189.92,971.92,39.10,1.15,20,0,0.00,4.50,1.65,,0,0.00,20,4.95,0,0.00,20,100.00,2017-11-27,2018-07-20,4,1,1534,0.0059
11742f81550ac064cc9a40f67151d9ad,catanduva,SP,2,2,2,781.90,49.11,831.01,390.95,1.00,2,0,0.00,9.00,4.00,,0,0.00,2,5.00,0,0.00,2,100.00,2018-08-02,2018-08-17,2,1,1535,0.0059
70bf57d811208f8923b41bbd499a67a4,franco da rocha,SP,7,7,7,780.80,88.93,869.73,111.54,1.00,7,0,0.00,4.71,2.29,,1,14.29,7,4.14,1,14.29,6,85.71,2018-06-26,2018-08-27,3,2,1536,0.0059
e560e4022d8f7aebf155db95946c5c0f,belo horizonte,MG,2,2,2,780.00,90.21,870.21,390.00,1.00,2,0,0.00,10.00,2.00,,0,0.00,2,5.00,0,0.00,0,0.00,2018-06-12,2018-07-11,1,1,1537,0.0059
cb6c9f5888a7a090c75beaf615925792,vila velha,ES,11,11,11,779.89,229.08,1008.97,70.90,1.00,11,0,0.00,9.91,1.00,,0,0.00,11,3.82,2,18.18,0,0.00,2018-04-30,2018-08-19,9,5,1538,0.0059
6524b847b982cd56bb5d4b02b776ee42,campinas,SP,1,1,2,779.80,55.14,834.94,779.80,2.00,1,1,100.00,42.00,7.00,16.00,0,0.00,1,4.00,0,0.00,0,0.00,2018-02-14,2018-02-14,1,1,1539,0.0059
4deebb3199eeafb282ae33229144f94b,sao paulo,SP,4,4,5,779.70,141.79,921.49,194.93,1.25,4,1,25.00,10.25,5.50,3.00,1,25.00,4,4.00,1,25.00,4,100.00,2018-01-14,2018-07-28,3,1,1540,0.0059
5a413ade68e8f8d93071a7f52a64cb9e,sao paulo,SP,14,14,14,778.90,153.77,932.67,55.64,1.00,14,1,7.14,4.07,0.86,7.00,0,0.00,14,4.64,1,7.14,11,78.57,2018-08-08,2018-08-29,4,1,1541,0.0059
68f86ba270525243e68ae74044f992b9,rio de janeiro,RJ,10,10,11,777.50,186.70,964.20,77.75,1.10,10,0,0.00,10.10,1.50,,0,0.00,10,4.50,0,0.00,2,20.00,2017-08-21,2018-07-30,7,1,1542,0.0059
d66c11a9572221d92fbb8c4897db5f9b,rio de janeiro,RJ,16,16,16,776.56,387.82,1164.38,48.54,1.00,15,0,0.00,8.80,2.07,,0,0.00,16,4.56,0,0.00,4,25.00,2018-06-23,2018-08-22,9,3,1543,0.0059
74636e24f01da9268b0ed88dacd8513e,sao paulo,SP,4,4,4,776.00,272.61,1048.61,194.00,1.00,4,1,25.00,13.00,0.75,6.00,0,0.00,4,4.00,1,25.00,1,25.00,2018-04-25,2018-08-14,2,2,1544,0.0059
5c3460cd3e8a984382ae254e7dd20d9f,sao jose do rio preto,SP,9,9,10,775.76,198.54,974.30,86.20,1.11,9,0,0.00,9.78,1.56,,0,0.00,9,4.67,0,0.00,3,33.33,2018-02-23,2018-08-16,5,1,1545,0.0059
d9442042130b7fe579d1295f9f4a248f,sao paulo,SP,19,19,22,772.16,338.88,1111.04,40.64,1.16,19,1,5.26,10.68,4.53,7.00,6,31.58,19,4.37,2,10.53,10,52.63,2017-04-23,2017-09-11,8,5,1546,0.0058
e644cbadf7eeb30d0d29f335ce7d52ec,sao paulo,SP,7,7,9,768.91,161.12,930.03,109.84,1.29,6,0,0.00,6.33,2.00,,0,0.00,7,4.00,0,0.00,2,28.57,2018-07-03,2018-08-21,4,3,1547,0.0058
0ff83046c3fa22efee8ecf291888b191,caxias do sul,RS,10,10,11,768.90,254.48,1023.38,76.89,1.10,10,0,0.00,12.60,3.90,,2,20.00,10,4.80,0,0.00,1,10.00,2017-04-01,2018-04-01,6,1,1548,0.0058
4a1917ef994878940e1fb03eeb787ad7,brasilia,DF,2,2,3,768.00,78.62,846.62,384.00,1.50,2,0,0.00,10.00,2.50,,0,0.00,2,3.00,1,50.00,0,0.00,2018-06-19,2018-07-26,2,1,1549,0.0058
562f8cfc51f265411f487d07e9c40e7f,belo horizonte,MG,13,13,13,766.92,199.33,966.25,58.99,1.00,13,1,7.69,13.92,4.00,6.00,5,38.46,13,4.54,0,0.00,2,15.38,2017-10-18,2018-05-07,4,2,1550,0.0058
6f83d9e4da896daae20b9b6b2d3ff8d2,pinhalao,PR,11,11,11,765.19,219.85,985.04,69.56,1.00,11,0,0.00,14.82,3.36,,2,18.18,11,4.36,1,9.09,1,9.09,2018-03-22,2018-07-31,5,2,1551,0.0058
0b36063d5818f81ccb94b54adfaebbf5,jaragua do sul,SC,1,1,15,765.00,18.00,783.00,765.00,15.00,1,0,0.00,15.00,2.00,,0,0.00,1,5.00,0,0.00,0,0.00,2017-01-30,2017-01-30,1,1,1552,0.0058
5acd070dd3fe441bbb2ec1f1ede515ee,jundiai,SP,7,7,8,764.17,122.20,886.37,109.17,1.14,7,3,42.86,26.00,1.57,22.00,0,0.00,7,3.00,3,42.86,2,28.57,2017-11-24,2018-02-25,5,2,1553,0.0058
2063dd1b9f568df1c16741ea7d3e6adb,guarapuava,PR,3,3,3,763.10,57.17,820.27,254.37,1.00,3,0,0.00,12.67,1.33,,0,0.00,3,5.00,0,0.00,0,0.00,2017-03-05,2017-11-15,3,1,1554,0.0058
81783131d2a97c8d44d406a4be81b5d9,sorocaba,SP,8,8,9,761.84,113.15,874.99,95.23,1.13,7,0,0.00,7.57,2.71,,2,25.00,8,4.50,1,12.50,2,25.00,2018-07-27,2018-08-15,3,2,1555,0.0058
39c763cca83e654764b7a4a650fb9b7c,goiania,GO,11,10,11,761.00,223.21,984.21,69.18,1.00,11,2,18.18,13.55,2.36,11.00,0,0.00,11,3.82,3,27.27,3,27.27,2017-09-14,2018-07-27,4,2,1556,0.0058
a56e351445e5863fc8960640ba9190c7,itajai,SC,3,3,4,760.92,65.06,825.98,253.64,1.33,3,0,0.00,12.00,2.33,,0,0.00,3,4.33,0,0.00,1,33.33,2018-04-06,2018-04-27,2,2,1557,0.0058
ca77545ca4d2dfd1431bf61334e2fa3c,maringa,PR,6,6,10,760.00,213.71,973.71,126.67,1.67,6,0,0.00,12.83,2.00,,0,0.00,6,4.67,0,0.00,0,0.00,2018-01-02,2018-04-24,2,2,1558,0.0057
7c51de0ab286204ce75ff42bf7c10d92,picarras,SC,4,4,4,759.00,149.64,908.64,189.75,1.00,4,0,0.00,9.75,1.25,,0,0.00,4,4.50,0,0.00,0,0.00,2018-07-22,2018-08-12,3,1,1559,0.0057
c1ed9e3daf6154542826a6996af0fb8c,itajai,SC,8,8,16,757.50,292.57,1050.07,94.69,2.00,8,1,12.50,16.88,6.38,1.00,2,25.00,8,4.25,1,12.50,0,0.00,2017-08-15,2018-03-02,6,1,1560,0.0057
458c6fa920810ce2492da71bc26d9eec,catanduva,SP,2,2,2,756.76,105.61,862.37,378.38,1.00,2,0,0.00,25.50,4.50,,0,0.00,2,2.50,1,50.00,0,0.00,2017-12-12,2017-12-21,1,1,1561,0.0057
cf654707ed6a99f112c7ec3d6f314b8b,sao paulo,SP,3,3,4,756.00,33.54,789.54,252.00,1.33,3,0,0.00,5.00,4.00,,1,33.33,3,4.67,0,0.00,3,100.00,2018-05-14,2018-08-14,4,1,1562,0.0057
21c62b998a043ebe31161d38f84929fc,fortaleza,CE,4,4,4,750.49,90.84,841.33,187.62,1.00,4,0,0.00,13.50,3.00,,0,0.00,4,4.50,0,0.00,0,0.00,2018-07-16,2018-08-08,2,1,1563,0.0057
61c36f0fc4a47f9532e5512b66668e62,guarulhos,SP,1,1,1,750.00,17.69,767.69,750.00,1.00,1,0,0.00,12.00,3.00,,0,0.00,1,1.00,1,100.00,1,100.00,2018-03-30,2018-03-30,1,1,1564,0.0057
9dc79dd988ac42f4d56c340d7048420a,sao paulo,SP,4,4,4,749.60,94.33,843.93,187.40,1.00,4,0,0.00,6.25,1.00,,0,0.00,4,4.75,0,0.00,1,25.00,2018-08-09,2018-08-27,3,1,1565,0.0057
87d3c3aeb3ead335511b3ce315eb341e,sao paulo,SP,15,15,15,749.35,213.71,963.06,49.96,1.00,12,1,8.33,6.58,1.33,6.00,1,6.67,14,3.50,3,21.43,8,53.33,2018-06-13,2018-08-17,11,2,1566,0.0057
fd435faa3c0422b60440ea3480d0e77c,joao pessoa,PB,1,1,1,749.00,133.87,882.87,749.00,1.00,1,0,0.00,9.00,2.00,,0,0.00,1,5.00,0,0.00,0,0.00,2018-08-20,2018-08-20,1,1,1567,0.0057
191d55f7edb8524d525ed01b20fe32e8,brasilia,DF,3,3,3,747.00,65.80,812.80,249.00,1.00,3,1,33.33,22.33,6.33,12.00,2,66.67,3,2.33,2,66.67,1,33.33,2017-11-27,2018-01-18,3,1,1568,0.0056
c89cf7c468a48af70aada384e722f9e2,petropolis,RJ,14,14,14,745.00,226.01,971.01,53.21,1.00,14,1,7.14,14.07,3.50,3.00,2,14.29,13,4.00,2,15.38,4,28.57,2017-06-07,2018-08-06,7,1,1569,0.0056
ba6ce6de456f6c11d08c17701ba5c26f,sorocaba,SP,6,6,7,744.35,130.16,874.51,124.06,1.17,6,0,0.00,12.33,6.17,,3,50.00,6,4.17,1,16.67,5,83.33,2018-02-15,2018-07-23,3,1,1570,0.0056
e8a85b5f3df47be0984c55fd4064dbb4,brasilia,DF,8,8,14,743.00,222.99,965.99,92.88,1.75,8,1,12.50,10.50,5.00,4.00,3,37.50,8,4.50,1,12.50,2,25.00,2018-02-11,2018-08-21,6,4,1571,0.0056
6e864f5c4669eff3d98140a07cc50202,sao paulo,SP,13,13,13,740.59,191.77,932.36,56.97,1.00,13,1,7.69,9.85,3.31,2.00,0,0.00,13,4.46,1,7.69,6,46.15,2017-08-02,2018-05-30,5,3,1572,0.0056
2ba91c7ad80ff88b23b7db823b43c233,itu,SP,6,6,6,740.40,99.93,840.33,123.40,1.00,6,1,16.67,18.83,1.33,13.00,0,0.00,6,3.83,1,16.67,2,33.33,2018-04-04,2018-08-12,4,2,1573,0.0056
5bba18b40e8c973b0f32e748004775b0,itajobi,SP,1,1,1,739.98,44.82,784.80,739.98,1.00,1,0,0.00,7.00,4.00,,0,0.00,1,5.00,0,0.00,0,0.00,2016-10-10,2016-10-10,1,1,1574,0.0056
8a40ae794fa3f9892cee24bd5af0488b,curitiba,PR,6,5,6,739.85,206.41,946.26,123.31,1.00,5,2,40.00,29.40,6.40,12.00,1,16.67,6,3.17,2,33.33,0,0.00,2017-06-12,2018-06-19,4,3,1575,0.0056
ba6b68b55fe8704377a7d43c8e5c0185,belo horizonte,MG,5,5,5,739.77,92.45,832.22,147.95,1.00,5,0,0.00,10.60,3.00,,0,0.00,5,4.20,1,20.00,0,0.00,2017-05-02,2017-06-03,3,3,1576,0.0056
6bb62a4912377c7bfe7cb17b406bc7e6,jundiai,SP,4,4,6,739.52,105.87,845.39,184.88,1.50,4,0,0.00,4.25,2.25,,1,25.00,4,4.25,1,25.00,3,75.00,2018-07-30,2018-08-14,5,3,1577,0.0056
8c91bfea4263b8fba54081460693e2a1,horizontina,RS,2,2,2,739.00,46.75,785.75,369.50,1.00,2,0,0.00,12.50,7.50,,2,100.00,1,5.00,0,0.00,1,50.00,2017-02-05,2017-02-20,2,1,1578,0.0056
e73bf2cea7fe4b0b4d287a7568ed1099,chapeco,SC,4,4,5,737.70,100.13,837.83,184.43,1.25,4,0,0.00,5.50,1.25,,0,0.00,4,5.00,0,0.00,1,25.00,2018-07-29,2018-08-26,4,2,1579,0.0056
4200ddf1967c5e41e48db62bc6d4b5ac,sao bernardo do campo,SP,22,21,42,734.80,487.93,1222.73,33.40,1.91,21,1,4.76,9.67,2.38,4.00,0,0.00,19,4.26,2,10.53,12,54.55,2017-08-20,2018-04-18,25,2,1580,0.0056
56db5c0782e8f7ddc9343f9576ff6d16,palhoca,SC,2,2,2,734.80,57.15,791.95,367.40,1.00,2,0,0.00,10.00,3.00,,0,0.00,2,3.00,1,50.00,0,0.00,2017-01-27,2018-08-07,2,1,1580,0.0056
33cbbec1e7e1044aaf11d152172c776f,bento goncalves,RS,15,15,16,730.67,398.83,1129.50,48.71,1.07,14,0,0.00,8.50,1.21,,0,0.00,15,4.73,0,0.00,2,13.33,2018-04-03,2018-08-18,9,1,1581,0.0055
014d9a685fd57276679edd00e07089e5,maringa,PR,11,11,12,729.88,146.93,876.81,66.35,1.09,11,0,0.00,9.09,2.27,,1,9.09,11,3.73,2,18.18,3,27.27,2017-11-21,2018-08-17,3,2,1582,0.0055
7210cd29727d674c00741e5e387b3ccd,sao paulo,SP,9,9,13,729.09,145.09,874.18,81.01,1.44,9,1,11.11,3.78,1.33,1.00,0,0.00,9,4.44,1,11.11,9,100.00,2018-06-10,2018-08-20,7,5,1583,0.0055
8b87cd0d43d49b9bdf40f56229364d59,sao paulo,SP,2,2,2,729.00,135.88,864.88,364.50,1.00,2,0,0.00,15.00,4.50,,0,0.00,2,5.00,0,0.00,0,0.00,2017-10-10,2017-11-07,2,2,1584,0.0055
da6a60cc8cc724fe51be021ff8be779c,sao pedro da aldeia,RJ,12,12,13,728.79,255.79,984.58,60.73,1.08,12,0,0.00,7.67,2.17,,0,0.00,12,4.75,0,0.00,1,8.33,2018-05-21,2018-08-17,9,2,1585,0.0055
aac51c486b672a9850d59f3e84b1cf88,sao paulo,SP,10,10,13,728.28,131.29,859.57,72.83,1.30,10,0,0.00,4.60,1.30,,0,0.00,10,4.80,0,0.00,8,80.00,2018-08-12,2018-08-24,6,3,1586,0.0055
d29ba1220fb8634fa3a107e54497b8a4,sao carlos,SP,9,9,9,724.94,182.92,907.86,80.55,1.00,9,0,0.00,6.44,1.44,,0,0.00,9,3.22,3,33.33,5,55.56,2018-04-15,2018-08-15,7,2,1587,0.0055
fe1bbc5feda5c8979a8a1b3b2512d5a6,arinos,MG,9,9,10,724.72,137.53,862.25,80.52,1.11,9,1,11.11,12.11,2.67,3.00,2,22.22,9,3.89,0,0.00,4,44.44,2017-02-03,2017-07-14,7,2,1588,0.0055
6d22a1fcebb6dd08c9cd90b92a93e8d0,joinville,SC,12,12,13,723.70,222.73,946.43,60.31,1.08,12,0,0.00,15.25,3.00,,2,16.67,12,4.25,1,8.33,2,16.67,2017-08-27,2018-01-26,9,2,1589,0.0055
d9e7e7778b32987280a6f2cb9a39c57d,sao paulo,SP,11,11,13,722.50,263.89,986.39,65.68,1.18,10,2,20.00,18.80,4.40,5.50,3,27.27,11,3.55,3,27.27,1,9.09,2018-01-10,2018-06-08,7,1,1590,0.0055
07d75e33f2750d97d467fb57e4dfdd8a,sao paulo,SP,2,2,2,722.40,37.19,759.59,361.20,1.00,2,0,0.00,11.50,5.50,,0,0.00,2,2.50,1,50.00,0,0.00,2018-03-06,2018-05-07,2,2,1591,0.0055
c8cc60ffd415254af5d9b9f34f32c369,sorocaba,SP,8,8,9,722.20,194.03,916.23,90.28,1.13,8,0,0.00,5.38,1.13,,0,0.00,8,4.75,0,0.00,5,62.50,2018-06-05,2018-08-15,7,1,1592,0.0055
b16d3dadc47d4eb18be3d88bad0775ce,estancia velha,RS,10,10,11,722.10,178.44,900.54,72.21,1.10,9,0,0.00,6.67,2.67,,0,0.00,10,4.30,1,10.00,2,20.00,2018-05-29,2018-08-16,10,3,1593,0.0055
94231344608e603693b0a8891143f65d,porto alegre,SP,3,3,3,722.00,102.18,824.18,240.67,1.00,3,0,0.00,12.67,2.00,,0,0.00,3,4.00,0,0.00,0,0.00,2018-05-19,2018-08-07,3,2,1594,0.0055
d79e8478eed9999493990b44955fb22e,rio de janeiro / rio de janeiro,RJ,5,5,5,721.89,80.72,802.61,144.38,1.00,4,1,25.00,4.75,1.00,1.00,0,0.00,4,4.00,1,25.00,1,20.00,2018-06-28,2018-08-19,3,2,1595,0.0055
07de60b03d150fb3ea09eab5da5e4c8b,ibitinga,SP,9,9,9,719.10,169.90,889.00,79.90,1.00,9,1,11.11,13.44,1.33,7.00,0,0.00,9,4.33,1,11.11,5,55.56,2018-01-31,2018-08-18,4,1,1596,0.0054
75a4764c108403a7a0575140cb22287c,caxias do sul,RS,5,5,9,716.90,210.15,927.05,143.38,1.80,5,0,0.00,11.40,2.60,,0,0.00,5,4.60,0,0.00,1,20.00,2017-12-12,2018-04-10,3,2,1597,0.0054
ac6417315ae5da8f9a38ee11de6f7780,aruja,SP,7,7,7,716.40,134.72,851.12,102.34,1.00,7,1,14.29,11.43,2.86,4.00,0,0.00,7,4.14,1,14.29,6,85.71,2017-04-27,2018-03-27,6,3,1598,0.0054
808d4348b916efa08e766ebad39f61eb,sao paulo,SP,20,20,20,712.95,268.59,981.54,35.65,1.00,18,1,5.56,7.17,2.67,4.00,2,10.00,20,4.60,1,5.00,8,40.00,2018-07-07,2018-08-22,10,1,1599,0.0054
d558ebe531605a1285ab2b1bc3256dfb,divinopolis,MG,3,3,3,709.00,73.23,782.23,236.33,1.00,3,0,0.00,9.33,2.33,,1,33.33,3,4.67,0,0.00,0,0.00,2018-03-16,2018-06-09,2,1,1600,0.0054
024b564ae893ce8e9bfa02c10a401ece,sao paulo,SP,2,2,8,706.40,212.00,918.40,353.20,4.00,2,0,0.00,15.50,8.50,,0,0.00,2,4.50,0,0.00,0,0.00,2016-10-05,2017-02-12,2,2,1601,0.0053
18e694e0e48ed6f7aa3f24aade5fd697,varzea paulista,SP,31,31,34,701.54,504.23,1205.77,22.63,1.10,31,1,3.23,5.90,1.71,1.00,0,0.00,31,4.68,0,0.00,22,70.97,2018-06-05,2018-08-26,4,3,1602,0.0053
39d61be7a92eb77b7da367bd4845bc0e,sao paulo,SP,7,7,14,700.59,209.03,909.62,100.08,2.00,7,0,0.00,10.71,4.43,,2,28.57,7,4.00,1,14.29,3,42.86,2018-03-21,2018-08-07,6,1,1603,0.0053
ac51cac5e20d69ff485a54746488ef48,ribeirao preto,SP,3,3,3,700.00,58.70,758.70,233.33,1.00,3,0,0.00,16.33,3.67,,1,33.33,3,3.67,1,33.33,1,33.33,2018-01-14,2018-01-29,3,2,1604,0.0053
3ef37b7ca6dd2b80bd8af81a62504996,sao paulo,SP,2,2,2,700.00,40.97,740.97,350.00,1.00,2,0,0.00,14.50,8.00,,0,0.00,2,4.50,0,0.00,0,0.00,2017-03-02,2017-09-01,2,1,1604,0.0053
328acb143b4a73aad6bee8e734f5d20d,foz do iguacu,PR,2,2,2,699.98,34.77,734.75,349.99,1.00,2,0,0.00,12.00,2.50,,0,0.00,2,4.00,0,0.00,0,0.00,2017-02-06,2017-02-10,2,2,1605,0.0053
1b4b28463457a256e9a784ebe2a8f630,piracicaba,SP,1,1,1,699.42,15.92,715.34,699.42,1.00,1,1,100.00,14.00,13.00,7.00,1,100.00,1,1.00,1,100.00,1,100.00,2018-08-07,2018-08-07,1,1,1606,0.0053
59cea8e446d3834393058e7e0666b6fb,maringa,PR,10,10,10,696.60,204.54,901.14,69.66,1.00,10,0,0.00,7.20,1.80,,0,0.00,10,4.60,0,0.00,2,20.00,2018-06-16,2018-08-16,5,4,1607,0.0053
0d83f8e03188682112cc0d93523705cc,porto alegre,RS,4,4,8,696.26,124.31,820.57,174.07,2.00,4,1,25.00,16.75,3.00,20.00,1,25.00,4,3.75,1,25.00,0,0.00,2017-11-14,2018-01-22,2,2,1608,0.0053
fac35d150712afb921ec59ac5f39bb11,bonfinopolis de minas,MG,5,5,6,696.00,104.64,800.64,139.20,1.20,5,0,0.00,10.00,3.80,,1,20.00,5,4.40,0,0.00,4,80.00,2018-02-24,2018-07-16,2,2,1609,0.0053
05a940b4ecae36cadfd8e93bd9c43257,goiania,GO,9,9,9,695.10,169.00,864.10,77.23,1.00,9,0,0.00,14.22,3.56,,1,11.11,9,4.22,1,11.11,1,11.11,2017-07-16,2018-02-19,8,3,1610,0.0053
052577151711aec5c744fe12e66db3e1,rodeio,SC,1,1,1,687.00,42.65,729.65,687.00,1.00,1,0,0.00,14.00,6.00,,1,100.00,1,5.00,0,0.00,0,0.00,2017-10-26,2017-10-26,1,1,1611,0.0052
2dd1fb6f0e42a2243b8a01e40cd41216,curitiba,PR,3,3,4,686.89,80.43,767.32,228.96,1.33,3,0,0.00,13.67,1.33,,0,0.00,3,3.67,1,33.33,0,0.00,2017-02-20,2017-04-22,3,1,1612,0.0052
b4b447d715f9ab302a188fb43d3e96b3,sao paulo,SP,5,5,5,685.93,93.73,779.66,137.19,1.00,3,0,0.00,3.33,2.00,,0,0.00,5,4.80,0,0.00,4,80.00,2018-07-03,2018-08-26,2,1,1613,0.0052
b2c97074649f92197d9387d9033dda5f,botucatu,SP,10,10,11,684.71,279.37,964.08,68.47,1.10,10,1,10.00,12.30,1.60,2.00,1,10.00,10,4.70,0,0.00,2,20.00,2018-04-23,2018-08-14,9,2,1614,0.0052
4e6015589b781adaa5ce7f1892d06bb1,guaruja,SP,3,3,3,684.00,56.50,740.50,228.00,1.00,3,0,0.00,6.00,2.33,,0,0.00,3,3.67,0,0.00,2,66.67,2017-10-12,2018-01-24,1,1,1615,0.0052
2fb25ab44bdbeae6a4d816e0d0c9d500,volta redonda,RJ,5,5,5,683.08,78.21,761.29,136.62,1.00,5,0,0.00,8.40,2.40,,0,0.00,5,4.80,0,0.00,2,40.00,2017-08-18,2018-06-22,2,2,1616,0.0052
9aa388272ee334b6ae07bc73706e254a,muriae,MG,6,6,7,678.00,183.46,861.46,113.00,1.17,6,0,0.00,8.33,1.83,,0,0.00,6,4.33,1,16.67,1,16.67,2018-03-30,2018-08-17,2,1,1617,0.0051
d9cd369bffa979d1634f8e1318bf2f1b,bady bassitt,SP,3,3,3,678.00,66.81,744.81,226.00,1.00,3,0,0.00,11.00,1.33,,0,0.00,3,5.00,0,0.00,0,0.00,2018-05-13,2018-08-10,3,1,1617,0.0051
89a51f50b8095ea78d5768f34c13a76f,brasilia,DF,10,10,11,677.16,177.10,854.26,67.72,1.10,8,0,0.00,6.50,1.63,,0,0.00,10,4.70,0,0.00,1,10.00,2018-04-24,2018-07-31,10,1,1618,0.0051
a513150f33f99a06569e9cd5c4bb889b,sao paulo,SP,2,2,2,677.00,34.25,711.25,338.50,1.00,2,0,0.00,9.50,2.50,,0,0.00,2,4.50,0,0.00,0,0.00,2017-11-27,2017-12-01,2,2,1619,0.0051
3d5d0dc7073a299e31fa718ce1bc00b6,rio de janeiro,RJ,21,21,22,674.80,352.32,1027.12,32.13,1.05,19,1,5.26,8.21,2.21,1.00,1,4.76,21,4.43,3,14.29,7,33.33,2018-06-13,2018-08-06,7,5,1620,0.0051
5962468f885ea01a1b6a97a218797b0a,curitiba,PR,6,6,6,674.00,91.74,765.74,112.33,1.00,6,0,0.00,10.83,3.83,,0,0.00,6,4.67,0,0.00,0,0.00,2017-07-01,2017-10-18,4,1,1621,0.0051
6861de0f40cacb0602e473c51639f980,curitiba,PR,5,5,8,674.00,275.73,949.73,134.80,1.60,3,1,33.33,16.67,2.33,6.00,0,0.00,5,3.60,1,20.00,0,0.00,2017-11-18,2018-07-04,2,1,1621,0.0051
c6218512d16fcac0af02fe92691cf274,contagem,MG,8,8,8,674.00,194.64,868.64,84.25,1.00,8,0,0.00,15.00,5.13,,2,25.00,8,4.06,1,12.50,1,12.50,2017-04-11,2017-06-02,4,2,1621,0.0051
e21a1e8be4715b0fcfd5385643bc49c4,jaguaruna,SC,20,19,23,673.70,454.51,1128.21,33.69,1.15,20,0,0.00,16.55,6.10,,11,55.00,20,3.70,5,25.00,1,5.00,2017-05-09,2018-02-22,14,4,1622,0.0051
7354220fb240bde543b3c40c060d41e7,brasilia,DF,7,7,7,672.00,165.13,837.13,96.00,1.00,7,0,0.00,10.86,3.57,,1,14.29,7,4.57,0,0.00,0,0.00,2018-01-04,2018-07-25,6,3,1623,0.0051
e4ebd3f87bf70440014f07ddda7fbe03,presidente epitacio,SP,7,7,7,671.50,115.76,787.26,95.93,1.00,7,0,0.00,17.86,2.14,,0,0.00,7,4.57,0,0.00,4,57.14,2017-12-07,2018-03-05,4,3,1624,0.0051
6e1862e15f33d9994bc25922a85e1efc,rio claro,SP,7,7,12,668.49,110.83,779.32,95.50,1.71,7,0,0.00,3.71,1.00,,0,0.00,7,4.43,1,14.29,5,71.43,2018-06-08,2018-08-21,7,2,1625,0.0051
0a85ebe4e328db81ac9109781205e2f7,jundiai,SP,12,12,12,667.90,137.75,805.65,55.66,1.00,12,1,8.33,5.17,1.83,1.00,0,0.00,12,4.58,0,0.00,9,75.00,2018-05-11,2018-08-24,8,2,1626,0.0051
6824a69c9ea0313eba299dd4a2dba09a,formiga,MG,6,6,7,666.90,117.18,784.08,111.15,1.17,5,0,0.00,5.00,0.80,,0,0.00,6,4.67,0,0.00,4,66.67,2018-07-24,2018-08-20,6,3,1627,0.0050
5f7300535881cef3b625fd683cf7d145,canoas,RS,10,10,11,665.98,170.85,836.83,66.60,1.10,10,0,0.00,8.90,1.70,,0,0.00,10,4.40,1,10.00,3,30.00,2017-10-15,2018-07-22,7,2,1628,0.0050
55c26bcb609f480eb7868594245febb5,tabatinga,SP,6,6,6,664.40,161.83,826.23,110.73,1.00,4,0,0.00,10.50,1.25,,0,0.00,6,4.00,1,16.67,3,50.00,2018-04-09,2018-08-09,4,2,1629,0.0050
bdae679a9b282249bc23b9b69dae9a99,brasilia,DF,6,6,12,663.15,188.83,851.98,110.53,2.00,6,0,0.00,10.33,5.67,,2,33.33,6,3.50,2,33.33,0,0.00,2018-02-14,2018-08-13,7,2,1630,0.0050
8d46553a36e68f95350a200c12f8f2e2,campinas,SP,9,9,11,660.00,157.21,817.21,73.33,1.22,9,0,0.00,17.33,12.00,,3,33.33,9,4.22,0,0.00,6,66.67,2017-08-19,2018-03-15,6,2,1631,0.0050
49383af7ab774e4e8f3000f49c83dc4b,taubate,SP,8,8,12,660.00,242.23,902.23,82.50,1.50,8,0,0.00,8.00,2.88,,0,0.00,8,4.38,0,0.00,3,37.50,2018-04-27,2018-08-20,1,1,1631,0.0050
c7fdb77fdbff3c41981bc52f787e959e,santo andre,SP,9,9,11,658.48,166.68,825.16,73.16,1.22,9,1,11.11,16.78,5.11,1.00,2,22.22,9,3.56,3,33.33,3,33.33,2018-01-10,2018-07-21,8,1,1632,0.0050
1961c3e1272bfeceb05d0b78b5bbfdaf,guarulhos,SP,2,2,3,657.00,39.01,696.01,328.50,1.50,2,0,0.00,7.00,3.00,,0,0.00,2,4.50,0,0.00,1,50.00,2018-07-28,2018-08-18,1,1,1633,0.0050
b0398568231ba5e6734af1881671a317,colatina,ES,4,4,4,656.77,113.35,770.12,164.19,1.00,4,0,0.00,13.25,1.50,,0,0.00,4,4.00,1,25.00,0,0.00,2018-03-22,2018-04-10,3,3,1634,0.0050
c447f8dd3ed213f291d65ef074a268eb,assis,SP,7,7,8,655.00,122.23,777.23,93.57,1.14,7,0,0.00,11.14,4.57,,1,14.29,7,3.71,2,28.57,3,42.86,2017-02-06,2017-06-19,4,2,1635,0.0050
80f2cf9abf6b5a0e5c612b5eea6646e6,sao jose do rio preto,SP,6,6,6,654.08,225.84,879.92,109.01,1.00,6,1,16.67,10.50,1.50,3.00,0,0.00,6,5.00,0,0.00,2,33.33,2018-04-05,2018-05-15,6,2,1636,0.0049
cd3d09fbe6e3e9ff0c0ac0c300e93ae7,nova odessa,SP,12,12,12,651.04,229.19,880.23,54.25,1.00,11,1,9.09,11.27,2.18,15.00,0,0.00,12,4.17,2,16.67,4,33.33,2018-06-27,2018-08-18,11,1,1637,0.0049
5d043cd5512d4bd2f88e5ccdd5736c38,sao paulo,SP,1,1,1,650.00,64.91,714.91,650.00,1.00,1,0,0.00,10.00,4.00,,0,0.00,1,2.00,1,100.00,1,100.00,2017-03-11,2017-03-11,1,1,1638,0.0049
43402bdf22aa2310e8f99e2f94f78628,ribeirao pires,SP,4,4,5,649.95,187.15,837.10,162.49,1.25,4,0,0.00,16.50,11.50,,1,25.00,4,2.50,2,50.00,2,50.00,2018-05-14,2018-06-28,3,2,1639,0.0049
c522be04e020c1e7b79f3acff36513d5,santana de parnaiba,SP,6,6,6,649.94,90.48,740.42,108.32,1.00,5,2,40.00,16.80,3.80,1.50,0,0.00,6,4.00,1,16.67,3,50.00,2018-04-23,2018-08-23,3,3,1640,0.0049
f435898e493ba0356019a0b1cb8b55b1,curitiba,PR,10,10,12,649.76,230.92,880.68,64.98,1.20,10,0,0.00,10.70,1.00,,0,0.00,10,4.40,1,10.00,0,0.00,2017-02-05,2018-05-25,5,1,1641,0.0049
236585a4ddb5fea9fa40233e2249ed91,caxias do sul,RS,11,11,11,649.53,188.14,837.67,59.05,1.00,11,1,9.09,13.00,6.18,5.00,5,45.45,11,4.09,1,9.09,1,9.09,2017-11-05,2018-08-09,3,2,1642,0.0049
9cad4b68bb993ee401a3c5aaa2bc26dd,birigui,SP,5,5,7,649.30,114.03,763.33,129.86,1.40,5,1,20.00,18.60,2.40,15.00,0,0.00,5,2.80,2,40.00,3,60.00,2018-01-16,2018-07-15,4,1,1643,0.0049
54aa8463e87776b5612f4bdc4bd5d4de,belo horizonte,MG,7,7,7,649.30,123.53,772.83,92.76,1.00,7,0,0.00,13.71,2.86,,1,14.29,7,3.86,1,14.29,0,0.00,2016-10-07,2017-02-21,4,3,1643,0.0049
95b293867b5862941c9cd74f756a3c68,sao paulo,SP,9,9,9,648.10,98.12,746.22,72.01,1.00,9,4,44.44,21.11,12.00,18.00,4,44.44,9,3.56,3,33.33,7,77.78,2017-11-27,2018-02-22,5,2,1644,0.0049
b26741d31a563d769b4af0465ab20c56,florianopolis,SC,2,2,2,648.00,47.03,695.03,324.00,1.00,2,0,0.00,13.00,1.50,,0,0.00,2,4.00,0,0.00,0,0.00,2018-02-20,2018-03-26,2,2,1645,0.0049
72c38a04bd6a1c3dbc5298425a0db86d,cascavel,PR,4,4,5,647.30,113.35,760.65,161.83,1.25,3,0,0.00,10.00,1.00,,0,0.00,4,3.75,1,25.00,0,0.00,2018-05-13,2018-07-05,4,3,1646,0.0049
2aa3443d7bf9d9bb11133f420d75e083,rio de janeiro,RJ,10,10,10,647.00,134.12,781.12,64.70,1.00,10,2,20.00,10.50,2.10,1.50,0,0.00,10,3.00,4,40.00,4,40.00,2017-11-14,2018-08-13,7,3,1647,0.0049
13f57c12a00ed4610db646b913a7f5c6,santos,SP,7,7,13,645.20,175.95,821.15,92.17,1.86,7,1,14.29,12.29,2.71,2.00,1,14.29,7,4.86,0,0.00,4,57.14,2017-09-25,2018-05-04,6,1,1648,0.0049
8d899e15a5925f097cca50faa49b15e3,sao roque,SP,4,4,10,645.00,150.98,795.98,161.25,2.50,4,1,25.00,6.00,3.25,5.00,1,25.00,4,3.75,1,25.00,3,75.00,2018-05-28,2018-08-17,3,2,1649,0.0049
ad273c9eb54ecb4532de4bf75bae9e4e,curitiba,PR,10,10,11,645.00,184.75,829.75,64.50,1.10,10,0,0.00,12.30,3.80,,1,10.00,10,4.10,1,10.00,0,0.00,2017-03-01,2018-08-09,8,2,1649,0.0049
f3295428338a40977a03f555246a70f4,vitoria,ES,7,7,7,644.98,124.40,769.38,92.14,1.00,7,1,14.29,14.71,2.86,1.00,1,14.29,7,3.57,2,28.57,0,0.00,2017-10-23,2018-02-05,7,2,1650,0.0049
bd1d49a326abfa9b1036772e40445430,bauru,SP,12,12,13,637.70,188.50,826.20,53.14,1.08,12,1,8.33,12.33,3.75,16.00,2,16.67,12,4.08,1,8.33,8,66.67,2017-11-07,2018-06-15,10,1,1651,0.0048
7a91bf945c6fae0779f1c61ce97fe45c,mesquita,RJ,4,4,4,634.60,65.17,699.77,158.65,1.00,4,1,25.00,43.50,6.75,97.00,2,50.00,4,4.50,0,0.00,1,25.00,2017-07-17,2017-09-29,3,1,1652,0.0048
7b98de631987e26dd6d803490c43a13c,loanda,PR,8,8,8,634.20,144.43,778.63,79.28,1.00,8,0,0.00,10.38,2.13,,0,0.00,8,4.63,0,0.00,2,25.00,2018-05-22,2018-08-02,5,2,1653,0.0048
1430239a858e7682bbc43b20758af153,sao paulo,SP,17,17,22,633.99,254.65,888.64,37.29,1.29,17,0,0.00,7.59,1.47,,0,0.00,17,4.18,2,11.76,10,58.82,2017-08-22,2018-08-21,9,3,1654,0.0048
be8e909810184b9b19e886129149d8e5,piracicaba,SP,15,15,15,629.85,216.23,846.08,41.99,1.00,15,2,13.33,15.20,1.53,9.50,0,0.00,15,3.73,3,20.00,6,40.00,2017-10-03,2018-05-13,3,3,1655,0.0048
685b870da5b52a710782c9c0fefbeb5b,sao bernardo do campo,SP,2,2,2,627.00,43.98,670.98,313.50,1.00,2,2,100.00,39.50,8.50,16.00,2,100.00,2,2.00,1,50.00,0,0.00,2017-12-09,2018-03-01,2,1,1656,0.0047
8759e7aedd644f487315e5860962f162,santo andre,SP,3,3,3,627.00,166.34,793.34,209.00,1.00,3,1,33.33,32.67,4.33,40.00,0,0.00,3,3.67,1,33.33,0,0.00,2017-11-28,2017-12-27,1,1,1656,0.0047
0570350b23eda5444f8d1d9544932058,sao paulo,SP,6,6,11,626.90,124.86,751.76,104.48,1.83,6,0,0.00,5.00,1.33,,0,0.00,6,5.00,0,0.00,3,50.00,2018-04-12,2018-05-22,3,2,1657,0.0047
2f09f7d37a97956d11cc1a7cadd5262b,ribeirao preto,SP,7,7,8,625.00,126.91,751.91,89.29,1.14,7,1,14.29,12.86,4.57,2.00,2,28.57,7,4.00,1,14.29,4,57.14,2017-02-07,2017-09-02,3,2,1658,0.0047
6cf476a4ca74498db55cbccdaa9dcfb6,sao paulo,SP,5,5,6,624.94,166.66,791.60,124.99,1.20,5,1,20.00,34.40,23.40,8.00,5,100.00,5,3.40,2,40.00,0,0.00,2016-10-06,2017-04-09,4,2,1659,0.0047
a2deecd5398f5df4987110c80a1972a3,sao paulo,SP,13,13,13,623.81,221.99,845.80,47.99,1.00,12,0,0.00,8.42,1.58,,1,7.69,13,4.27,1,7.69,2,15.38,2018-04-04,2018-08-24,5,1,1660,0.0047
d8cf3b6a2151949f930d0252b180ec42,mandaguacu,PR,6,6,19,623.70,406.48,1030.18,103.95,3.17,6,0,0.00,7.00,2.17,,0,0.00,6,3.50,2,33.33,1,16.67,2018-04-13,2018-06-21,4,1,1661,0.0047
ab3e0c171fe84a7ba7de130f19cfb485,colorado,PR,6,6,7,623.45,112.88,736.33,103.91,1.17,6,2,33.33,20.83,8.17,4.50,3,50.00,6,4.00,1,16.67,0,0.00,2017-04-16,2018-04-05,4,2,1662,0.0047
bfd938b22bc99bce1ae60dc602889f52,rio de janeiro,RJ,4,4,6,623.40,100.47,723.87,155.85,1.50,4,0,0.00,11.75,5.25,,2,50.00,4,5.00,0,0.00,1,25.00,2017-01-22,2017-04-03,3,3,1663,0.0047
3969863bb8af7f72580b3b1ffd3a17b3,sao paulo,SP,12,12,13,623.15,226.87,850.02,51.93,1.08,12,0,0.00,10.08,4.25,,6,50.00,12,4.08,1,8.33,6,50.00,2017-11-25,2018-08-14,5,4,1664,0.0047
26bad72add1f86e08a776ce4ffdaf1ca,pedregulho,SP,7,7,7,622.00,123.92,745.92,88.86,1.00,7,0,0.00,10.71,2.14,,0,0.00,7,4.43,0,0.00,3,42.86,2017-09-13,2018-05-21,5,1,1665,0.0047
b5bb2b985208834bd5bd86c7a402bbad,venancio aires,RS,2,2,2,621.06,38.66,659.72,310.53,1.00,1,0,0.00,17.00,2.00,,0,0.00,2,5.00,0,0.00,0,0.00,2018-01-31,2018-04-21,1,1,1666,0.0047
6b15924333bd1a741595fe981ea04822,sao caetano do sul,SP,21,21,21,614.32,240.14,854.46,29.25,1.00,21,0,0.00,7.81,1.86,,0,0.00,21,4.67,0,0.00,13,61.90,2017-02-01,2017-07-05,5,1,1667,0.0046
1d29dfba02015238dfbe2449a5eaa361,vicosa,MG,12,12,12,612.80,177.12,789.92,51.07,1.00,12,1,8.33,15.25,2.00,54.00,0,0.00,12,4.50,1,8.33,5,41.67,2017-02-01,2018-05-10,3,1,1668,0.0046
b44dbfbf62e52125f3c15d230569ea91,sao paulo,SP,4,4,8,609.37,89.69,699.06,152.34,2.00,4,0,0.00,4.75,0.50,,0,0.00,4,4.75,0,0.00,2,50.00,2018-04-19,2018-08-10,2,2,1669,0.0046
3d3ccf2b2f8134b10dce9dd446f0e075,ibitinga,SP,3,3,3,608.60,141.93,750.53,202.87,1.00,3,1,33.33,16.67,3.00,13.00,0,0.00,3,3.33,1,33.33,1,33.33,2018-06-20,2018-08-10,3,1,1670,0.0046
c6a7539d424a8402232c2228d7a03c5e,sao paulo,SP,10,10,15,607.50,393.82,1001.32,60.75,1.50,10,1,10.00,14.10,4.60,7.00,1,10.00,10,3.10,4,40.00,2,20.00,2017-09-05,2018-05-22,1,1,1671,0.0046
525e75a6fb1454a2325ab1734bcec221,barueri,SP,9,9,10,607.17,112.22,719.39,67.46,1.11,9,0,0.00,6.22,0.78,,0,0.00,9,3.89,1,11.11,6,66.67,2017-04-13,2017-10-02,3,1,1672,0.0046
2059c39f76271d4ca3f15b5ffaccc8b8,curitiba,PR,12,12,12,604.90,186.39,791.29,50.41,1.00,11,0,0.00,9.45,2.64,,0,0.00,12,4.50,0,0.00,3,25.00,2017-02-01,2017-09-07,2,2,1673,0.0046
aae5e7b457a3c72ee230a47d98fceda5,sao jose dos pinhas,PR,5,5,7,604.80,140.77,745.57,120.96,1.40,5,0,0.00,11.80,5.20,,0,0.00,5,4.20,0,0.00,0,0.00,2018-04-05,2018-08-17,2,1,1674,0.0046
eddd1991bd6d9309995a480c39b95137,ponta grossa,PR,2,2,2,601.00,71.55,672.55,300.50,1.00,2,0,0.00,15.00,3.00,,0,0.00,2,3.50,0,0.00,0,0.00,2017-11-06,2017-11-06,2,1,1675,0.0045
5a6a02f419701fc8c605af71d4fc57a4,americana,SP,10,10,11,600.50,113.91,714.41,60.05,1.10,9,1,11.11,5.00,2.89,1.00,1,10.00,10,4.80,0,0.00,8,80.00,2018-05-14,2018-08-24,9,2,1676,0.0045
1588ac4010787100dddef64568f0ae35,maringa,PR,3,3,3,599.97,46.00,645.97,199.99,1.00,3,0,0.00,19.67,5.67,,0,0.00,3,3.00,1,33.33,0,0.00,2017-12-22,2018-01-18,2,1,1677,0.0045
8e29d051f810eb22959ede205b462b9f,mirassol,SP,2,2,2,599.80,213.48,813.28,299.90,1.00,1,1,100.00,60.00,2.00,27.00,0,0.00,2,4.00,0,0.00,1,50.00,2018-06-10,2018-06-19,1,1,1678,0.0045
68ca56ce86830f3d31b1b7ec6a54da3e,guaratuba,PR,5,5,5,599.69,123.34,723.03,119.94,1.00,5,0,0.00,4.80,1.20,,0,0.00,5,4.00,1,20.00,1,20.00,2018-07-11,2018-08-10,4,4,1679,0.0045
3be5841cdcc46de4ed3f9116f104b2c5,barueri,SP,4,4,4,599.60,88.35,687.95,149.90,1.00,4,0,0.00,8.25,3.50,,1,25.00,4,4.75,0,0.00,1,25.00,2017-01-24,2017-02-12,4,3,1680,0.0045
53336f97ddbe53e2a617d07b17447b95,sao paulo,SP,1,1,1,599.50,75.33,674.83,599.50,1.00,1,0,0.00,19.00,1.00,,0,0.00,1,5.00,0,0.00,0,0.00,2017-10-04,2017-10-04,1,1,1681,0.0045
262237171f48e85819065498cac80d7b,brusque,SC,4,3,10,599.00,150.00,749.00,149.75,2.50,3,0,0.00,12.00,2.33,,0,0.00,4,4.25,0,0.00,1,25.00,2017-08-02,2018-08-02,1,1,1682,0.0045
d0d70d21e2234dd7cd3cf63fe414148a,sao bento,PB,8,8,9,598.40,366.59,964.99,74.80,1.13,8,0,0.00,8.88,2.13,,0,0.00,8,4.25,1,12.50,0,0.00,2018-06-28,2018-08-15,6,1,1683,0.0045
38e6dada03429a47197d5d584d793b41,sao paulo,SP,7,6,12,596.14,206.91,803.05,85.16,1.71,7,0,0.00,10.00,4.71,,1,14.29,7,4.43,1,14.29,3,42.86,2017-09-06,2017-10-29,8,2,1684,0.0045
11938fcc75f6902fea1d0a6f72b54a57,sao miguel d'oeste,SC,2,2,2,594.98,142.16,737.14,297.49,1.00,2,0,0.00,22.50,1.50,,0,0.00,2,3.00,1,50.00,1,50.00,2018-01-11,2018-05-27,2,1,1685,0.0045
8c0de775f52fe41590b376a3b7c50f68,sumare,SP,8,8,8,594.80,112.72,707.52,74.35,1.00,8,0,0.00,6.13,1.75,,1,12.50,8,4.25,0,0.00,5,62.50,2018-03-15,2018-07-03,6,1,1686,0.0045
3d68c634a99a1ba46dbca3967a69c623,nova trento,SC,2,2,2,594.00,263.70,857.70,297.00,1.00,2,0,0.00,9.00,1.00,,0,0.00,2,5.00,0,0.00,0,0.00,2018-07-22,2018-08-02,1,1,1687,0.0045
6e0908ef4d4efadbc3cc2b74ea477cb0,rio de janeiro,RJ,8,8,11,589.45,160.83,750.28,73.68,1.38,7,1,14.29,13.29,5.71,6.00,4,50.00,8,3.75,2,25.00,1,12.50,2017-02-05,2017-09-01,5,2,1688,0.0045
8a87611c08849ffeeccab52aa798b6c7,curitiba,PR,6,6,6,587.90,113.05,700.95,97.98,1.00,5,0,0.00,10.00,3.40,,3,50.00,6,4.67,0,0.00,0,0.00,2017-01-26,2017-02-10,4,2,1689,0.0044
768a86e36ad6aae3d03ee3c6433d61df,sao paulo,SP,17,17,17,587.46,180.24,767.70,34.56,1.00,15,2,13.33,5.27,1.60,6.50,1,5.88,17,4.65,0,0.00,13,76.47,2018-06-19,2018-08-23,8,2,1690,0.0044
6e4a902d1054e4e17aa6eab87fac1c75,sorocaba,SP,7,6,8,586.57,109.13,695.70,83.80,1.14,7,1,14.29,6.86,3.00,4.00,1,14.29,7,4.14,1,14.29,3,42.86,2018-08-06,2018-08-21,4,3,1691,0.0044
b274baf5bbd142410eb2958cf685d684,montenegro,RS,7,7,7,585.90,148.67,734.57,83.70,1.00,7,0,0.00,6.14,0.71,,0,0.00,7,4.29,1,14.29,0,0.00,2018-05-16,2018-07-20,7,3,1692,0.0044
bf961104a38e01b9062ee026bb657dee,ribeirao preto,SP,4,4,4,585.56,79.90,665.46,146.39,1.00,4,0,0.00,9.25,2.25,,0,0.00,4,4.50,0,0.00,2,50.00,2017-02-02,2017-02-09,1,1,1693,0.0044
851773c885feb5e2da3b4f82bc2b17ce,lencois paulista,SP,10,10,10,585.30,251.83,837.13,58.53,1.00,10,2,20.00,16.60,1.50,8.00,0,0.00,10,4.20,1,10.00,3,30.00,2018-02-08,2018-08-26,8,1,1694,0.0044
70b52a4cfc823994561b00bad161b4ed,sao paulo,SP,8,8,10,585.00,100.35,685.35,73.13,1.25,8,0,0.00,12.75,9.63,,2,25.00,8,4.38,0,0.00,6,75.00,2017-02-21,2018-07-18,1,1,1695,0.0044
71271995e85f5b8530be99ed54a91b89,porto alegre,RS,6,6,6,582.00,92.15,674.15,97.00,1.00,6,1,16.67,12.00,6.83,8.00,1,16.67,6,3.00,2,33.33,3,50.00,2017-11-23,2018-05-23,1,1,1696,0.0044
83353a83fd769dfafa4f21a72b15e3e5,sao paulo,SP,5,5,5,579.50,94.83,674.33,115.90,1.00,5,1,20.00,18.60,4.20,14.00,1,20.00,5,3.80,1,20.00,1,20.00,2017-04-01,2017-12-17,5,1,1697,0.0044
be3b4b0f050a6aa1b2d901c4b77e979f,imbituva,PR,3,3,8,578.20,155.52,733.72,192.73,2.67,3,0,0.00,8.00,1.33,,0,0.00,3,4.00,1,33.33,1,33.33,2018-04-26,2018-06-08,3,2,1698,0.0044
f524ad65d7e0f1daab730ef2d2e86196,soledade,RS,1,1,2,578.00,31.50,609.50,578.00,2.00,1,1,100.00,25.00,7.00,3.00,1,100.00,1,1.00,1,100.00,1,100.00,2018-01-29,2018-01-29,1,1,1699,0.0044
01c97ebb5cdac52891c0ed1c37ba0012,catanduva,SP,9,9,12,577.50,178.50,756.00,64.17,1.33,9,0,0.00,13.78,1.22,,0,0.00,9,4.22,1,11.11,5,55.56,2017-04-13,2018-07-31,3,1,1700,0.0044
5ef131ac72773e5b3f6c0d63cf424657,ribeirao preto,SP,10,10,11,575.79,246.20,821.99,57.58,1.10,9,0,0.00,5.78,2.22,,0,0.00,10,4.10,2,20.00,4,40.00,2018-07-03,2018-08-25,8,1,1701,0.0044
ed8cb7b190ceb6067227478e48cf8dde,santos,SP,15,15,17,573.50,242.71,816.21,38.23,1.13,15,1,6.67,7.27,1.93,3.00,0,0.00,15,3.40,5,33.33,8,53.33,2018-07-19,2018-08-27,10,4,1702,0.0043
26af45f5dfd967225a832838aa4e24a3,curitiba,PR,10,10,11,573.10,198.51,771.61,57.31,1.10,10,0,0.00,9.70,1.90,,0,0.00,10,4.10,2,20.00,2,20.00,2018-01-11,2018-08-22,7,1,1703,0.0043
9599519be538b98748162a2b48248960,sao paulo,SP,1,1,3,570.00,60.06,630.06,570.00,3.00,1,0,0.00,22.00,1.00,,0,0.00,1,1.00,1,100.00,0,0.00,2018-04-08,2018-04-08,1,1,1704,0.0043
4e326052e5dbba8adcd512f3450a307e,sao paulo,SP,3,3,6,570.00,85.96,655.96,190.00,2.00,3,0,0.00,18.00,3.33,,0,0.00,3,2.33,2,66.67,1,33.33,2018-01-31,2018-02-25,1,1,1704,0.0043
a35ef466c6fd6d052f5d241240d3c5e2,novo hamburgo,RS,3,3,3,569.90,79.65,649.55,189.97,1.00,3,0,0.00,12.00,1.33,,0,0.00,3,4.67,0,0.00,0,0.00,2017-08-14,2017-09-30,3,1,1705,0.0043
3f9be91358837bff69df67edfa3e42e8,londrina,PR,7,7,7,569.70,132.36,702.06,81.39,1.00,7,0,0.00,9.86,1.43,,0,0.00,7,4.43,1,14.29,0,0.00,2018-03-30,2018-05-12,4,1,1706,0.0043
a254c682cc01e119f83530446f1df9a9,cafelandia,SP,6,6,7,569.40,240.02,809.42,94.90,1.17,6,1,16.67,15.00,1.67,2.00,0,0.00,6,4.00,1,16.67,1,16.67,2018-03-19,2018-08-22,3,1,1707,0.0043
cd2169d9f31ff6fbb9ca3373b0c9e354,nova friburgo,RJ,1,1,1,569.00,56.33,625.33,569.00,1.00,1,0,0.00,15.00,1.00,,0,0.00,1,4.00,0,0.00,0,0.00,2018-06-15,2018-06-15,1,1,1708,0.0043
73b8eb4a9a729d4019b24ed1be748cbf,campinas,SP,7,7,7,568.90,86.60,655.50,81.27,1.00,6,0,0.00,4.83,1.50,,0,0.00,7,4.86,0,0.00,5,71.43,2018-06-18,2018-08-07,6,2,1709,0.0043
4170f6a9367e6b5d6401d03ce6d54569,brasilia df,DF,4,4,5,568.78,93.03,661.81,142.20,1.25,4,1,25.00,24.50,15.75,29.00,1,25.00,4,4.00,1,25.00,0,0.00,2017-10-20,2017-12-20,3,2,1710,0.0043
89ad3263c0931c47f976d7c5778e60f6,sao paulo,SP,6,6,6,568.20,131.54,699.74,94.70,1.00,6,0,0.00,6.50,2.00,,0,0.00,6,4.17,1,16.67,2,33.33,2018-06-25,2018-07-28,5,1,1711,0.0043
f52c2422904463fdd7741f99045fecb6,santo andre/sao paulo,SP,12,12,13,567.79,177.01,744.80,47.32,1.08,11,0,0.00,5.27,1.55,,1,8.33,12,4.25,1,8.33,7,58.33,2018-06-15,2018-08-21,10,3,1712,0.0043
b7ed9fb14c8eadb37adb9c45d67ab0fb,jacarei,SP,7,7,11,566.00,221.75,787.75,80.86,1.57,7,0,0.00,12.43,2.29,,0,0.00,7,3.29,3,42.86,1,14.29,2017-07-01,2018-07-27,5,2,1713,0.0043
2f74af7a0ee5636f12c2336f9fffed47,sao paulo,SP,13,13,13,560.70,163.77,724.47,43.13,1.00,13,0,0.00,9.69,3.92,,2,15.38,13,4.31,1,7.69,8,61.54,2017-06-04,2017-11-20,12,3,1714,0.0042
b12cfd255810394b60caef18ae163547,cascavel,PR,2,2,2,560.00,166.15,726.15,280.00,1.00,2,0,0.00,15.50,2.50,,0,0.00,2,4.50,0,0.00,0,0.00,2017-11-20,2017-11-24,1,1,1715,0.0042
5f5a58930c3c35f3b5af264f34fb8c85,ribeirao preto,SP,3,2,3,560.00,68.59,628.59,186.67,1.00,3,0,0.00,7.67,3.67,,0,0.00,3,5.00,0,0.00,0,0.00,2018-06-25,2018-07-19,2,2,1715,0.0042
c33a5c3c983090c8b78a28e65052a20d,criciuma,SC,8,8,8,559.20,128.13,687.33,69.90,1.00,8,0,0.00,11.50,1.38,,0,0.00,8,4.13,2,25.00,5,62.50,2018-01-15,2018-06-24,3,1,1716,0.0042
820c7c9eaf76d2b226b6c242bcf3f34d,sao paulo,SP,1,1,1,559.00,18.00,577.00,559.00,1.00,1,0,0.00,18.00,2.00,,0,0.00,1,4.00,0,0.00,0,0.00,2017-01-30,2017-01-30,1,1,1717,0.0042
35b96509602ec4b7da831b5cd73ff2c2,sao leopoldo,RS,2,2,2,558.90,47.55,606.45,279.45,1.00,2,0,0.00,9.00,2.00,,0,0.00,2,4.50,0,0.00,0,0.00,2018-05-08,2018-08-03,2,1,1718,0.0042
6eeed17989b0ae47c9f11ece6f38ea90,sao paulo,SP,3,3,3,557.00,119.01,676.01,185.67,1.00,3,0,0.00,6.33,1.67,,0,0.00,3,3.67,1,33.33,2,66.67,2018-07-03,2018-08-27,2,1,1719,0.0042
8a207b6080964f3c1fc9d35bd6096ba4,jaci,SP,2,2,3,553.70,176.34,730.04,276.85,1.50,2,1,50.00,22.50,2.50,6.00,0,0.00,2,5.00,0,0.00,1,50.00,2017-09-20,2017-11-03,2,2,1720,0.0042
385799a1cddbd26dfeb9157356a42282,sao paulo,SP,4,4,6,551.94,74.78,626.72,137.99,1.50,4,0,0.00,8.75,5.00,,0,0.00,4,4.75,0,0.00,2,50.00,2017-03-28,2017-09-09,3,1,1721,0.0042
74871d19219c7d518d0090283e03c137,sao paulo,SP,6,6,7,550.04,87.87,637.91,91.67,1.17,5,0,0.00,4.20,0.80,,0,0.00,6,5.00,0,0.00,5,83.33,2018-04-05,2018-08-21,6,3,1722,0.0042
eb9cd5b35d95206585e2185318cb5c61,sao paulo,SP,2,2,3,550.00,61.55,611.55,275.00,1.50,2,0,0.00,16.00,5.50,,2,100.00,2,3.00,1,50.00,0,0.00,2018-06-21,2018-07-16,1,1,1723,0.0042
bb2afe2061d53c6968aa0cffa233a8ec,sao paulo,SP,5,5,6,549.40,94.62,644.02,109.88,1.20,5,0,0.00,4.40,0.80,,0,0.00,5,4.80,0,0.00,2,40.00,2018-05-09,2018-07-21,4,1,1724,0.0042
e433f5fd4050e3352b5d83522b7fe24b,arapongas,PR,1,1,1,548.06,48.71,596.77,548.06,1.00,1,0,0.00,7.00,4.00,,0,0.00,1,4.00,0,0.00,0,0.00,2018-08-23,2018-08-23,1,1,1725,0.0041
0d33a55da925bbf1ff02af5f6059fc7f,sao paulo,SP,22,22,24,547.30,385.61,932.91,24.88,1.09,21,1,4.76,8.10,1.71,5.00,1,4.55,22,4.45,2,9.09,14,63.64,2017-11-09,2018-08-01,8,4,1726,0.0041
6c99c983ce3b6ba0ab813e6790e81691,uberlandia,MG,9,9,9,546.75,205.76,752.51,60.75,1.00,8,0,0.00,6.25,1.00,,0,0.00,9,3.78,2,22.22,4,44.44,2018-05-31,2018-08-07,5,2,1727,0.0041
9c1c0c36cd23c20897e473901a8fb149,praia grande,SP,6,6,7,544.97,172.07,717.04,90.83,1.17,6,0,0.00,6.33,2.33,,0,0.00,6,5.00,0,0.00,4,66.67,2018-05-18,2018-08-23,3,1,1728,0.0041
af7cdac9d9897cddead9c6b08976c642,laranjal paulista,SP,6,6,6,543.54,150.47,694.01,90.59,1.00,6,1,16.67,15.00,1.67,15.00,0,0.00,6,3.67,1,16.67,3,50.00,2018-03-14,2018-08-18,5,1,1729,0.0041
4cc4fd4fdd406a85bbdc1f824b731bd7,toledo,PR,1,1,2,539.98,31.24,571.22,539.98,2.00,1,0,0.00,8.00,3.00,,0,0.00,1,5.00,0,0.00,1,100.00,2018-02-26,2018-02-26,1,1,1730,0.0041
228e4c1a0be164f613d41c24345f9d2c,bandeirantes,PR,5,5,5,539.70,229.74,769.44,107.94,1.00,5,0,0.00,11.00,4.20,,1,20.00,5,5.00,0,0.00,0,0.00,2018-05-07,2018-08-10,3,1,1731,0.0041
d94ba08b99bedd6a5f6c875ecc4a6fac,apucarana,PR,8,8,9,539.10,161.60,700.70,67.39,1.13,8,0,0.00,12.50,2.63,,0,0.00,8,4.75,0,0.00,1,12.50,2017-04-12,2017-07-27,1,1,1732,0.0041
6c17baf138731a4aaacc3210adf2037b,franca,SP,4,4,5,538.80,89.92,628.72,134.70,1.25,4,0,0.00,7.50,1.50,,0,0.00,4,5.00,0,0.00,1,25.00,2018-08-06,2018-08-20,5,1,1733,0.0041
08d1c9478fb0d7d7fcac9c0da4e82fc7,belo horizonte,MG,1,1,1,538.00,67.57,605.57,538.00,1.00,1,0,0.00,10.00,6.00,,0,0.00,1,5.00,0,0.00,0,0.00,2018-06-12,2018-06-12,1,1,1734,0.0041
ff314fa6033cc68ec451c47aee2d6ba4,sao paulo,SP,2,2,2,537.90,32.44,570.34,268.95,1.00,2,0,0.00,10.50,6.50,,1,50.00,2,5.00,0,0.00,1,50.00,2017-01-25,2017-05-19,2,1,1735,0.0041
1fe61aa5494bd3ae92a2c13e067c810f,santa cecilia,SC,1,1,2,537.76,100.82,638.58,537.76,2.00,1,0,0.00,8.00,0.00,,0,0.00,1,4.00,0,0.00,0,0.00,2017-11-27,2017-11-27,1,1,1736,0.0041
638cba8be1fb599bbb76fd6948351eb3,sao jose dos campos,SP,16,16,22,535.40,268.27,803.67,33.46,1.38,16,0,0.00,8.00,1.75,,0,0.00,16,4.69,1,6.25,9,56.25,2017-05-21,2017-09-28,10,2,1737,0.0040
cb9fb4ca75d7ba8437480e8dde64fe98,sao paulo,SP,10,10,10,532.14,173.42,705.56,53.21,1.00,10,0,0.00,9.20,1.50,,0,0.00,10,4.00,2,20.00,3,30.00,2017-06-07,2017-10-11,3,1,1738,0.0040
1f7fd2a6fcd5a6fa5d8a4dabc72aaae0,venancio aires,RS,3,3,3,531.80,100.88,632.68,177.27,1.00,3,0,0.00,7.00,1.00,,0,0.00,3,5.00,0,0.00,1,33.33,2017-04-05,2018-05-07,2,1,1739,0.0040
4342d4b2ba6b161468c63a7e7cfce593,rio de janeiro,RJ,2,2,2,528.90,34.54,563.44,264.45,1.00,2,1,50.00,15.50,4.00,6.00,1,50.00,2,1.00,2,100.00,1,50.00,2018-05-19,2018-07-25,2,1,1740,0.0040
2e7ea2aafec5835e781b21d6d1faf1f1,sao paulo,SP,7,7,7,528.40,118.22,646.62,75.49,1.00,7,1,14.29,7.14,2.71,1.00,1,14.29,6,4.50,0,0.00,5,71.43,2018-07-05,2018-08-23,4,1,1741,0.0040
6879c4d287a8dd06b11f54ea8f78e4da,osasco,SP,6,6,6,527.67,149.46,677.13,87.95,1.00,5,0,0.00,7.80,1.60,,0,0.00,6,4.33,1,16.67,3,50.00,2018-06-13,2018-08-14,3,3,1742,0.0040
979e9f8b5b39dd243a2550c8b05aecf0,sao paulo,SP,3,3,4,525.00,46.88,571.88,175.00,1.33,3,0,0.00,9.33,3.00,,0,0.00,3,5.00,0,0.00,2,66.67,2018-01-25,2018-04-04,2,1,1743,0.0040
3968920b9aa752ab98f7d5888c9252f2,bauru,SP,8,8,10,523.30,157.71,681.01,65.41,1.25,8,1,12.50,9.63,2.00,2.00,0,0.00,8,3.88,2,25.00,4,50.00,2018-05-03,2018-08-06,8,4,1744,0.0040
02b72cdeb9cfcc429f1af6f4e3f3b737,ibitinga,SP,4,4,4,522.65,225.99,748.64,130.66,1.00,4,0,0.00,12.50,1.75,,0,0.00,4,4.75,0,0.00,0,0.00,2018-07-25,2018-08-22,3,1,1745,0.0040
6e13dd869aa7185f601c941423abcc8f,sao paulo,SP,5,5,6,522.00,76.08,598.08,104.40,1.20,4,0,0.00,4.00,1.75,,0,0.00,5,4.80,0,0.00,4,80.00,2018-04-07,2018-07-17,2,1,1746,0.0039
c026ef0d72e9132d9fa112308090c8dc,rio de janeiro,RJ,1,1,1,520.00,37.72,557.72,520.00,1.00,1,0,0.00,11.00,2.00,,0,0.00,1,4.00,0,0.00,0,0.00,2018-08-05,2018-08-05,1,1,1747,0.0039
fc59392d66ef99377e50356ee4f3b4e1,salvador,BA,5,5,5,519.99,86.97,606.96,104.00,1.00,4,0,0.00,6.75,1.25,,0,0.00,5,3.60,2,40.00,3,60.00,2018-05-20,2018-08-12,5,3,1748,0.0039
f9ec7093df3a7b346b7bcf7864069ca3,sao paulo,SP,9,9,9,519.20,118.93,638.13,57.69,1.00,8,0,0.00,6.13,1.75,,0,0.00,9,4.78,0,0.00,5,55.56,2018-07-05,2018-08-26,9,5,1749,0.0039
d197aa8fbc64087f61984deef05f6227,sao jose dos campos,SP,6,6,7,519.09,111.56,630.65,86.52,1.17,6,0,0.00,7.67,3.83,,1,16.67,6,4.83,0,0.00,4,66.67,2018-05-16,2018-08-21,6,2,1750,0.0039
ff4e2d38692ce827b1a4f4b8196e680d,sao paulo,SP,11,11,11,518.90,150.28,669.18,47.17,1.00,10,0,0.00,9.50,3.20,,1,9.09,11,4.27,1,9.09,5,45.45,2017-08-20,2018-07-08,3,2,1751,0.0039
a7dc4098e4da6e41b426269d12ae7e91,sao paulo,SP,2,2,3,518.00,36.45,554.45,259.00,1.50,2,0,0.00,6.00,4.00,,0,0.00,2,3.00,1,50.00,2,100.00,2018-07-19,2018-08-10,2,1,1752,0.0039
3296662b1331dea51e744505065ae889,catanduva,SP,1,1,1,517.80,27.71,545.51,517.80,1.00,1,0,0.00,3.00,1.00,,0,0.00,1,5.00,0,0.00,1,100.00,2018-08-27,2018-08-27,1,1,1753,0.0039
7e79d65b5c6f1f544b7daea036acf720,sao caetano do sul,SP,4,4,4,517.80,62.09,579.89,129.45,1.00,4,0,0.00,8.50,3.25,,0,0.00,4,4.50,0,0.00,1,25.00,2017-06-14,2017-10-24,2,1,1753,0.0039
9e6967d3cf386d284251784b18ccb485,sao caetano do sul,SP,9,9,11,517.67,137.23,654.90,57.52,1.22,9,1,11.11,7.33,3.00,7.00,1,11.11,9,3.89,2,22.22,5,55.56,2018-06-12,2018-08-14,3,3,1754,0.0039
64cc804291f90c81f02bfc2bb58ff55a,curitiba,PR,2,2,2,517.60,46.54,564.14,258.80,1.00,2,0,0.00,14.50,3.50,,0,0.00,2,5.00,0,0.00,0,0.00,2018-04-15,2018-07-18,2,1,1755,0.0039
1d503743d2526f03f0c2c89540ee008c,sao paulo,SP,12,12,17,516.04,204.49,720.53,43.00,1.42,12,1,8.33,10.92,1.83,10.00,0,0.00,12,3.92,2,16.67,4,33.33,2018-01-25,2018-07-15,7,5,1756,0.0039
b87a7ea0c30fad2dd6781b74a0064859,sao paulo,SP,9,9,9,515.40,122.35,637.75,57.27,1.00,9,2,22.22,15.11,2.33,14.50,0,0.00,9,3.44,3,33.33,4,44.44,2018-01-10,2018-07-02,8,1,1757,0.0039
a06c8ff043abea0528ee44171e2140a2,divinopolis,MG,8,8,8,514.50,92.43,606.93,64.31,1.00,8,0,0.00,3.88,1.00,,0,0.00,8,4.75,0,0.00,3,37.50,2018-02-22,2018-08-09,6,3,1758,0.0039
c157bdeedcbc9a8e3c8bf0d87ff24428,mairinque,SP,7,7,10,514.27,208.70,722.97,73.47,1.43,7,0,0.00,12.14,3.00,,0,0.00,7,4.43,0,0.00,3,42.86,2017-05-05,2017-08-20,4,2,1759,0.0039
312ba1d77e9c332ef21f9598b7f64cd7,guarulhos,SP,7,7,7,513.00,102.41,615.41,73.29,1.00,7,4,57.14,25.57,10.86,15.00,4,57.14,7,3.14,3,42.86,3,42.86,2018-01-29,2018-07-23,4,2,1760,0.0039
4a82168aaef173cbb6e46ae88728f919,irati,PR,4,4,4,512.00,100.39,612.39,128.00,1.00,4,0,0.00,6.75,2.00,,0,0.00,4,4.00,1,25.00,1,25.00,2018-07-13,2018-08-07,2,2,1761,0.0039
2b2fed75b8e5ea3a052fc4c0825da485,juiz de fora,MG,3,3,4,510.90,59.93,570.83,170.30,1.33,3,0,0.00,5.67,2.33,,0,0.00,3,5.00,0,0.00,1,33.33,2017-04-23,2017-07-29,3,1,1762,0.0039
c3aad7dc65449ae90a5e9c3c6c1e78e0,auriflama/sp,SP,6,6,6,510.00,130.36,640.36,85.00,1.00,6,0,0.00,7.33,3.33,,1,16.67,6,4.67,0,0.00,3,50.00,2018-08-10,2018-08-23,5,1,1763,0.0039
c53bcd3be457a342a97e39e5a9f0be22,neopolis,SE,5,5,5,509.50,186.09,695.59,101.90,1.00,5,0,0.00,12.40,3.20,,0,0.00,5,3.20,2,40.00,0,0.00,2017-01-30,2018-07-22,3,1,1764,0.0039
4be6b962d83299498bae2190f95d6566,sao carlos,SP,11,11,12,508.80,182.29,691.09,46.25,1.09,11,1,9.09,7.91,1.18,1.00,0,0.00,10,4.10,1,10.00,6,54.55,2018-03-07,2018-08-12,6,2,1765,0.0038
e6a69c4a27dfdd98ffe5aa757ad744bc,sao paulo,SP,21,21,23,508.51,275.83,784.34,24.21,1.10,21,0,0.00,10.71,4.76,,3,14.29,21,4.29,2,9.52,12,57.14,2017-02-01,2018-06-10,12,4,1766,0.0038
33cbda8716511e27e556dff9d8418bf2,blumenau,SC,5,5,6,507.40,108.17,615.57,101.48,1.20,5,0,0.00,12.80,2.40,,0,0.00,5,4.80,0,0.00,1,20.00,2017-03-30,2018-06-05,5,3,1767,0.0038
5e49e3a44bdeb5aab2684258bbd4f525,balenario camboriu,SC,3,3,3,507.00,52.77,559.77,169.00,1.00,3,1,33.33,16.67,2.00,4.00,0,0.00,3,4.67,0,0.00,1,33.33,2017-12-14,2018-03-15,2,1,1768,0.0038
3ea00e1dea2b0659dbaf654735929220,curitiba,PR,7,7,7,505.00,144.97,649.97,72.14,1.00,7,0,0.00,11.57,3.00,,0,0.00,7,4.86,0,0.00,2,28.57,2017-02-22,2018-03-14,2,1,1769,0.0038
2493dc3f20131696a0ecdb9948051a8d,brasilia,DF,4,4,4,504.38,70.69,575.07,126.10,1.00,4,0,0.00,9.50,2.00,,0,0.00,4,4.75,0,0.00,0,0.00,2017-01-24,2017-02-07,3,1,1770,0.0038
20a7efa9721046319bdde5d60b6b5365,laguna,SP,3,3,6,501.20,95.39,596.59,167.07,2.00,3,0,0.00,19.33,1.00,,0,0.00,3,5.00,0,0.00,1,33.33,2018-01-08,2018-02-08,2,2,1771,0.0038
39a5005f2605cbdb4f9ac14485cabfd1,barretos,SP,3,3,8,501.07,232.59,733.66,167.02,2.67,3,0,0.00,9.67,2.00,,0,0.00,3,5.00,0,0.00,0,0.00,2018-06-27,2018-08-04,3,1,1772,0.0038
97e995629983723d11830a829bc2b246,lorena,SP,5,5,5,499.50,99.37,598.87,99.90,1.00,5,0,0.00,16.80,4.40,,0,0.00,5,4.80,0,0.00,1,20.00,2017-11-07,2018-08-16,5,2,1773,0.0038
13c2ed7698b3ca92dad49e849219da59,ponta grossa,PR,8,8,9,498.61,154.68,653.29,62.33,1.13,8,0,0.00,10.88,2.00,,0,0.00,8,4.38,1,12.50,1,12.50,2018-01-03,2018-08-02,7,1,1774,0.0038
ccbd753e6863fe7314dc6c0ca5a074e7,blumenau,SC,1,1,1,495.00,101.56,596.56,495.00,1.00,1,0,0.00,12.00,1.00,,0,0.00,1,4.00,0,0.00,0,0.00,2018-08-12,2018-08-12,1,1,1775,0.0037
265fdc289dffa9f1ad801c74f7d0de47,jaci,SP,1,1,1,495.00,51.55,546.55,495.00,1.00,1,0,0.00,7.00,1.00,,0,0.00,1,5.00,0,0.00,1,100.00,2018-08-13,2018-08-13,1,1,1775,0.0037
e59e489e2ea74bd409b798b5daf49de3,maringa,PR,3,3,5,495.00,86.76,581.76,165.00,1.67,3,0,0.00,15.33,5.33,,1,33.33,3,1.67,2,66.67,0,0.00,2017-09-05,2018-05-01,3,1,1775,0.0037
c458e2045a8aa8964f8879af03fdcce6,sao caetano do sul,SP,4,4,9,494.91,196.79,691.70,123.73,2.25,4,0,0.00,16.25,5.00,,1,25.00,4,2.75,2,50.00,1,25.00,2017-02-12,2017-05-05,4,1,1776,0.0037
fcba71d4d5db057f43249145e4eb1e27,limeira,SP,3,3,3,494.55,53.72,548.27,164.85,1.00,3,0,0.00,18.67,1.67,,0,0.00,3,4.67,0,0.00,0,0.00,2017-10-30,2018-02-26,3,1,1777,0.0037
0951a6e282947e09cd47969f4ed0b47f,taboao da serra,SP,7,7,7,492.30,88.02,580.32,70.33,1.00,7,0,0.00,5.14,1.29,,0,0.00,7,4.86,0,0.00,4,57.14,2018-07-26,2018-08-27,2,2,1778,0.0037
c84592044b180dec206770c38603814b,sao paulo,SP,14,14,14,491.94,209.03,700.97,35.14,1.00,14,0,0.00,12.64,2.50,,0,0.00,14,4.43,1,7.14,6,42.86,2018-02-28,2018-05-12,5,4,1779,0.0037
e601b04acf48b4576e73ddca9481f0dc,sao paulo,SP,15,15,16,491.94,211.00,702.94,32.80,1.07,14,0,0.00,6.57,1.79,,0,0.00,15,4.07,3,20.00,8,53.33,2018-04-13,2018-08-27,11,7,1779,0.0037
340636a908b13bbe0f4fb63fbe1d0c03,sao jose dos campos,SP,3,3,3,490.50,36.00,526.50,163.50,1.00,3,0,0.00,7.67,3.67,,0,0.00,3,5.00,0,0.00,2,66.67,2018-04-06,2018-05-06,3,1,1780,0.0037
b9c0ffa92f3ff9a5a3d45ef7213c0842,sao paulo,SP,3,3,3,490.00,82.17,572.17,163.33,1.00,3,0,0.00,21.00,3.00,,0,0.00,3,5.00,0,0.00,0,0.00,2017-09-17,2017-12-14,2,2,1781,0.0037
48fb026ed7455a42f5d3e9390ed5088e,barra mansa,RJ,9,9,9,489.73,191.54,681.27,54.41,1.00,9,0,0.00,11.78,2.22,,0,0.00,9,2.89,4,44.44,1,11.11,2017-05-24,2017-08-27,9,1,1782,0.0037
7816cd9c5b1238e320545f5bf7eb80e8,araraquara,SP,1,1,1,489.00,22.76,511.76,489.00,1.00,1,0,0.00,11.00,1.00,,0,0.00,1,4.00,0,0.00,1,100.00,2018-05-24,2018-05-24,1,1,1783,0.0037
f88adb15807168d3c43d71021090ce4a,porto ferreira,SP,3,3,3,488.80,52.26,541.06,162.93,1.00,3,0,0.00,6.33,1.33,,0,0.00,3,3.33,1,33.33,2,66.67,2018-04-23,2018-08-14,2,2,1784,0.0037
09bad886111255c5b5030314fc7f1a4a,sao paulo,SP,5,5,5,487.50,72.86,560.36,97.50,1.00,5,0,0.00,6.40,3.20,,0,0.00,5,5.00,0,0.00,3,60.00,2018-08-08,2018-08-27,1,1,1785,0.0037
83a75eea11694e36e56dd0cb2240229a,amparo,SP,3,3,3,487.00,42.47,529.47,162.33,1.00,3,0,0.00,4.00,2.67,,0,0.00,3,5.00,0,0.00,2,66.67,2018-02-25,2018-04-18,1,1,1786,0.0037
c7a0a13cbcf29d5ce51c8f80afdc0b89,laurentino,SC,8,8,9,483.08,174.72,657.80,60.39,1.13,8,0,0.00,10.88,3.88,,0,0.00,8,4.13,1,12.50,2,25.00,2017-10-04,2018-08-08,4,2,1787,0.0037
c1f12f926d0ba950578b4fa41115cbb6,sao paulo,SP,2,2,4,479.60,76.96,556.56,239.80,2.00,2,1,50.00,36.50,4.50,39.00,0,0.00,2,4.00,0,0.00,0,0.00,2018-02-24,2018-08-01,2,2,1788,0.0036
0c7f30ae9b147eca07affbef92832a6a,ponta grossa,PR,5,5,5,479.50,87.61,567.11,95.90,1.00,5,0,0.00,8.60,2.20,,0,0.00,5,5.00,0,0.00,0,0.00,2017-03-03,2017-04-17,4,4,1789,0.0036
32fdd5d44ecb43dfd6a24b9369eca144,carmo do cajuru,MG,8,8,8,479.20,138.68,617.88,59.90,1.00,8,0,0.00,16.13,2.63,,0,0.00,8,4.38,0,0.00,1,12.50,2017-03-22,2017-05-15,5,2,1790,0.0036
25be943a321c8938947bdaabca979a90,sao bernardo do campo,SP,3,3,3,479.00,95.63,574.63,159.67,1.00,3,0,0.00,3.00,2.00,,0,0.00,3,4.33,0,0.00,3,100.00,2018-05-09,2018-07-28,2,1,1791,0.0036
bac692d6c0ed08467878018e6cc9c26c,blumenau,SC,1,1,3,477.00,82.23,559.23,477.00,3.00,1,0,0.00,7.00,2.00,,0,0.00,1,4.00,0,0.00,0,0.00,2018-07-31,2018-07-31,1,1,1792,0.0036
f1198c871e0171278b63f40d112caeec,sao paulo,SP,2,2,2,475.80,82.27,558.07,237.90,1.00,2,0,0.00,11.50,7.00,,0,0.00,2,4.50,0,0.00,2,100.00,2017-08-15,2017-11-10,2,1,1793,0.0036
29e6e05b65f93bc224c644319dc52ecf,juiz de fora,MG,4,4,4,475.60,83.32,558.92,118.90,1.00,4,0,0.00,6.75,1.00,,0,0.00,4,4.75,0,0.00,0,0.00,2018-06-28,2018-08-17,3,1,1794,0.0036
7402d13c03a7e91366337cd1de471144,cambe,PR,3,3,3,473.89,110.90,584.79,157.96,1.00,3,0,0.00,10.00,4.33,,0,0.00,3,4.33,0,0.00,1,33.33,2018-02-10,2018-08-17,2,2,1795,0.0036
e1b12447a7563944843191754aeb5562,guarulhos,SP,9,9,10,472.46,126.67,599.13,52.50,1.11,9,2,22.22,14.33,1.89,4.50,0,0.00,9,4.44,1,11.11,4,44.44,2017-09-12,2018-01-05,6,4,1796,0.0036
e3dd723429d1b23614b7fa85e2c7a853,sao bernardo do campo,SP,7,7,8,471.05,126.57,597.62,67.29,1.14,7,1,14.29,13.43,4.00,3.00,1,14.29,7,3.71,1,14.29,4,57.14,2018-03-25,2018-06-08,4,2,1797,0.0036
270d3ef21830ad0ecf3a6c53d08a533a,carapicuiba,SP,5,4,17,471.00,217.61,688.61,94.20,3.40,5,0,0.00,11.40,4.80,,1,20.00,5,2.60,2,40.00,5,100.00,2017-12-06,2018-04-28,3,1,1798,0.0036
2953ce3a88f5e3c3b696d77fc9e4c8eb,sao paulo,SP,14,14,15,470.00,161.32,631.32,33.57,1.07,14,1,7.14,8.00,2.36,3.00,1,7.14,14,4.64,1,7.14,10,71.43,2017-10-01,2018-08-23,7,2,1799,0.0036
b0b346d3a89f5eb4c2968af3f083cd43,campinas,SP,9,9,9,469.00,160.70,629.70,52.11,1.00,9,3,33.33,23.11,4.33,26.00,2,22.22,9,3.78,2,22.22,4,44.44,2017-11-14,2018-08-03,6,2,1800,0.0035
8fec2e460530482132c436cfb5439925,laranjal paulista,SP,3,3,5,468.46,80.15,548.61,156.15,1.67,3,1,33.33,21.67,2.33,22.00,0,0.00,3,4.33,0,0.00,1,33.33,2018-01-29,2018-02-22,3,1,1801,0.0035
038b75b729c8a9a04b0d07cba7eabe86,sao jose dos campos,SP,2,2,2,467.00,90.85,557.85,233.50,1.00,2,1,50.00,22.50,5.00,5.00,0,0.00,2,3.50,0,0.00,0,0.00,2018-04-20,2018-04-22,1,1,1802,0.0035
c42fd8e4d47dfb18ce5222f2dd7752f9,osasco,SP,7,5,11,466.99,161.64,628.63,66.71,1.57,7,2,28.57,26.43,14.43,22.00,6,85.71,5,3.80,1,20.00,2,28.57,2017-02-13,2017-05-21,9,3,1803,0.0035
9fc70243fb26800cba56e8f014797004,belo horizonte,MG,6,6,7,466.60,104.70,571.30,77.77,1.17,6,0,0.00,9.67,2.50,,0,0.00,6,4.50,0,0.00,2,33.33,2017-11-13,2018-07-29,2,2,1804,0.0035
feb793c88d836c3a75efa4b5a3465d70,sao paulo,SP,1,1,1,466.00,64.17,530.17,466.00,1.00,1,0,0.00,6.00,5.00,,0,0.00,1,5.00,0,0.00,1,100.00,2018-03-23,2018-03-23,1,1,1805,0.0035
ee2fbacc2fc3794e656cc4d933d59ce7,sao paulo,SP,2,2,3,464.97,53.73,518.70,232.49,1.50,1,0,0.00,9.00,1.00,,0,0.00,2,4.00,0,0.00,0,0.00,2018-08-07,2018-08-21,2,1,1806,0.0035
651fe66032c9520ee5587f694908040d,alvorada,RS,7,7,7,464.00,128.73,592.73,66.29,1.00,7,0,0.00,6.57,1.00,,0,0.00,7,4.00,1,14.29,1,14.29,2018-07-16,2018-08-21,6,2,1807,0.0035
0a82f5fb06a4fe4ac2cf7cb412ec71b8,sao paulo,SP,2,2,2,462.00,22.80,484.80,231.00,1.00,2,0,0.00,5.00,3.50,,0,0.00,2,5.00,0,0.00,2,100.00,2018-02-03,2018-03-31,2,1,1808,0.0035
cb0b3bcf14e0a709df412a99424a59d7,sao paulo,SP,2,2,2,460.00,47.43,507.43,230.00,1.00,2,0,0.00,22.50,5.50,,1,50.00,2,4.50,0,0.00,0,0.00,2018-04-05,2018-04-16,2,1,1809,0.0035
aec99834ab5d38ead22766ada8497e87,colombo,PR,1,1,1,459.00,17.51,476.51,459.00,1.00,1,0,0.00,7.00,3.00,,0,0.00,1,5.00,0,0.00,0,0.00,2018-07-20,2018-07-20,1,1,1810,0.0035
8b2d4ab22f42c5cfc338b846decfda60,fazenda rio grande,PR,6,6,9,458.00,185.32,643.32,76.33,1.50,6,0,0.00,15.50,3.17,,1,16.67,6,4.83,0,0.00,2,33.33,2018-03-28,2018-08-20,3,2,1811,0.0035
dd88d13bea9e4c2bf47daf224f8141e5,lajeado,RS,1,1,1,458.00,29.38,487.38,458.00,1.00,1,0,0.00,6.00,2.00,,0,0.00,1,5.00,0,0.00,1,100.00,2018-04-10,2018-04-10,1,1,1811,0.0035
e546117ed9cafbc40239c0c78635c584,sao paulo,SP,2,2,2,456.00,28.34,484.34,228.00,1.00,2,0,0.00,6.50,3.00,,0,0.00,2,4.50,0,0.00,1,50.00,2018-04-23,2018-08-23,1,1,1812,0.0034
117cfc326c6d50da67ca858ff5c0c852,sao joao de meriti,RJ,5,5,5,454.60,81.48,536.08,90.92,1.00,5,0,0.00,5.80,1.20,,0,0.00,5,4.60,0,0.00,2,40.00,2018-05-02,2018-05-19,2,2,1813,0.0034
35857757f553273b1056c1cabdace7fb,ribeirao preto,SP,6,6,6,454.60,118.74,573.34,75.77,1.00,6,1,16.67,18.00,1.83,15.00,0,0.00,6,4.00,1,16.67,2,33.33,2017-07-24,2018-03-28,6,1,1813,0.0034
b248792ac0b60ec3f93d80af1b4fae47,sao caetano do sul,SP,7,7,9,454.50,153.85,608.35,64.93,1.29,7,1,14.29,6.57,1.43,1.00,0,0.00,7,3.86,1,14.29,4,57.14,2018-07-23,2018-08-22,6,2,1814,0.0034
55029529919c0123526150bd26ca8f20,contagem,MG,7,7,7,453.95,134.88,588.83,64.85,1.00,6,0,0.00,9.33,3.83,,0,0.00,7,4.71,0,0.00,1,14.29,2018-06-13,2018-08-13,6,3,1815,0.0034
fc4751cfe3b279c419615b9b00c1abb4,londrina,PR,1,1,1,453.70,17.35,471.05,453.70,1.00,1,0,0.00,8.00,4.00,,0,0.00,1,5.00,0,0.00,0,0.00,2017-02-16,2017-02-16,1,1,1816,0.0034
7994b065a7ffb14e71c6312cf87b9de2,cariacica / es,ES,5,5,7,453.00,144.34,597.34,90.60,1.40,5,0,0.00,8.80,3.20,,0,0.00,5,5.00,0,0.00,0,0.00,2018-06-05,2018-08-04,5,2,1817,0.0034
e5899683388855d3dabe8913bbe365de,sao carlos,SP,3,3,3,452.88,80.98,533.86,150.96,1.00,3,0,0.00,7.67,1.33,,0,0.00,3,4.00,0,0.00,0,0.00,2018-07-01,2018-08-22,3,1,1818,0.0034
b7cc6c5e001441ae8cdd5c69a480cbe4,curitibanos,SC,5,5,5,452.80,137.25,590.05,90.56,1.00,5,0,0.00,12.80,3.20,,0,0.00,5,4.60,0,0.00,1,20.00,2017-02-26,2017-11-24,4,2,1819,0.0034
777a0c55737f34ffeb78010f7542ab41,sao paulo,SP,6,6,6,452.50,75.83,528.33,75.42,1.00,5,0,0.00,5.00,1.00,,0,0.00,6,4.33,1,16.67,3,50.00,2018-06-27,2018-08-20,3,2,1820,0.0034
eb5b6204dde3a6e03b5f1bb8479f055b,embu guacu,SP,19,19,21,452.20,275.13,727.33,23.80,1.11,19,1,5.26,10.42,2.53,6.00,2,10.53,19,3.95,2,10.53,11,57.89,2017-12-16,2018-06-11,8,5,1821,0.0034
08f5819815f3d06545011850bd70f0a8,santos,SP,3,3,3,452.00,70.83,522.83,150.67,1.00,3,0,0.00,8.00,2.00,,0,0.00,3,4.67,0,0.00,1,33.33,2018-06-21,2018-08-12,3,1,1822,0.0034
4de6e4ba574aa9dfdc824bc44dc47fdd,colombo,PR,14,14,14,451.10,253.32,704.42,32.22,1.00,14,1,7.14,9.14,1.50,3.00,0,0.00,14,4.07,3,21.43,1,7.14,2018-01-09,2018-07-05,12,2,1823,0.0034
968ee78631915a63fef426d6733d7422,erechim,RS,2,2,2,450.00,71.67,521.67,225.00,1.00,2,0,0.00,15.00,8.50,,0,0.00,2,3.00,1,50.00,1,50.00,2017-06-08,2017-11-27,1,1,1824,0.0034
101a3a003516bc11253298b2fad3cb65,rio claro,SP,5,5,6,450.00,74.00,524.00,90.00,1.20,5,0,0.00,6.40,2.00,,0,0.00,5,4.80,0,0.00,4,80.00,2018-06-21,2018-07-26,2,2,1824,0.0034
d90fe2229fee1a5da999ccd0c06c1667,sao paulo,SP,3,3,3,450.00,66.91,516.91,150.00,1.00,3,0,0.00,10.00,1.00,,0,0.00,3,4.67,0,0.00,0,0.00,2018-07-22,2018-08-08,2,1,1824,0.0034
3d4824f20035949c710eaf111f869d39,sorocaba,SP,8,8,9,449.97,125.60,575.57,56.25,1.13,8,1,12.50,8.50,4.13,5.00,1,12.50,8,4.00,2,25.00,3,37.50,2018-06-04,2018-08-23,7,6,1825,0.0034
bbaff50f3b708fda865918715276cd87,atibaia,SP,12,12,16,449.70,202.07,651.77,37.48,1.33,12,2,16.67,10.00,3.17,2.00,1,8.33,12,4.75,0,0.00,5,41.67,2017-03-15,2018-08-06,11,1,1826,0.0034
a11a0e0ca67423425691db355cff69b0,indaiatuba,SP,2,2,2,448.90,28.08,476.98,224.45,1.00,1,0,0.00,6.00,2.00,,0,0.00,2,5.00,0,0.00,1,50.00,2018-07-31,2018-08-10,2,1,1827,0.0034
3d0cd21d41671c46f82cd11176bf7277,joinville,SC,9,9,11,447.80,174.58,622.38,49.76,1.22,9,0,0.00,12.67,3.44,,0,0.00,9,4.67,0,0.00,0,0.00,2017-08-08,2018-08-06,6,4,1828,0.0034
5e106d93b717c2682b9383da480364a1,santa terezinha de itaipu,PR,1,1,1,445.90,21.71,467.61,445.90,1.00,1,0,0.00,7.00,4.00,,0,0.00,1,5.00,0,0.00,0,0.00,2017-04-20,2017-04-20,1,1,1829,0.0034
a5bff0f43eb51f0cad7c37fac7244c8a,sao paulo,SP,4,4,5,445.00,96.27,541.27,111.25,1.25,4,0,0.00,16.00,2.50,,0,0.00,4,4.75,0,0.00,0,0.00,2017-02-20,2017-09-27,2,1,1830,0.0034
b3f19518fcec265b2e97af287725f981,tanabi,SP,8,8,8,444.92,124.88,569.80,55.62,1.00,8,0,0.00,10.50,2.25,,0,0.00,8,4.38,0,0.00,2,25.00,2017-03-20,2017-08-22,4,2,1831,0.0034
768de2a4fc06aacecb9a586ccc30746a,brasilia,DF,13,13,13,442.70,221.01,663.71,34.05,1.00,13,0,0.00,14.85,2.23,,0,0.00,13,4.38,1,7.69,0,0.00,2017-08-08,2018-05-18,2,2,1832,0.0033
f22a247b79dd22ecd91dc8e3b2a1b07c,itaquaquecetuba,SP,8,8,8,439.94,134.90,574.84,54.99,1.00,8,2,25.00,17.75,0.63,30.50,0,0.00,8,4.00,1,12.50,3,37.50,2018-05-02,2018-08-23,5,1,1833,0.0033
64c9a1db4e73e19aaafd3286dc448c96,curitiba,PR,1,1,1,439.00,43.60,482.60,439.00,1.00,1,0,0.00,10.00,4.00,,0,0.00,1,5.00,0,0.00,0,0.00,2018-08-18,2018-08-18,1,1,1834,0.0033
c3251e13f1bbda6c74e37c160f991e19,porto ferreira,SP,2,2,2,437.80,75.28,513.08,218.90,1.00,2,0,0.00,13.50,3.50,,0,0.00,2,5.00,0,0.00,1,50.00,2017-03-18,2017-05-26,2,2,1835,0.0033
b29d3380981c51df13fc6fbe87e1763d,ribeirao preto,SP,6,6,7,435.30,98.58,533.88,72.55,1.17,6,0,0.00,8.17,2.67,,0,0.00,6,3.83,1,16.67,6,100.00,2018-04-28,2018-08-02,5,2,1836,0.0033
98115075dd26cb8835946fc6086f5d30,ao bernardo do campo,SP,4,4,4,434.96,56.24,491.20,108.74,1.00,4,0,0.00,4.25,1.50,,0,0.00,4,4.75,0,0.00,3,75.00,2018-04-15,2018-08-16,3,2,1837,0.0033
26d6bbee02420494d471c9f6436929c0,curitiba,PR,12,12,13,434.51,247.19,681.70,36.21,1.08,11,0,0.00,8.00,1.45,,0,0.00,12,4.67,0,0.00,0,0.00,2018-04-05,2018-08-25,10,4,1838,0.0033
d4e4b5192cba4e0e66eb12a9d347239d,toledo,PR,11,11,11,431.90,193.50,625.40,39.26,1.00,11,0,0.00,13.18,3.00,,0,0.00,11,4.45,1,9.09,0,0.00,2017-03-14,2017-10-23,10,1,1839,0.0033
bc503e244f187939d10c92a5c8e378ce,birigui,SP,6,6,13,430.31,173.41,603.72,71.72,2.17,6,0,0.00,11.83,2.50,,0,0.00,6,3.50,2,33.33,2,33.33,2017-04-04,2018-02-26,3,1,1840,0.0033
4e480be820e37de1444325ff358c9296,tres coracoes,MG,1,1,2,430.30,143.44,573.74,430.30,2.00,1,0,0.00,12.00,1.00,,0,0.00,1,5.00,0,0.00,0,0.00,2018-07-11,2018-07-11,1,1,1841,0.0033
8bd0e3abda539b9479c4b44a691be1ec,tres de maio,RS,6,6,12,425.75,212.27,638.02,70.96,2.00,6,2,33.33,23.67,14.17,15.00,2,33.33,6,2.50,3,50.00,2,33.33,2017-05-29,2018-01-06,6,1,1842,0.0032
2c3d56f92f360fb89d849b84e8f50eae,barueri,SP,7,7,7,425.10,111.76,536.86,60.73,1.00,7,1,14.29,13.57,1.71,5.00,0,0.00,7,3.43,3,42.86,4,57.14,2017-10-06,2018-03-23,5,4,1843,0.0032
939e6227d6964a11a70aa91243e418f2,conselheiro lafaiete,MG,4,4,4,425.00,63.25,488.25,106.25,1.00,4,0,0.00,5.25,1.50,,0,0.00,4,4.25,0,0.00,4,100.00,2018-08-15,2018-08-25,2,1,1844,0.0032
a45314082d50d578a4721c9787ce09ab,mirassol,SP,2,2,2,424.90,29.02,453.92,212.45,1.00,2,0,0.00,5.00,1.50,,0,0.00,2,5.00,0,0.00,2,100.00,2018-08-02,2018-08-18,2,2,1845,0.0032
dc50afafdfa325eadc890c7fa42a8f4e,maringa,PR,4,4,4,424.20,57.28,481.48,106.05,1.00,4,0,0.00,6.00,1.25,,0,0.00,4,4.75,0,0.00,2,50.00,2018-06-25,2018-08-11,3,2,1846,0.0032
b080809eaacb49e5ca07290981472431,belo horizonte,MG,11,11,11,424.00,143.40,567.40,38.55,1.00,11,0,0.00,10.45,3.91,,2,18.18,11,4.82,0,0.00,4,36.36,2017-02-24,2018-05-15,6,1,1847,0.0032
acf974e4d5950ad143a247471b831eb9,caxias do sul,RS,5,5,12,423.80,329.82,753.62,84.76,2.40,5,0,0.00,11.80,2.80,,0,0.00,4,4.75,0,0.00,0,0.00,2017-03-07,2017-10-30,3,2,1848,0.0032
7c1fea10b5b006671d608b1d7c446ec4,boituva,SP,14,14,14,423.60,224.15,647.75,30.26,1.00,14,1,7.14,16.36,3.36,3.00,2,14.29,14,4.00,2,14.29,6,42.86,2017-10-04,2018-06-13,13,4,1849,0.0032
41e0fa5761c886a630994a55c12087e7,guaruja,SP,5,5,5,423.60,68.31,491.91,84.72,1.00,4,0,0.00,12.50,3.50,,0,0.00,5,5.00,0,0.00,3,60.00,2018-04-03,2018-06-14,2,1,1849,0.0032
5dc203c7b84a0e71e878a179de05fb9a,pompeia,SP,5,5,5,421.90,128.15,550.05,84.38,1.00,5,0,0.00,8.60,1.60,,0,0.00,5,4.00,1,20.00,3,60.00,2018-05-28,2018-08-07,3,3,1850,0.0032
c714262700f93defc16bf17a51a4cb23,sao paulo,SP,4,4,4,421.80,69.53,491.33,105.45,1.00,4,0,0.00,10.00,2.75,,1,25.00,4,3.75,1,25.00,0,0.00,2018-03-16,2018-05-15,4,2,1851,0.0032
9d5604a1f112324ad6b2aa552122e0fb,florianopolis,SP,13,13,17,421.50,340.48,761.98,32.42,1.31,10,0,0.00,12.90,1.90,,0,0.00,13,3.54,4,30.77,4,30.77,2017-11-14,2018-08-19,3,1,1852,0.0032
cc80e2f693fa6e2408f47ccf62413fc1,curitiba,PR,2,2,2,420.00,88.63,508.63,210.00,1.00,2,0,0.00,14.00,3.00,,0,0.00,2,4.00,0,0.00,0,0.00,2017-11-27,2017-12-01,1,1,1853,0.0032
189ca3538ce9f920cacf0f982cbe223b,sao paulo,SP,4,4,5,419.00,62.67,481.67,104.75,1.25,4,0,0.00,4.25,2.00,,0,0.00,4,4.25,1,25.00,4,100.00,2018-06-21,2018-08-07,4,1,1854,0.0032
7bcd7c5f8631701474db233ccf1c094b,sao paulo,SP,8,8,8,419.00,132.04,551.04,52.38,1.00,8,0,0.00,14.38,5.25,,2,25.00,8,4.38,0,0.00,1,12.50,2017-04-14,2017-08-27,4,2,1854,0.0032
38102b031c2a15e54623d711bfc753d3,mucambo,CE,8,8,10,418.00,308.21,726.21,52.25,1.25,8,0,0.00,21.25,7.38,,6,75.00,8,4.00,0,0.00,0,0.00,2017-02-09,2018-02-14,5,3,1855,0.0032
6d7f8d9d594e28796b6b3205b00f459c,curitiba,PR,3,3,3,417.90,59.11,477.01,139.30,1.00,3,0,0.00,15.33,6.00,,1,33.33,3,3.67,1,33.33,1,33.33,2017-05-11,2017-07-14,2,1,1856,0.0032
7b7f91e98f8c6def45a1407923304402,osasco,SP,11,11,14,417.47,203.02,620.49,37.95,1.27,11,1,9.09,13.09,4.36,15.00,1,9.09,11,4.18,2,18.18,6,54.55,2018-04-15,2018-07-22,9,3,1857,0.0032
b64d51f0435e884e8de603b1655155ae,garulhos,SP,17,17,23,416.18,357.36,773.54,24.48,1.35,16,2,12.50,7.25,2.69,4.50,3,17.65,17,4.29,2,11.76,12,70.59,2018-04-07,2018-08-24,15,3,1858,0.0031
f650a9708fa1bab22bdd8d3a818cc415,ararangua,SC,4,4,4,416.04,71.44,487.48,104.01,1.00,4,0,0.00,15.50,4.75,,3,75.00,4,4.00,1,25.00,0,0.00,2017-01-25,2017-02-25,4,1,1859,0.0031
a53f60f05f822b5c621a50ff6a5cb362,uberlandia,MG,4,4,6,415.40,129.13,544.53,103.85,1.50,4,0,0.00,11.50,6.50,,1,25.00,3,3.67,1,33.33,1,25.00,2018-06-25,2018-08-17,4,2,1860,0.0031
34a557286ead8fe75c989e0afcf7d98c,franca,SP,4,4,4,414.90,58.56,473.46,103.73,1.00,3,0,0.00,9.00,2.33,,0,0.00,4,4.75,0,0.00,3,75.00,2018-05-14,2018-08-18,2,1,1861,0.0031
35fb511489d9ee3ee27a76debce9df06,londrina,PR,7,7,7,414.50,172.29,586.79,59.21,1.00,7,1,14.29,16.86,4.71,8.00,3,42.86,7,3.57,1,14.29,0,0.00,2017-02-22,2018-04-09,4,1,1862,0.0031
ff1e15b778c700abdd4d239b81ac466d,curitiba,PR,7,7,7,414.30,114.86,529.16,59.19,1.00,7,0,0.00,7.43,2.43,,0,0.00,7,4.57,0,0.00,2,28.57,2018-08-02,2018-08-21,2,2,1863,0.0031
bd149ed516d4c5d418d5781f8e18919f,guarulhos,SP,8,8,9,414.00,141.94,555.94,51.75,1.13,8,0,0.00,8.50,3.50,,1,12.50,8,4.88,0,0.00,4,50.00,2017-10-31,2018-08-23,3,1,1864,0.0031
acb6c2ca5c82411c1fdb88d5fd5eb95e,sao paulo,SP,10,10,11,413.88,161.61,575.49,41.39,1.10,10,0,0.00,10.20,3.90,,3,30.00,10,3.90,2,20.00,4,40.00,2017-02-16,2018-08-01,5,4,1865,0.0031
042573af89b6d931f672efaf789d8358,sorocaba,SP,3,3,3,413.48,65.09,478.57,137.83,1.00,3,1,33.33,20.00,2.00,26.00,0,0.00,3,3.67,1,33.33,2,66.67,2018-01-21,2018-02-11,3,2,1866,0.0031
ead2bab70821ea148476ae9bc08548ac,belo horizonte,MG,9,9,9,412.10,116.20,528.30,45.79,1.00,9,0,0.00,7.22,1.33,,0,0.00,9,4.50,0,0.00,1,11.11,2017-10-04,2018-08-01,4,1,1867,0.0031
a35124e2d763d7ca3fbe3b97d143200f,sao paulo,SP,4,4,7,411.50,78.89,490.39,102.88,1.75,4,0,0.00,10.75,6.50,,1,25.00,4,4.75,0,0.00,3,75.00,2017-03-15,2017-05-08,2,1,1868,0.0031
b1204cfda1d4948679db3cfc0d3cb95c,guarulhos,SP,6,6,6,411.20,100.05,511.25,68.53,1.00,6,0,0.00,9.83,2.17,,1,16.67,6,4.33,1,16.67,0,0.00,2017-01-17,2018-07-25,3,2,1869,0.0031
86ff3eaef0267069cc891a2ed9d10a17,palhoca,SC,7,7,7,409.75,140.61,550.36,58.54,1.00,6,0,0.00,8.67,1.00,,0,0.00,7,4.71,0,0.00,1,14.29,2018-04-17,2018-07-08,7,2,1870,0.0031
5275ca25d0358ca73864e0ae41be1320,guarulhos,SP,4,4,4,409.60,69.22,478.82,102.40,1.00,4,0,0.00,7.00,2.75,,0,0.00,4,4.75,0,0.00,3,75.00,2018-07-23,2018-08-07,3,1,1871,0.0031
f4ce8ca9fa7157e3b33f536ac9a4487d,penapolis,SP,4,4,4,409.60,97.53,507.13,102.40,1.00,3,0,0.00,5.00,1.33,,0,0.00,4,4.75,0,0.00,3,75.00,2018-07-16,2018-08-20,3,2,1871,0.0031
c3f5668699a1b04c0fa61ecea1e2bff6,apucarana,PR,3,3,3,407.81,107.12,514.93,135.94,1.00,3,0,0.00,12.00,1.33,,0,0.00,3,5.00,0,0.00,1,33.33,2018-03-26,2018-08-02,3,2,1872,0.0031
c7dcd301ecfe5ab7f778ac172cf74be7,belo horizonte,MG,3,3,3,407.79,50.40,458.19,135.93,1.00,3,0,0.00,25.33,24.33,,3,100.00,3,3.00,1,33.33,1,33.33,2016-10-04,2016-10-04,3,2,1873,0.0031
20a8b0dc55da94fe74d112082427c84f,itu,SP,7,7,7,407.40,123.98,531.38,58.20,1.00,7,1,14.29,8.14,3.86,3.00,1,14.29,7,4.29,1,14.29,3,42.86,2018-07-31,2018-08-23,3,2,1874,0.0031
6b803197e03abd5056b4313306b4f29d,sao paulo,SP,7,6,12,407.00,123.62,530.62,58.14,1.71,7,0,0.00,5.29,1.43,,0,0.00,7,4.71,0,0.00,5,71.43,2018-02-06,2018-08-20,5,2,1875,0.0031
4a23adac87cf538689fa600d976f78b2,sao paulo,SP,3,3,3,405.00,35.41,440.41,135.00,1.00,2,0,0.00,7.50,6.50,,1,33.33,3,4.33,0,0.00,3,100.00,2018-08-18,2018-08-22,1,1,1876,0.0031
179d859f51292aac5c10806a356f7af9,ribeirao pires,SP,18,18,19,404.47,395.80,800.27,22.47,1.06,17,1,5.88,8.59,1.88,3.00,0,0.00,18,4.39,1,5.56,4,22.22,2018-06-29,2018-08-10,8,1,1877,0.0031
ed9eef5be0992d413d251fadba1a410d,mogi guacu,SP,3,3,9,404.10,143.24,547.34,134.70,3.00,3,0,0.00,10.33,1.67,,0,0.00,3,4.67,0,0.00,0,0.00,2017-01-26,2017-03-17,5,1,1878,0.0031
5563732abe64c3036cb97ad924128dd1,guarulhos,SP,2,2,3,404.00,37.60,441.60,202.00,1.50,2,0,0.00,12.00,6.00,,2,100.00,2,4.50,0,0.00,1,50.00,2017-06-25,2017-12-20,3,2,1879,0.0031
0ddefe3c7a032b91f4e25b9c3a08fca1,sao bernardo do campo,SP,9,8,10,402.90,150.00,552.90,44.77,1.11,9,0,0.00,7.67,2.67,,0,0.00,9,4.56,0,0.00,5,55.56,2018-04-12,2018-08-24,7,4,1880,0.0030
29fe9f200d3fa0c668d2aa1ec7e08dfb,balneario camboriu,SC,5,5,5,400.00,114.16,514.16,80.00,1.00,5,0,0.00,10.60,3.20,,1,20.00,5,4.00,1,20.00,1,20.00,2017-06-16,2017-09-03,4,1,1881,0.0030
d7485b33791774c36108f8c69602d48d,curitiba,PR,10,10,10,399.82,219.32,619.14,39.98,1.00,10,1,10.00,8.90,2.00,12.00,0,0.00,10,3.70,1,10.00,3,30.00,2018-04-06,2018-07-24,8,1,1882,0.0030
63ffcb71394dd8ea3872ed9ffda17c74,itaborai,RJ,17,17,17,399.00,264.72,663.72,23.47,1.00,16,1,6.25,13.31,2.94,27.00,2,11.76,17,3.18,5,29.41,8,47.06,2017-02-05,2017-07-30,5,2,1883,0.0030
d263fa444c1504a75cbca5cc465f592a,americana,SP,1,1,1,399.00,45.07,444.07,399.00,1.00,1,0,0.00,9.00,0.00,,0,0.00,1,5.00,0,0.00,0,0.00,2018-07-24,2018-07-24,1,1,1883,0.0030
fadb07c842a2aef5d5a676b85f220e71,sao jose do rio preto,SP,7,7,7,398.75,171.62,570.37,56.96,1.00,6,0,0.00,6.33,0.83,,0,0.00,7,4.71,0,0.00,1,14.29,2018-06-05,2018-08-27,6,2,1884,0.0030
73da1880b39c71de2b262bc7720c1494,sao carlos,SP,2,2,2,398.00,46.99,444.99,199.00,1.00,2,0,0.00,8.00,3.00,,0,0.00,2,5.00,0,0.00,1,50.00,2017-07-26,2018-01-09,1,1,1885,0.0030
48e954b2da4f6a750c844173b347ed40,porto alegre,RS,2,2,6,397.80,159.01,556.81,198.90,3.00,2,0,0.00,8.50,1.00,,0,0.00,2,4.50,0,0.00,0,0.00,2018-04-09,2018-05-07,2,1,1886,0.0030
c52c644cc0dc85121207a27013efc6af,tiradentes,MG,1,1,2,397.80,283.16,680.96,397.80,2.00,1,0,0.00,7.00,4.00,,0,0.00,1,5.00,0,0.00,0,0.00,2018-08-10,2018-08-10,1,1,1886,0.0030
12a8eb0f8d1cd3270695bf2a99f55966,sao paulo,SP,2,2,2,397.00,39.67,436.67,198.50,1.00,2,0,0.00,20.50,9.00,,1,50.00,2,3.50,1,50.00,1,50.00,2017-10-12,2017-12-13,2,1,1887,0.0030
62760d278921b5f352461620d68a9cee,salto,SP,3,3,3,397.00,53.10,450.10,132.33,1.00,3,1,33.33,19.67,4.00,2.00,0,0.00,3,3.67,1,33.33,1,33.33,2017-02-06,2017-02-15,2,1,1887,0.0030
41b14765bd56c8ad10971074380f9c0c,santo andre,SP,8,8,10,395.50,119.13,514.63,49.44,1.25,7,0,0.00,7.43,1.86,,1,12.50,8,4.63,1,12.50,6,75.00,2018-03-20,2018-07-29,2,1,1888,0.0030
9b76ad3d04236f76bc71c59470305e13,boituva,SP,2,2,3,394.70,61.93,456.63,197.35,1.50,1,0,0.00,4.00,1.00,,0,0.00,2,5.00,0,0.00,1,50.00,2018-07-02,2018-08-07,2,1,1889,0.0030
0249d282d911d23cb8b869ab49c99f53,sao paulo,SP,11,11,11,393.00,138.88,531.88,35.73,1.00,11,2,18.18,10.00,4.27,6.00,2,18.18,11,4.27,2,18.18,6,54.55,2017-09-18,2018-03-22,4,1,1890,0.0030
89bc797e2e29667aa035d4368f9b7f92,sao paulo,SP,16,16,19,392.40,238.04,630.44,24.53,1.19,16,3,18.75,15.50,8.63,6.33,8,50.00,16,3.88,3,18.75,9,56.25,2016-10-05,2017-04-10,12,1,1891,0.0030
bc30de0d71bd6260b936a026b5cf7200,pedreira,SP,3,3,3,392.37,90.48,482.85,130.79,1.00,3,0,0.00,12.00,5.33,,0,0.00,3,4.67,0,0.00,1,33.33,2018-04-11,2018-04-26,2,1,1892,0.0030
59cd88080b93f3c18508673122d26169,praia grande,SP,10,10,12,392.33,175.38,567.71,39.23,1.20,9,1,11.11,13.67,2.44,1.00,0,0.00,10,4.70,0,0.00,5,50.00,2017-07-26,2017-12-09,10,2,1893,0.0030
fe4cd9461203cee790d36792420b310f,caratinga,MG,3,3,3,391.15,54.38,445.53,130.38,1.00,3,0,0.00,14.33,2.00,,0,0.00,3,4.00,0,0.00,0,0.00,2017-03-13,2017-09-06,2,1,1894,0.0030
c13ef0cfbe42f190780f621ce81f2234,sao paulo sp,SP,1,1,1,390.00,61.28,451.28,390.00,1.00,1,1,100.00,28.00,19.00,6.00,1,100.00,1,3.00,0,0.00,0,0.00,2018-01-18,2018-01-18,1,1,1895,0.0029
8936ba0de1073ee888cb3185ae5dc661,sao paulo,SP,1,1,1,389.99,22.22,412.21,389.99,1.00,1,0,0.00,13.00,6.00,,0,0.00,1,5.00,0,0.00,0,0.00,2017-04-05,2017-04-05,1,1,1896,0.0029
4049512728d969bec69f84088b012416,belo horizonte,MG,7,7,9,389.84,160.43,550.27,55.69,1.29,7,0,0.00,10.43,3.14,,0,0.00,7,5.00,0,0.00,3,42.86,2017-04-23,2018-01-31,7,2,1897,0.0029
0fe2d9733ed841eb064503920015a8c0,ourinhos,SP,3,3,3,389.64,108.71,498.35,129.88,1.00,2,0,0.00,10.50,1.00,,0,0.00,3,4.67,0,0.00,0,0.00,2018-05-14,2018-07-09,3,1,1898,0.0029
a7ecf689b40a44361e259b28939023e4,vila velha,ES,1,1,1,389.00,21.91,410.91,389.00,1.00,1,0,0.00,11.00,3.00,,0,0.00,1,5.00,0,0.00,0,0.00,2018-07-13,2018-07-13,1,1,1899,0.0029
432c67955c0acd1fd6b0b5d678766a71,sao paulo,SP,1,1,1,389.00,60.65,449.65,389.00,1.00,1,0,0.00,7.00,6.00,,0,0.00,1,5.00,0,0.00,0,0.00,2016-10-08,2016-10-08,1,1,1899,0.0029
c1849d4d32d7a6cecd5aa471809d3135,santo andre,SP,3,3,3,388.98,41.73,430.71,129.66,1.00,3,0,0.00,5.33,2.67,,1,33.33,3,4.33,0,0.00,3,100.00,2018-08-04,2018-08-26,3,2,1900,0.0029
2009a095de2a2a41626f6c6d7722678d,sao jose do rio preto,SP,8,8,12,388.89,193.54,582.43,48.61,1.50,8,0,0.00,8.75,1.25,,0,0.00,8,4.38,1,12.50,5,62.50,2017-03-10,2017-10-29,4,2,1901,0.0029
b98b715fe9e276204e2a3464f48cd796,sao paulo,SP,4,4,4,388.60,50.93,439.53,97.15,1.00,4,0,0.00,11.75,6.25,,1,25.00,4,4.00,1,25.00,2,50.00,2017-02-03,2018-04-16,2,1,1902,0.0029
78ef7e885d17f35e2382a47aae8b8cce,santa cruz do sul,RS,3,3,3,388.00,65.44,453.44,129.33,1.00,3,0,0.00,8.67,4.33,,1,33.33,3,4.67,0,0.00,0,0.00,2017-02-15,2017-07-28,3,1,1903,0.0029
b6dc74ed30f124f95227bed4e43a3bed,arapongas,PR,9,9,10,387.56,164.33,551.89,43.06,1.11,9,1,11.11,18.11,7.78,7.00,3,33.33,9,4.67,0,0.00,2,22.22,2017-02-28,2017-12-05,6,1,1904,0.0029
94d76e96eedd976258cd3278ce56d5f2,sao roque,SP,1,1,1,385.61,68.56,454.17,385.61,1.00,1,0,0.00,7.00,1.00,,0,0.00,1,5.00,0,0.00,1,100.00,2018-05-09,2018-05-09,1,1,1905,0.0029
a21c11ec5c3f03e7cc9f9203bff9e1c6,santana de parnaiba,SP,3,3,4,385.00,90.88,475.88,128.33,1.33,3,0,0.00,9.33,2.67,,0,0.00,3,3.67,1,33.33,1,33.33,2018-08-03,2018-08-07,2,2,1906,0.0029
559d56f3b8f0bc2e5a9a62fe2ce2a39f,joinville,SC,2,2,2,385.00,48.72,433.72,192.50,1.00,2,1,50.00,12.50,6.00,6.00,1,50.00,2,2.50,1,50.00,1,50.00,2018-08-05,2018-08-05,2,1,1906,0.0029
a080fc8a850289b27500f6b49cca2553,sao paulo,SP,4,4,4,383.00,52.57,435.57,95.75,1.00,4,0,0.00,5.25,1.25,,0,0.00,4,4.75,0,0.00,2,50.00,2018-03-13,2018-06-25,4,2,1907,0.0029
ab27bbbad5239bc31a34709275a70db4,tatui,SP,3,3,11,382.90,102.15,485.05,127.63,3.67,3,0,0.00,8.33,4.33,,0,0.00,3,5.00,0,0.00,3,100.00,2017-10-31,2018-07-03,3,2,1908,0.0029
ea00f977a203ff88adf7057cb7806998,santos,SP,18,18,18,381.73,176.29,558.02,21.21,1.00,18,1,5.56,5.33,2.39,3.00,1,5.56,18,4.28,1,5.56,15,83.33,2018-07-02,2018-08-20,5,1,1909,0.0029
f7315bb81aea4ddca2d39e249a801c98,guarulhos,SP,2,2,2,379.80,50.28,430.08,189.90,1.00,2,0,0.00,10.00,1.00,,0,0.00,2,4.50,0,0.00,1,50.00,2018-06-14,2018-08-01,1,1,1910,0.0029
f5b44895715ddfe3087dc414f30268f3,sorocaba,SP,19,19,19,378.80,275.64,654.44,19.94,1.00,19,0,0.00,12.42,3.00,,0,0.00,19,4.00,3,15.79,10,52.63,2017-09-18,2018-07-25,17,1,1911,0.0029
bd15ee794d5e640d9dd71b665b2ab15b,ribeirao preto,SP,12,12,12,374.80,219.33,594.13,31.23,1.00,12,2,16.67,14.42,5.25,11.50,2,16.67,12,4.00,2,16.67,5,41.67,2018-03-21,2018-08-14,4,2,1912,0.0028
c24173065483e421f9e5e7f599de101d,sao paulo,SP,9,9,9,373.91,117.30,491.21,41.55,1.00,9,1,11.11,15.67,6.78,5.00,6,66.67,9,3.56,2,22.22,3,33.33,2017-07-11,2017-11-24,4,2,1913,0.0028
404e1ba01358af4cd63f679b2c4d1fa1,juiz de fora,MG,8,8,12,373.90,177.83,551.73,46.74,1.50,8,0,0.00,8.00,2.25,,0,0.00,8,5.00,0,0.00,2,25.00,2017-08-21,2018-08-16,7,3,1914,0.0028
08084d990eb3f53af056ccbc1730c8a7,sao paulo,SP,12,12,12,372.50,234.29,606.79,31.04,1.00,12,0,0.00,8.33,3.67,,3,25.00,11,4.45,0,0.00,5,41.67,2018-02-08,2018-08-14,3,1,1915,0.0028
6d988d6174a2c27441597174f8905515,maringa,PR,19,18,23,371.73,365.47,737.20,19.56,1.21,19,2,10.53,20.58,12.53,13.50,13,68.42,19,4.11,3,15.79,2,10.53,2017-04-02,2018-08-09,6,2,1916,0.0028
0bfd0b434243adc5c2e1aa6baf19c6aa,rio de janeiro,RJ,6,6,6,371.20,65.79,436.99,61.87,1.00,6,0,0.00,8.50,1.50,,0,0.00,6,3.67,1,16.67,2,33.33,2017-10-23,2018-02-03,6,5,1917,0.0028
70125af26c2d6d4ef401a1d02ae7701f,goiania,GO,5,5,8,371.20,258.42,629.62,74.24,1.60,5,0,0.00,10.40,2.00,,0,0.00,5,4.60,0,0.00,1,20.00,2018-07-03,2018-08-18,3,1,1917,0.0028
4dbd95a08b31ede5c82d3f861cb1ce1a,curitiba,PR,4,4,4,370.78,93.14,463.92,92.70,1.00,4,0,0.00,12.00,3.75,,1,25.00,4,4.75,0,0.00,0,0.00,2017-05-21,2017-11-13,4,2,1918,0.0028
0f0c984a4a955310903b6b6008660bad,franca,SP,4,4,4,369.81,111.57,481.38,92.45,1.00,4,0,0.00,14.25,1.75,,0,0.00,4,3.75,1,25.00,2,50.00,2018-04-24,2018-05-27,4,2,1919,0.0028
131fcb0a0c9a47bba4474aacff0f14b7,sao paulo,SP,4,4,4,369.80,36.61,406.41,92.45,1.00,4,0,0.00,4.00,2.00,,0,0.00,4,4.00,0,0.00,4,100.00,2018-06-03,2018-08-09,2,1,1920,0.0028
916748bc99315c2d202898ae58b1617e,sorocaba,SP,25,25,32,369.40,377.11,746.51,14.78,1.28,25,0,0.00,10.48,4.16,,3,12.00,25,4.28,2,8.00,16,64.00,2017-02-12,2017-11-25,5,3,1921,0.0028
63191ead8d3b2f937cd1996fdcbbad20,jundiai,SP,1,1,1,367.00,53.29,420.29,367.00,1.00,1,0,0.00,12.00,3.00,,0,0.00,1,5.00,0,0.00,0,0.00,2018-08-10,2018-08-10,1,1,1922,0.0028
499ec63c58e51296c9cf57edcfe1c8a8,sao paulo,SP,5,5,5,365.00,47.93,412.93,73.00,1.00,5,0,0.00,5.20,1.20,,0,0.00,5,4.80,0,0.00,4,80.00,2018-04-11,2018-06-03,1,1,1923,0.0028
f12d3c2a14729ae461b920c11fe20fdc,santo andre,SP,9,9,11,364.45,94.87,459.32,40.49,1.22,8,0,0.00,4.25,1.63,,0,0.00,9,4.44,0,0.00,8,88.89,2018-05-03,2018-07-31,4,2,1924,0.0028
4e85b538b0dad58852641540686d0e14,sao jose dos campos,SP,4,4,4,361.98,74.36,436.34,90.50,1.00,4,2,50.00,17.00,5.75,5.50,2,50.00,4,3.75,1,25.00,2,50.00,2017-07-27,2018-06-25,4,2,1925,0.0027
35ef5aa32949680f627efec3c23e705c,sombrio,SC,4,4,5,361.60,156.81,518.41,90.40,1.25,4,0,0.00,11.25,5.00,,1,25.00,4,3.75,1,25.00,0,0.00,2017-03-28,2017-07-11,3,1,1926,0.0027
a435b009cd956ea60748b5cfbddf2e24,franca,SP,3,3,3,361.18,45.21,406.39,120.39,1.00,3,1,33.33,30.33,9.00,21.00,1,33.33,3,4.33,0,0.00,1,33.33,2017-05-09,2017-07-26,2,2,1927,0.0027
b56828a9f9027f3c918c04ca720d9e3c,praia grande,SP,3,3,3,360.00,111.61,471.61,120.00,1.00,3,1,33.33,16.67,11.00,9.00,2,66.67,3,2.67,1,33.33,2,66.67,2017-10-03,2018-05-02,2,1,1928,0.0027
76de363de16dacc923eec8daf91df504,xaxim,SC,2,2,2,360.00,50.42,410.42,180.00,1.00,2,0,0.00,13.50,2.50,,0,0.00,2,2.50,1,50.00,0,0.00,2017-09-22,2018-03-21,2,2,1928,0.0027
fa14641f57b655e933124a9ea49cd7a5,sao paulo,SP,7,7,7,359.93,83.06,442.99,51.42,1.00,7,0,0.00,7.00,2.57,,0,0.00,7,4.57,0,0.00,3,42.86,2017-05-19,2018-02-05,6,3,1929,0.0027
1e8c6a4c538f286aee9573239740a4b4,itatiba,SP,5,5,5,359.70,87.12,446.82,71.94,1.00,5,0,0.00,7.40,1.80,,0,0.00,5,3.80,1,20.00,3,60.00,2018-04-10,2018-08-13,5,3,1930,0.0027
03bd479e1d9484cdb14104d3023f7321,uberlandia,MG,3,3,3,359.70,57.72,417.42,119.90,1.00,3,0,0.00,20.33,5.33,,0,0.00,3,4.33,0,0.00,1,33.33,2018-05-09,2018-07-24,3,1,1930,0.0027
184725737946a1a938bbbd1a9e978103,maua,SP,3,3,3,359.70,43.87,403.57,119.90,1.00,3,0,0.00,8.67,1.33,,0,0.00,3,4.67,0,0.00,1,33.33,2018-08-12,2018-08-21,2,2,1930,0.0027
51209b446b2073894bdc0face6c73ffc,vila velha,ES,2,2,4,359.60,79.28,438.88,179.80,2.00,2,0,0.00,10.00,1.00,,0,0.00,1,4.00,0,0.00,0,0.00,2018-06-13,2018-07-19,1,1,1931,0.0027
3076499bbc033a927bf4a8a41bcf7fd4,auriflama,SP,7,7,9,359.33,124.30,483.63,51.33,1.29,7,0,0.00,7.29,2.71,,0,0.00,7,4.29,1,14.29,5,71.43,2018-05-03,2018-08-22,7,2,1932,0.0027
ffff564a4f9085cd26170f4732393726,campinas,SP,8,8,8,359.00,115.35,474.35,44.88,1.00,8,0,0.00,12.75,7.50,,1,12.50,8,3.25,3,37.50,5,62.50,2016-10-07,2017-01-24,6,3,1933,0.0027
173d56ffbd4c56cb80fc3615487d712b,sao vicente,SP,2,2,2,358.00,39.61,397.61,179.00,1.00,2,0,0.00,6.50,1.50,,0,0.00,2,5.00,0,0.00,1,50.00,2018-08-18,2018-08-20,1,1,1934,0.0027
f44bdc12aa39f5271f0b95f66cd4c289,braganca paulista,SP,5,5,7,357.50,74.57,432.07,71.50,1.40,5,1,20.00,11.60,2.80,2.00,0,0.00,5,3.20,2,40.00,4,80.00,2017-11-20,2018-08-07,4,1,1935,0.0027
9dd59e43f0c9f0553244e8f9c2fb247e,foz do iguacu,PR,10,10,10,356.30,151.82,508.12,35.63,1.00,10,1,10.00,13.10,2.60,2.00,1,10.00,10,4.80,0,0.00,1,10.00,2017-10-15,2018-01-23,8,1,1936,0.0027
24c1de8d9551c0b4fbc53317d53efda8,serra redonda,PB,1,1,1,355.00,57.12,412.12,355.00,1.00,1,0,0.00,13.00,5.00,,1,100.00,1,5.00,0,0.00,0,0.00,2017-02-01,2017-02-01,1,1,1937,0.0027
761681a821d8275bc79f552116d06869,sao paulo,SP,3,3,3,354.92,159.98,514.90,118.31,1.00,2,0,0.00,10.00,1.50,,0,0.00,3,5.00,0,0.00,1,33.33,2018-04-23,2018-07-25,3,2,1938,0.0027
9b00cad94ef3078faf6fba2e792c158f,janauba,MG,1,1,1,354.90,18.92,373.82,354.90,1.00,1,0,0.00,19.00,0.00,,0,0.00,1,5.00,0,0.00,0,0.00,2017-12-20,2017-12-20,1,1,1939,0.0027
8fd3b4468f6425810648177996c14cbd,sao jose do rio preto,SP,1,1,1,354.90,21.67,376.57,354.90,1.00,1,0,0.00,10.00,6.00,,0,0.00,1,5.00,0,0.00,0,0.00,2018-06-13,2018-06-13,1,1,1939,0.0027
a2fa0bdc798ee84cdb08281337cf4fb6,florianopolis,SC,8,8,11,354.86,187.11,541.97,44.36,1.38,8,0,0.00,18.13,9.13,,6,75.00,8,4.75,0,0.00,1,12.50,2017-03-08,2018-01-15,6,1,1940,0.0027
44f091b5abab8018f682fce8124b85e5,sao paulo,SP,3,3,3,354.40,34.78,389.18,118.13,1.00,3,2,66.67,15.00,11.33,2.50,2,66.67,3,3.67,1,33.33,3,100.00,2017-09-11,2017-11-13,3,1,1941,0.0027
b88e7c57cb2d8b973b7dd4a2bfa14b36,curitiba,PR,4,4,4,353.90,65.77,419.67,88.48,1.00,4,0,0.00,9.25,0.75,,0,0.00,4,4.25,0,0.00,0,0.00,2017-05-21,2017-12-01,3,1,1942,0.0027
de66a66f2dd06bb9ec37aa96987466a3,rio de janeiro,RJ,7,7,8,353.32,115.66,468.98,50.47,1.14,7,0,0.00,15.43,7.00,,5,71.43,7,4.14,1,14.29,1,14.29,2016-10-10,2017-02-04,2,2,1943,0.0027
b67d6c666e8dce1d078c882825e12704,sao paulo,SP,7,7,8,352.84,104.19,457.03,50.41,1.14,7,0,0.00,7.43,2.86,,0,0.00,7,4.86,0,0.00,4,57.14,2018-07-06,2018-08-08,6,2,1944,0.0027
52092ddbd3a58c450a4459bf051b2287,dois corregos,SP,6,6,6,351.70,75.35,427.05,58.62,1.00,6,0,0.00,12.83,1.50,,0,0.00,6,4.33,1,16.67,4,66.67,2017-11-11,2018-03-27,4,1,1945,0.0027
e53d5b9b29d1218281f4a907ada18626,toledo,PR,4,4,5,350.67,133.25,483.92,87.67,1.25,4,0,0.00,6.25,2.00,,0,0.00,4,4.75,0,0.00,0,0.00,2018-07-20,2018-08-20,4,1,1946,0.0027
b7d5b4b87af9d42b601865d3f3810bff,florianopolis,SC,1,1,1,350.00,20.69,370.69,350.00,1.00,1,0,0.00,9.00,4.00,,0,0.00,1,3.00,0,0.00,0,0.00,2017-05-06,2017-05-06,1,1,1947,0.0026
97e4a63591ca439a2b8b7efd20e6e19e,rio de janeiro,RJ,5,5,5,349.95,78.55,428.50,69.99,1.00,5,0,0.00,6.40,2.60,,0,0.00,5,4.40,0,0.00,3,60.00,2018-02-23,2018-08-16,2,1,1948,0.0026
52bb00821bcdd358a5a5a27e1f6be5a1,osasco,SP,2,2,2,349.80,38.63,388.43,174.90,1.00,2,0,0.00,16.00,4.00,,0,0.00,2,4.50,0,0.00,0,0.00,2018-01-17,2018-04-11,2,1,1949,0.0026
079d295dcbf06ee8bb1b65ba964eb2b6,sao paulo,SP,5,5,10,349.30,190.79,540.09,69.86,2.00,5,0,0.00,8.20,1.20,,0,0.00,5,4.60,0,0.00,2,40.00,2018-06-25,2018-08-09,3,1,1950,0.0026
27a56ff04b34c2ba34ce6ba4d3b9d616,campinas,SP,8,8,8,349.29,102.98,452.27,43.66,1.00,8,1,12.50,12.88,3.25,10.00,0,0.00,8,4.13,1,12.50,4,50.00,2017-04-05,2017-10-13,7,2,1951,0.0026
249f0e9905a6e06ad6c6bea7547ab9f6,rio de janeiro,RJ,3,3,3,347.95,39.04,386.99,115.98,1.00,3,0,0.00,6.00,2.67,,0,0.00,3,3.67,1,33.33,1,33.33,2018-06-25,2018-08-03,3,2,1952,0.0026
79565f7d5603b24ddf07ade262547f2f,araraquara,SP,7,7,7,346.00,98.11,444.11,49.43,1.00,7,2,28.57,13.43,1.29,1.00,0,0.00,7,4.43,1,14.29,4,57.14,2017-02-07,2017-05-24,5,3,1953,0.0026
918717417d88a9f9ae9735567e6c7682,sao paulo,SP,4,4,4,345.70,43.52,389.22,86.43,1.00,4,0,0.00,8.25,4.00,,1,25.00,4,5.00,0,0.00,3,75.00,2017-12-19,2018-02-27,3,3,1954,0.0026
48efc9d94a9834137efd9ea76b065a38,curitiba,PR,33,18,34,345.60,320.40,666.00,10.47,1.03,33,0,0.00,10.73,5.36,,28,84.85,33,5.00,0,0.00,31,93.94,2016-12-23,2017-01-26,17,8,1955,0.0026
a37c340b91cb0169e8b029db6440fba2,sao paulo,SP,5,5,5,345.00,94.95,439.95,69.00,1.00,5,0,0.00,10.80,4.60,,1,20.00,5,4.80,0,0.00,2,40.00,2017-06-26,2017-09-14,1,1,1956,0.0026
38af8acfd46ac4a7bf754e8ca6736664,sao paulo,SP,5,5,5,345.00,52.94,397.94,69.00,1.00,5,0,0.00,6.20,2.80,,0,0.00,5,4.80,0,0.00,3,60.00,2017-11-27,2018-02-14,2,1,1956,0.0026
f5fea3ffed6c2e889bab72705557c63a,rio de janeiro,RJ,1,1,1,345.00,123.80,468.80,345.00,1.00,1,1,100.00,29.00,22.00,1.00,1,100.00,1,5.00,0,0.00,0,0.00,2017-04-18,2017-04-18,1,1,1956,0.0026
26b482dccfa29bd2e40703ba45523702,santa barbara d´oeste,SP,3,3,4,344.78,67.63,412.41,114.93,1.33,3,0,0.00,3.33,1.00,,0,0.00,3,5.00,0,0.00,1,33.33,2018-07-31,2018-08-20,3,2,1957,0.0026
3985a3c45be355a4c57fde108bfabd1c,rolante,RS,7,7,8,344.20,172.00,516.20,49.17,1.14,7,0,0.00,11.43,1.57,,0,0.00,7,4.00,1,14.29,1,14.29,2017-01-27,2017-06-19,5,1,1958,0.0026
7957cac1a02f45d0a4a7e45626382ec2,curitiba,PR,1,1,1,343.00,21.64,364.64,343.00,1.00,1,0,0.00,26.00,19.00,,1,100.00,1,4.00,0,0.00,0,0.00,2017-09-08,2017-09-08,1,1,1959,0.0026
2a73cba571d90c694b7caca072ccf6ce,sao caetano do sul,SP,1,1,2,342.78,38.70,381.48,342.78,2.00,1,0,0.00,21.00,12.00,,1,100.00,1,5.00,0,0.00,0,0.00,2018-07-26,2018-07-26,1,1,1960,0.0026
6219ba2359cfb97f2e38fd4c321eb309,sao paulo,SP,5,5,5,342.60,82.55,425.15,68.52,1.00,4,3,75.00,28.25,19.25,11.00,4,80.00,4,4.00,1,25.00,2,40.00,2017-09-19,2018-06-29,4,1,1961,0.0026
b9ec22de23f18567de0e09d776ca0309,brasilia,DF,2,2,2,341.98,40.49,382.47,170.99,1.00,2,0,0.00,6.50,2.00,,0,0.00,2,5.00,0,0.00,0,0.00,2018-06-22,2018-08-14,2,1,1962,0.0026
89de2d6f23e9746ff309705b23581faa,londrina,PR,8,8,8,340.00,160.08,500.08,42.50,1.00,7,0,0.00,9.86,4.86,,0,0.00,7,2.71,4,57.14,0,0.00,2018-07-16,2018-08-03,4,1,1963,0.0026
ae8bfdbf1c2a2a2dee92d799db0a31c6,toledo,PR,8,8,8,339.92,146.22,486.14,42.49,1.00,8,0,0.00,9.13,2.00,,0,0.00,8,4.13,0,0.00,0,0.00,2017-02-15,2017-05-15,6,4,1964,0.0026
6650fcccd8cd2f7e55ffa524f30c4c59,sao paulo,SP,2,2,2,339.80,96.31,436.11,169.90,1.00,2,0,0.00,8.00,4.00,,0,0.00,2,3.00,1,50.00,1,50.00,2017-09-05,2017-10-06,2,1,1965,0.0026
2f4b0d3b9634b647d4edee577d7ebb7e,sao paulo,SP,10,10,11,337.90,84.41,422.31,33.79,1.10,10,0,0.00,6.00,4.10,,1,10.00,10,4.90,0,0.00,10,100.00,2018-01-26,2018-03-10,3,2,1966,0.0026
e627629ba868740e287800f1a9be81c2,sao paulo,SP,11,11,11,337.10,109.56,446.66,30.65,1.00,11,0,0.00,7.00,2.09,,0,0.00,11,4.91,0,0.00,8,72.73,2017-02-03,2017-07-13,11,3,1967,0.0025
0743a0239d764b9a0f959a57d07e36ab,sao paulo,SP,4,4,4,336.96,66.26,403.22,84.24,1.00,4,0,0.00,5.25,1.75,,0,0.00,4,4.75,0,0.00,2,50.00,2018-07-24,2018-08-04,2,2,1968,0.0025
c8660dcf9ba70575f45d80fe28c27713,sao paulo,SP,4,4,7,335.00,103.99,438.99,83.75,1.75,4,1,25.00,15.00,2.50,1.00,0,0.00,4,4.50,0,0.00,0,0.00,2017-02-07,2017-03-20,2,2,1969,0.0025
a64e44665225d19dfc0277eeeaaccc57,sao paulo,SP,6,6,6,335.00,91.76,426.76,55.83,1.00,6,0,0.00,7.83,2.50,,0,0.00,6,5.00,0,0.00,4,66.67,2018-06-22,2018-08-22,3,1,1969,0.0025
333c4210e76a1aa2ab817b99437e3ff1,vargem grande do sul,SP,2,2,2,335.00,67.43,402.43,167.50,1.00,2,0,0.00,7.00,0.50,,0,0.00,2,5.00,0,0.00,0,0.00,2018-07-17,2018-08-10,2,1,1969,0.0025
2c538755f1ca9540af144f266e70df6c,castro pires,MG,1,1,1,334.99,24.92,359.91,334.99,1.00,1,0,0.00,6.00,2.00,,0,0.00,1,5.00,0,0.00,0,0.00,2018-05-12,2018-05-12,1,1,1970,0.0025
61b18775be84fb700a6b2d0ba097bf66,araraquara,SP,4,4,5,334.50,101.51,436.01,83.63,1.25,4,0,0.00,10.50,2.50,,0,0.00,4,4.75,0,0.00,2,50.00,2018-04-16,2018-08-21,4,1,1971,0.0025
7c4618c82226628831613e95e9c22f44,sao roque,SP,13,13,13,333.93,165.54,499.47,25.69,1.00,12,1,8.33,11.00,2.83,2.00,1,7.69,13,4.08,2,15.38,7,53.85,2017-12-14,2018-08-17,5,1,1972,0.0025
ce616e1913288884e7742faac9d981db,cotia,SP,14,14,22,333.30,260.15,593.45,23.81,1.57,14,1,7.14,6.79,1.93,4.00,2,14.29,14,4.43,0,0.00,9,64.29,2018-05-19,2018-08-21,8,1,1973,0.0025
c113b8df1fc375bc3d73d29c1b1144d1,sao paulo,SP,3,3,5,333.00,67.87,400.87,111.00,1.67,3,0,0.00,6.67,1.00,,0,0.00,3,4.33,0,0.00,1,33.33,2017-06-15,2017-08-02,2,1,1974,0.0025
d36b07fd3c5088e477a72d1fccfe29d4,itapetininga,SP,1,1,1,328.90,10.96,339.86,328.90,1.00,1,0,0.00,13.00,2.00,,0,0.00,1,5.00,0,0.00,1,100.00,2017-05-06,2017-05-06,1,1,1975,0.0025
f18112da765e0971ca5d510dec322bdd,brusque,SC,2,2,2,327.80,82.95,410.75,163.90,1.00,2,0,0.00,18.00,1.50,,0,0.00,2,4.00,0,0.00,0,0.00,2018-01-01,2018-01-02,2,1,1976,0.0025
4b98b0428fc1932cc2514ef9ce2505e6,taboao da serra,SP,2,2,2,327.63,35.80,363.43,163.82,1.00,2,1,50.00,22.50,2.00,11.00,0,0.00,2,2.00,1,50.00,0,0.00,2017-09-11,2017-11-16,2,1,1977,0.0025
6c1b6d0c604b776f844125f911eb7377,sao paulo,SP,4,4,4,327.07,56.14,383.21,81.77,1.00,4,0,0.00,17.50,10.75,,2,50.00,4,4.00,0,0.00,2,50.00,2017-02-01,2017-02-24,3,3,1978,0.0025
08d0949a9a17c027262db1f3c450c26c,cascavel,PR,12,12,12,324.80,233.04,557.84,27.07,1.00,12,0,0.00,14.25,4.17,,3,25.00,12,3.71,3,25.00,1,8.33,2017-08-21,2018-08-23,9,1,1979,0.0025
6bd503a8230299c9316fb0f726933927,morrinhos,GO,4,4,5,324.29,129.60,453.89,81.07,1.25,3,1,33.33,9.33,3.33,1.00,1,25.00,4,4.75,0,0.00,1,25.00,2018-07-13,2018-08-17,5,2,1980,0.0025
7dea6f73af847b42cc3985bd620f994d,cascavel,PR,2,2,2,324.00,56.17,380.17,162.00,1.00,2,0,0.00,5.50,2.50,,0,0.00,2,4.00,0,0.00,0,0.00,2018-08-04,2018-08-24,2,1,1981,0.0025
0747d5bb69f0586cc869d8af4c50f93e,saquarema,RJ,12,12,13,322.80,181.44,504.24,26.90,1.08,12,1,8.33,14.17,5.67,7.00,4,33.33,12,3.75,3,25.00,4,33.33,2016-10-06,2017-06-03,9,1,1982,0.0024
92d14edfb62ee5ae7fdff70b0f4e7233,sao bernardo do campo,SP,8,8,13,322.00,165.65,487.65,40.25,1.63,8,0,0.00,8.13,2.38,,0,0.00,8,3.38,2,25.00,5,62.50,2017-09-11,2018-04-04,5,3,1983,0.0024
a81466620e46a6970b22ef40379fdfc9,sao ludgero,SC,2,2,2,321.80,32.98,354.78,160.90,1.00,2,0,0.00,7.00,0.00,,0,0.00,2,5.00,0,0.00,1,50.00,2017-10-11,2017-10-13,1,1,1984,0.0024
7b7ed56ae755e2880f2b69632e839c1e,goiania,GO,5,5,5,321.50,135.10,456.60,64.30,1.00,5,0,0.00,7.20,1.60,,0,0.00,5,4.20,0,0.00,0,0.00,2018-08-07,2018-08-15,4,1,1985,0.0024
d149de2f383552baea37a7198c2296ce,sao paulo,SP,3,3,3,320.70,33.67,354.37,106.90,1.00,3,0,0.00,5.00,2.00,,1,33.33,3,5.00,0,0.00,2,66.67,2018-08-20,2018-08-27,2,1,1986,0.0024
d2f3e277560ed4c6361284429b00f037,atibaia,SP,7,7,7,320.55,134.11,454.66,45.79,1.00,7,0,0.00,8.00,2.14,,0,0.00,7,4.71,0,0.00,2,28.57,2017-07-08,2017-10-08,7,2,1987,0.0024
eb9267cccc90f1b49c8d2f9887c7dd97,recife,PE,1,1,1,319.90,26.37,346.27,319.90,1.00,1,0,0.00,8.00,1.00,,0,0.00,1,5.00,0,0.00,0,0.00,2018-05-06,2018-05-06,1,1,1988,0.0024
883dd81e82754ac2c65e9790a7db8c9a,curitiba,PR,5,5,5,319.50,74.96,394.46,63.90,1.00,5,0,0.00,7.20,1.80,,0,0.00,5,4.40,1,20.00,1,20.00,2017-10-23,2018-06-23,4,2,1989,0.0024
c611f4ce9ce875bcc063fa97fd4d7d12,atibaia,SP,1,1,1,319.00,13.25,332.25,319.00,1.00,1,1,100.00,4.00,1.00,1.00,0,0.00,1,4.00,0,0.00,1,100.00,2018-07-31,2018-07-31,1,1,1990,0.0024
1e9d5a33694bddb76316fd1f54734d20,jaciara,MT,2,2,2,318.00,150.94,468.94,159.00,1.00,2,0,0.00,12.00,4.50,,0,0.00,2,4.50,0,0.00,0,0.00,2018-07-18,2018-08-17,2,1,1991,0.0024
57d2ba47f7a3209aa347532ae75c1165,sao bento do sul,SC,2,2,2,318.00,140.24,458.24,159.00,1.00,2,0,0.00,15.50,5.50,,0,0.00,2,4.00,0,0.00,1,50.00,2018-06-21,2018-07-18,2,1,1991,0.0024
2d22fc3089eb907b29ebff50581fb472,macae,RJ,3,3,3,317.70,59.69,377.39,105.90,1.00,3,0,0.00,9.67,1.00,,0,0.00,3,3.67,0,0.00,0,0.00,2018-04-13,2018-04-29,1,1,1992,0.0024
ea4e9ce63a2134743b4a92777437fcdd,palhoca,SC,3,3,4,316.60,65.70,382.30,105.53,1.33,3,0,0.00,10.00,4.00,,0,0.00,3,4.67,0,0.00,0,0.00,2018-04-15,2018-08-21,3,1,1993,0.0024
9cf787a239c1aa29dbd76f153dc13f9a,franca,SP,4,4,4,316.00,52.40,368.40,79.00,1.00,4,0,0.00,6.25,1.25,,0,0.00,4,4.75,0,0.00,4,100.00,2018-06-05,2018-08-16,2,1,1994,0.0024
cf1313c6e2c01c2f4b014f97db4bcd2b,rio de janeiro \rio de janeiro,RJ,5,5,5,315.70,81.30,397.00,63.14,1.00,5,0,0.00,8.40,2.20,,0,0.00,5,5.00,0,0.00,2,40.00,2018-06-15,2018-08-06,3,2,1995,0.0024
3b18f9856c6eb2413eafedb58e9eecd9,santo andre,SP,1,1,1,315.00,20.09,335.09,315.00,1.00,1,0,0.00,9.00,5.00,,0,0.00,1,5.00,0,0.00,0,0.00,2018-04-11,2018-04-11,1,1,1996,0.0024
da20530872245d6cd9d2f5725613c430,igrejinha,RS,2,2,3,314.96,79.26,394.22,157.48,1.50,2,0,0.00,10.50,3.00,,0,0.00,2,4.50,0,0.00,0,0.00,2017-10-18,2017-10-26,2,1,1997,0.0024
12c2ed9cded6138cf0c75f525f565fc7,praia grande,SP,4,4,4,314.96,51.05,366.01,78.74,1.00,4,1,25.00,13.25,3.50,1.00,0,0.00,4,4.25,0,0.00,3,75.00,2017-11-09,2018-08-03,4,3,1997,0.0024
9ac4f14370b1e24ddc58be041b7f99df,jaragua,GO,5,5,5,314.51,122.14,436.65,62.90,1.00,5,0,0.00,9.00,1.80,,0,0.00,5,4.40,0,0.00,0,0.00,2018-02-24,2018-07-05,5,3,1998,0.0024
8c9348f33ae3dada25c99c99ade2af78,carapicuiba,SP,2,2,2,312.99,51.94,364.93,156.50,1.00,2,0,0.00,10.00,2.00,,0,0.00,2,5.00,0,0.00,0,0.00,2018-06-19,2018-07-26,2,2,1999,0.0024
3afc536624bc2e65bddfb5db33cc01f3,belo horizonte,MG,6,6,6,312.00,107.07,419.07,52.00,1.00,6,0,0.00,9.83,3.17,,0,0.00,6,3.50,2,33.33,2,33.33,2018-01-23,2018-06-12,1,1,2000,0.0024
1acde099eb406aa220b1169b188b42da,sao paulo,SP,9,9,10,311.10,147.40,458.50,34.57,1.11,9,0,0.00,12.00,1.89,,0,0.00,9,4.22,1,11.11,4,44.44,2017-09-10,2017-11-06,9,1,2001,0.0024
df47da4ae86fa4db890d05aaf24e21d8,sao paulo,SP,5,4,5,310.50,77.18,387.68,62.10,1.00,5,0,0.00,7.00,2.00,,0,0.00,5,4.20,1,20.00,1,20.00,2018-07-23,2018-08-23,2,2,2002,0.0023
ad87df7699e83b8a91822a4a0b765c3a,jaguariuna,SP,5,5,6,309.90,79.38,389.28,61.98,1.20,5,0,0.00,11.00,2.80,,0,0.00,5,4.00,0,0.00,2,40.00,2017-03-21,2017-06-25,5,2,2003,0.0023
ba89796db68db180bd389de96b2ff3b6,sao paulo,SP,2,2,2,309.80,43.46,353.26,154.90,1.00,2,0,0.00,8.50,2.00,,0,0.00,2,5.00,0,0.00,1,50.00,2018-07-13,2018-07-29,2,2,2004,0.0023
0cab2da43793a6f3c5ed8514c5f54627,curitiba,PR,3,3,3,309.70,57.20,366.90,103.23,1.00,2,0,0.00,4.50,0.50,,0,0.00,3,5.00,0,0.00,1,33.33,2018-05-11,2018-07-27,2,2,2005,0.0023
ebd1417732defaf66c50b5a800eb293e,londrina,PR,1,1,1,309.00,16.33,325.33,309.00,1.00,1,0,0.00,6.00,0.00,,0,0.00,1,5.00,0,0.00,0,0.00,2017-03-28,2017-03-28,1,1,2006,0.0023
152ee17e4c8aaf53dac99f3462e4999b,garuva,SC,6,6,6,308.96,95.97,404.93,51.49,1.00,6,0,0.00,10.50,2.83,,0,0.00,6,4.33,0,0.00,1,16.67,2017-07-14,2017-10-14,3,2,2007,0.0023
1b45169b635ef59425637e9a33eb5fb3,maringa,PR,7,7,8,308.90,110.45,419.35,44.13,1.14,7,0,0.00,7.86,2.86,,0,0.00,7,4.57,1,14.29,0,0.00,2018-02-13,2018-08-15,6,4,2008,0.0023
dbbcfe2c8d026742134ac3e28ccde274,curitiba,PR,4,4,4,308.59,54.38,362.97,77.15,1.00,4,0,0.00,8.00,3.50,,0,0.00,4,4.00,1,25.00,1,25.00,2017-07-25,2018-06-06,4,1,2009,0.0023
b127efdabeffb5d559349c7b172eb75d,sao paulo,SP,10,10,10,308.50,112.77,421.27,30.85,1.00,10,1,10.00,10.10,2.10,1.00,0,0.00,10,4.80,0,0.00,2,20.00,2017-01-26,2017-05-17,10,1,2010,0.0023
85cc55e048b6bcc90c75afe7f0e72f72,barra mansa,RJ,9,9,9,308.28,193.48,501.76,34.25,1.00,8,2,25.00,13.63,1.50,11.50,0,0.00,9,4.44,1,11.11,3,33.33,2018-05-07,2018-07-25,6,5,2011,0.0023
a7a9b880c49781da66651ccf4ba9ac38,itirapina,SP,3,3,4,307.60,65.47,373.07,102.53,1.33,1,0,0.00,8.00,2.00,,0,0.00,3,3.67,0,0.00,2,66.67,2018-05-16,2018-07-06,4,1,2012,0.0023
9c3c24eca51c52b91c1de727d2a2ae06,caxias do sul,RS,6,6,6,307.50,113.66,421.16,51.25,1.00,6,0,0.00,10.50,4.00,,2,33.33,6,4.50,0,0.00,1,16.67,2016-10-10,2018-05-21,3,2,2013,0.0023
48bad451945f5227341793478d6353ea,sao paulo,SP,3,3,3,307.00,77.49,384.49,102.33,1.00,3,1,33.33,22.00,11.00,5.00,2,66.67,3,4.00,0,0.00,1,33.33,2017-02-16,2017-12-26,2,2,2014,0.0023
e94b64dc6979b302a5a5be1662c83bb6,itapecerica da serra,SP,2,2,2,306.89,31.74,338.63,153.45,1.00,2,0,0.00,9.00,3.00,,0,0.00,2,5.00,0,0.00,1,50.00,2018-07-01,2018-07-03,2,1,2015,0.0023
bc39d8938f90a3a2b98193723ed59774,cajamar,SP,2,2,2,306.80,22.31,329.11,153.40,1.00,2,0,0.00,4.50,2.50,,0,0.00,1,4.00,0,0.00,2,100.00,2018-04-26,2018-06-21,1,1,2016,0.0023
6d2f2e3b539480db1e0842b3a4e32e6e,guarulhos,SP,3,3,6,305.96,168.30,474.26,101.99,2.00,3,0,0.00,6.33,4.67,,0,0.00,3,3.67,1,33.33,3,100.00,2017-06-09,2017-06-22,2,1,2017,0.0023
085f6f7e049c996695fb2074fe38d45e,taubate,SP,6,6,8,305.40,130.56,435.96,50.90,1.33,6,0,0.00,10.33,3.33,,0,0.00,6,4.00,1,16.67,2,33.33,2018-02-26,2018-05-02,6,5,2018,0.0023
c76d418370990614e89e956c7a7567d9,taboao da serra,SP,2,2,2,305.24,64.53,369.77,152.62,1.00,2,0,0.00,10.50,2.50,,0,0.00,2,3.50,0,0.00,0,0.00,2017-08-11,2017-09-12,1,1,2019,0.0023
51f108f62cb87d61918159902c8f8583,cascavel,PR,3,3,3,303.73,75.03,378.76,101.24,1.00,3,0,0.00,5.67,1.00,,0,0.00,3,4.33,0,0.00,0,0.00,2018-07-24,2018-08-19,2,1,2020,0.0023
3d01d1c414c44b5943a09619ff3853cb,campinas,SP,4,4,4,303.60,73.22,376.82,75.90,1.00,4,0,0.00,13.75,2.00,,0,0.00,4,4.50,0,0.00,0,0.00,2017-07-05,2017-07-12,1,1,2021,0.0023
ad75519a07f039025e83795a4418470f,santa terezinha de goias,GO,3,3,9,302.10,115.82,417.92,100.70,3.00,3,0,0.00,9.33,2.00,,0,0.00,3,3.67,1,33.33,1,33.33,2018-01-26,2018-08-15,3,1,2022,0.0023
a3082f442524a1be452e3189e003b361,curitiba,SP,3,3,4,301.60,97.65,399.25,100.53,1.33,3,0,0.00,11.67,4.33,,0,0.00,3,4.33,0,0.00,0,0.00,2017-07-10,2018-08-09,3,1,2023,0.0023
2b3b9ce054da76a7428df143a567b156,sao paulo,SP,5,5,6,301.00,62.28,363.28,60.20,1.20,5,0,0.00,8.00,2.40,,0,0.00,5,3.60,1,20.00,2,40.00,2018-06-17,2018-08-19,3,1,2024,0.0023
6179a28a13a726c29b3bf54c070dccab,varginha,MG,1,1,1,300.00,61.27,361.27,300.00,1.00,1,0,0.00,25.00,1.00,,0,0.00,1,5.00,0,0.00,0,0.00,2017-07-06,2017-07-06,1,1,2025,0.0023
3a3e46d10f74d8a6ca76e2b538f106a0,sao paulo,SP,2,2,5,299.90,66.67,366.57,149.95,2.50,2,0,0.00,19.50,3.00,,0,0.00,2,4.50,0,0.00,1,50.00,2018-02-05,2018-05-25,2,1,2026,0.0023
2b402d5dc42554061f8ea98d1916f148,irece,BA,1,1,1,299.89,63.90,363.79,299.89,1.00,1,0,0.00,6.00,2.00,,0,0.00,1,5.00,0,0.00,0,0.00,2018-04-28,2018-04-28,1,1,2027,0.0023
69a43819c758c65a5befb0b471c954d7,apucarana,PR,2,2,3,299.85,100.91,400.76,149.93,1.50,2,0,0.00,13.00,2.00,,0,0.00,2,4.00,0,0.00,0,0.00,2017-06-15,2017-09-16,3,1,2028,0.0023
ea3ebea5317b0efbc663ecc8ce5e9bc2,florianopolis,SC,3,3,3,299.70,57.65,357.35,99.90,1.00,3,0,0.00,9.00,1.00,,0,0.00,3,4.00,0,0.00,0,0.00,2018-05-03,2018-05-20,3,1,2029,0.0023
6d1b9c9579132c87d2703ec38c30f2c5,curitiba,PR,4,4,4,299.69,67.70,367.39,74.92,1.00,4,0,0.00,9.50,1.75,,0,0.00,4,4.50,0,0.00,0,0.00,2017-02-21,2017-07-01,3,2,2030,0.0023
71593c7413973a1e160057b80d4958f6,sao paulo / sao paulo,SP,2,2,5,299.50,45.85,345.35,149.75,2.50,2,0,0.00,9.00,8.00,,1,50.00,2,3.00,1,50.00,2,100.00,2018-08-03,2018-08-16,2,2,2031,0.0023
b76f4d90e85657a240495c876313adc5,hortolandia,SP,1,1,1,299.00,19.30,318.30,299.00,1.00,1,0,0.00,3.00,2.00,,0,0.00,1,5.00,0,0.00,1,100.00,2018-08-25,2018-08-25,1,1,2032,0.0023
f00f5b35d0abcacbdd863672f4bb2c1a,sao paulo,SP,1,1,1,299.00,14.43,313.43,299.00,1.00,1,0,0.00,12.00,6.00,,0,0.00,1,4.00,0,0.00,1,100.00,2017-05-27,2017-05-27,1,1,2032,0.0023
a8739afb32aaa45e01815ca76f76f54b,sao bernardo do campo,SP,13,13,15,298.83,264.73,563.56,22.99,1.15,13,0,0.00,9.54,2.31,,0,0.00,13,3.77,3,23.08,2,15.38,2018-06-07,2018-08-06,8,1,2033,0.0023
9d489893ff6af05029671b785f54b998,leme,SP,5,5,6,298.70,102.54,401.24,59.74,1.20,5,0,0.00,7.20,2.00,,0,0.00,5,4.00,1,20.00,3,60.00,2017-06-22,2018-08-23,5,2,2034,0.0023
b76a1f8356322f12529c37b67d5c96c2,santos,SP,5,5,5,298.50,56.39,354.89,59.70,1.00,5,0,0.00,7.40,2.00,,0,0.00,5,4.80,0,0.00,4,80.00,2017-12-19,2018-02-19,5,5,2035,0.0023
791cfcfe22fe4a771ece27f90017da92,ribeirao preto,SP,1,1,1,298.13,17.85,315.98,298.13,1.00,1,1,100.00,28.00,7.00,5.00,0,0.00,1,1.00,1,100.00,0,0.00,2017-06-12,2017-06-12,1,1,2036,0.0023
c5ebe6598748b0aeaa61cfb820478b92,lajeado,RS,3,3,3,297.00,40.17,337.17,99.00,1.00,3,0,0.00,5.00,2.00,,0,0.00,3,4.67,0,0.00,2,66.67,2018-07-04,2018-08-28,3,1,2037,0.0022
0ec28cec4046a4a199b6de9b4c891d97,goiania,GO,3,3,4,296.60,56.04,352.64,98.87,1.33,3,0,0.00,10.67,4.00,,0,0.00,3,5.00,0,0.00,1,33.33,2018-04-22,2018-05-17,2,1,2038,0.0022
eebb3372362aa9a46975164bed19a7e7,sao paulo,SP,4,4,4,295.96,58.65,354.61,73.99,1.00,4,2,50.00,52.50,8.00,62.00,3,75.00,4,3.25,1,25.00,2,50.00,2017-03-28,2017-05-09,2,1,2039,0.0022
a806a4bb063ea7ca6d374eafa50a6058,serra,ES,5,5,6,294.40,110.87,405.27,58.88,1.20,5,0,0.00,12.80,3.40,,0,0.00,5,4.00,0,0.00,0,0.00,2018-01-02,2018-02-12,5,1,2040,0.0022
9b1ab052f5fca308ba743ac789ebb2e1,pitanga,PR,2,2,2,294.09,31.99,326.08,147.05,1.00,2,0,0.00,10.50,3.50,,0,0.00,2,4.00,0,0.00,0,0.00,2017-04-05,2017-05-07,2,2,2041,0.0022
c286ec035ee04ba81c97508f0b5df544,curitiba,PR,1,1,1,294.00,50.67,344.67,294.00,1.00,1,0,0.00,15.00,4.00,,0,0.00,1,4.00,0,0.00,0,0.00,2017-05-12,2017-05-12,1,1,2042,0.0022
2bf28e311bba65237358230cabac3f15,londrina,PR,7,7,8,294.00,183.88,477.88,42.00,1.14,6,2,33.33,12.17,4.50,1.50,1,14.29,7,3.71,2,28.57,1,14.29,2018-04-03,2018-08-12,6,3,2042,0.0022
2f4b9d112bfa44a214bc6cef085d17c8,afonso claudio,ES,5,5,6,293.99,119.27,413.26,58.80,1.20,5,0,0.00,14.80,3.20,,1,20.00,5,4.40,0,0.00,0,0.00,2016-10-07,2017-04-16,3,3,2043,0.0022
9d39404483343dd55c7ae254494d8388,sao paulo,SP,10,10,10,293.20,141.08,434.28,29.32,1.00,10,1,10.00,14.20,3.90,10.00,0,0.00,10,3.50,3,30.00,5,50.00,2017-11-25,2018-04-24,4,1,2044,0.0022
48b6c3f4c6a93171da04b75313f2130f,osvaldo cruz,SP,2,2,2,290.26,37.80,328.06,145.13,1.00,2,0,0.00,24.00,2.50,,0,0.00,2,5.00,0,0.00,0,0.00,2018-03-09,2018-04-25,2,1,2045,0.0022
aadfe0417e61315688b6bd7043361e25,goiania,GO,1,1,1,289.90,14.28,304.18,289.90,1.00,1,0,0.00,6.00,0.00,,0,0.00,1,4.00,0,0.00,0,0.00,2017-08-03,2017-08-03,1,1,2046,0.0022
ede2977fbaf3738583170735ca403f6c,curitiba,PR,1,1,1,289.90,37.35,327.25,289.90,1.00,1,0,0.00,15.00,3.00,,0,0.00,1,5.00,0,0.00,0,0.00,2018-02-25,2018-02-25,1,1,2046,0.0022
f410c8873029fcc3809b9df6d0b28914,caxias do sul,SP,2,2,2,289.80,37.30,327.10,144.90,1.00,2,0,0.00,7.50,1.00,,0,0.00,2,5.00,0,0.00,0,0.00,2018-08-08,2018-08-20,2,1,2047,0.0022
4dc646b9b9e8e411ef48ba000ea3ac6f,valinhos,SP,4,4,5,289.70,63.56,353.26,72.43,1.25,4,1,25.00,11.25,2.25,1.00,0,0.00,4,2.75,2,50.00,3,75.00,2018-02-03,2018-08-16,4,1,2048,0.0022
adbe70ab2c97442046d393988c8d1d27,maua,SP,5,5,5,289.50,65.15,354.65,57.90,1.00,5,0,0.00,7.00,1.20,,0,0.00,4,5.00,0,0.00,2,40.00,2017-09-07,2017-10-12,2,1,2049,0.0022
aded58c8142dedc5494a81f948431fab,rio de janeiro,RJ,4,4,5,289.50,89.98,379.48,72.38,1.25,4,0,0.00,8.75,3.50,,1,25.00,4,3.75,1,25.00,1,25.00,2018-04-01,2018-04-23,4,2,2049,0.0022
04ee0ec01589969663ba5967c0e0bdc0,lajeado,RS,1,1,1,289.49,24.83,314.32,289.49,1.00,1,0,0.00,3.00,0.00,,0,0.00,1,5.00,0,0.00,0,0.00,2018-08-21,2018-08-21,1,1,2050,0.0022
392353362d22cc2c236e1ee81ff19890,blumenau,SC,5,5,10,288.70,191.97,480.67,57.74,2.00,5,0,0.00,7.80,2.20,,0,0.00,5,4.60,0,0.00,0,0.00,2018-04-13,2018-08-22,3,2,2051,0.0022
ce20a2ec1514c25e16f2b5b39bc818f0,sao paulo,SP,4,3,7,287.00,209.03,496.03,71.75,1.75,4,0,0.00,14.00,2.75,,0,0.00,4,4.75,0,0.00,1,25.00,2018-06-01,2018-08-13,3,1,2052,0.0022
bbe87dce25ba8b38bb61cc7210a3f10b,sao joao da boa vista,SP,2,2,2,287.00,68.39,355.39,143.50,1.00,2,0,0.00,6.00,1.50,,0,0.00,2,5.00,0,0.00,0,0.00,2018-05-11,2018-08-24,2,1,2052,0.0022
615005a3ef192c00c6f0e977cee3d2bc,itu,SP,10,10,11,286.50,155.64,442.14,28.65,1.10,10,1,10.00,13.70,1.80,5.00,0,0.00,10,3.80,3,30.00,3,30.00,2017-08-17,2017-12-23,2,1,2053,0.0022
e83e93b71371817b11d78a63ff156aee,barueri,SP,2,2,3,286.00,87.38,373.38,143.00,1.50,2,0,0.00,16.00,8.50,,1,50.00,2,4.50,0,0.00,1,50.00,2017-02-07,2017-04-09,2,1,2054,0.0022
a9ae440659f48b7849df83e82734150b,santo andre,SP,1,1,1,285.00,27.02,312.02,285.00,1.00,1,0,0.00,13.00,3.00,,0,0.00,1,5.00,0,0.00,0,0.00,2017-10-13,2017-10-13,1,1,2055,0.0022
10264f60a8f0a4d2f30810f5c661c673,campinas,SP,4,4,4,284.60,41.86,326.46,71.15,1.00,4,0,0.00,4.00,1.25,,0,0.00,4,5.00,0,0.00,3,75.00,2018-06-19,2018-08-09,2,1,2056,0.0022
ea1776927851da2532aa70d6a32c095a,sao paulo,SP,2,2,2,283.90,38.18,322.08,141.95,1.00,2,0,0.00,8.50,3.00,,0,0.00,2,3.50,1,50.00,0,0.00,2018-07-17,2018-07-20,2,2,2057,0.0021
86bf77bdb52e615674772d5817c6212f,viamao,RS,4,4,5,281.80,97.58,379.38,70.45,1.25,4,0,0.00,7.50,2.00,,0,0.00,4,4.75,0,0.00,1,25.00,2018-04-24,2018-07-31,3,2,2058,0.0021
83c465a786b06574376909b35ef6752a,sao carlos,SP,3,3,3,281.40,49.06,330.46,93.80,1.00,3,0,0.00,5.33,3.00,,0,0.00,3,5.00,0,0.00,2,66.67,2018-06-25,2018-08-16,2,1,2059,0.0021
b8a0adc91af209270c2c725168eb00fd,ibitinga,SP,6,6,6,281.40,107.09,388.49,46.90,1.00,5,0,0.00,10.20,3.60,,1,16.67,6,4.00,1,16.67,4,66.67,2018-04-16,2018-06-27,6,1,2059,0.0021
579891617139df7d8671d373f0669622,rio de janeiro,RJ,8,8,8,280.30,128.20,408.50,35.04,1.00,7,2,28.57,19.86,10.57,5.00,1,12.50,8,4.50,1,12.50,0,0.00,2017-06-07,2018-07-02,7,2,2060,0.0021
6dc9bec584588412a6a338830946a3e4,sao paulo,SP,1,1,1,280.00,84.96,364.96,280.00,1.00,1,0,0.00,22.00,4.00,,0,0.00,1,2.00,1,100.00,0,0.00,2017-02-17,2017-02-17,1,1,2061,0.0021
4e0d109ccfba9a1151c103049880c857,sao joao de meriti,RJ,2,2,2,279.89,67.84,347.73,139.95,1.00,2,0,0.00,19.00,5.00,,0,0.00,2,3.00,1,50.00,0,0.00,2017-11-24,2018-05-31,2,1,2062,0.0021
28fb0829fd777877cdc350d25cb5bd5b,sao jose do rio pret,SP,2,2,2,279.80,42.08,321.88,139.90,1.00,2,0,0.00,14.00,1.00,,0,0.00,2,5.00,0,0.00,0,0.00,2017-10-29,2017-11-22,2,1,2063,0.0021
19a7c9f66ffa6452ff4b4c0cca71da27,itaipulandia,PR,1,1,1,279.00,59.74,338.74,279.00,1.00,1,0,0.00,25.00,4.00,,0,0.00,1,5.00,0,0.00,0,0.00,2017-09-30,2017-09-30,1,1,2064,0.0021
d2572f31e9023e9850ef986a636ff9bf,belo horizonte,MG,1,1,1,279.00,26.69,305.69,279.00,1.00,1,0,0.00,10.00,2.00,,0,0.00,1,5.00,0,0.00,0,0.00,2017-03-25,2017-03-25,1,1,2064,0.0021
debe6615cd90cc0c2eac2b8988e1f628,sao paulo,SP,5,5,5,278.50,95.53,374.03,55.70,1.00,5,0,0.00,11.80,1.60,,0,0.00,5,4.60,0,0.00,1,20.00,2017-01-28,2017-03-20,3,2,2065,0.0021
fb8904a8ea99f8831b64ce27db2c1765,sao caetano do sul,SP,2,2,2,278.00,24.36,302.36,139.00,1.00,2,0,0.00,11.50,2.50,,0,0.00,2,4.50,0,0.00,2,100.00,2017-11-12,2017-11-24,2,2,2066,0.0021
94c49f20a123aeb9360dbf80ff912bf6,sorocaba,SP,3,3,3,277.75,61.54,339.29,92.58,1.00,3,0,0.00,14.00,3.33,,0,0.00,3,3.67,1,33.33,0,0.00,2017-05-22,2017-06-05,2,2,2067,0.0021
2ee0a0689f2f6a72f35a7cb6033f6e7e,presidente prudente,SP,4,3,4,272.00,52.84,324.84,68.00,1.00,4,0,0.00,9.75,1.75,,0,0.00,4,4.00,0,0.00,3,75.00,2017-11-14,2017-11-26,2,1,2068,0.0021
e603cf3fec55f8697c9059638d6c8eb5,pelotas,RS,7,7,10,270.00,172.99,442.99,38.57,1.43,7,0,0.00,6.29,1.86,,0,0.00,7,4.57,0,0.00,1,14.29,2017-02-07,2017-04-03,1,1,2069,0.0020
f682e0f848abafc6f41e0d4e868c66ef,mairipora,SP,2,2,2,269.98,34.02,304.00,134.99,1.00,2,1,50.00,19.50,4.50,5.00,0,0.00,2,3.50,0,0.00,0,0.00,2017-10-11,2018-05-18,2,1,2070,0.0020
bab0a8cd684e41ba6e2637dca0979d3b,rio de janeiro,RJ,1,1,1,269.90,19.14,289.04,269.90,1.00,1,0,0.00,13.00,0.00,,0,0.00,1,5.00,0,0.00,0,0.00,2017-08-22,2017-08-22,1,1,2071,0.0020
87d73636a3acf123e842bb890a4db036,nhandeara,SP,1,1,1,269.90,43.71,313.61,269.90,1.00,1,0,0.00,13.00,2.00,,0,0.00,1,5.00,0,0.00,1,100.00,2018-07-25,2018-07-25,1,1,2071,0.0020
dcf3755cefcdc158ad0b7bdde51e871b,cachoeira do sul,RS,3,3,3,269.70,89.33,359.03,89.90,1.00,3,0,0.00,13.00,2.67,,1,33.33,2,4.00,0,0.00,0,0.00,2018-03-18,2018-08-11,3,2,2072,0.0020
09883d9ab71c8fe8a9bfc7fc3075b07e,sao paulo,SP,4,4,4,269.60,60.49,330.09,67.40,1.00,4,1,25.00,14.25,2.25,4.00,0,0.00,4,4.00,1,25.00,2,50.00,2017-04-25,2017-11-19,4,2,2073,0.0020
6bb66d9870c2e01c05655c7ed0e7ee13,sao paulo,SP,3,3,3,269.00,52.02,321.02,89.67,1.00,2,0,0.00,9.00,1.50,,0,0.00,3,3.67,1,33.33,0,0.00,2018-07-25,2018-07-29,1,1,2074,0.0020
58c851d1a3c7cd3da329eb59453fed44,rio claro,SP,2,2,2,268.99,24.27,293.26,134.50,1.00,2,0,0.00,4.50,2.50,,0,0.00,2,5.00,0,0.00,2,100.00,2018-08-10,2018-08-21,1,1,2075,0.0020
d73cbd89533ce8b041a9190241453ac8,guiricema,MG,3,3,3,268.70,50.59,319.29,89.57,1.00,3,0,0.00,12.00,1.33,,0,0.00,3,4.33,0,0.00,1,33.33,2017-03-23,2017-07-12,3,1,2076,0.0020
f9bbdd976532d50b7816d285a22bd01e,sao paulo,SP,2,2,2,268.00,30.37,298.37,134.00,1.00,1,0,0.00,15.00,7.00,,0,0.00,2,5.00,0,0.00,0,0.00,2017-05-25,2017-09-14,2,1,2077,0.0020
830379336fad8c6f3b15a4a3ddb5c66e,sao paulo,SP,2,2,4,268.00,170.38,438.38,134.00,2.00,1,0,0.00,9.00,2.00,,0,0.00,2,4.50,0,0.00,1,50.00,2018-04-21,2018-07-24,2,1,2077,0.0020
c79151301b9d90985d1fa52879213105,maringa,PR,3,3,7,267.10,116.34,383.44,89.03,2.33,3,0,0.00,9.00,2.00,,0,0.00,3,4.67,0,0.00,0,0.00,2017-11-18,2017-12-04,2,1,2078,0.0020
65a7c0788e4d632ccb5e1b594b87f0bb,sao paulo,SP,3,3,9,266.70,117.42,384.12,88.90,3.00,3,0,0.00,11.00,5.67,,0,0.00,3,4.33,0,0.00,2,66.67,2017-08-15,2017-12-22,6,1,2079,0.0020
5236605f4d4b0b3e4df85b850393fca0,sao paulo,SP,5,5,5,265.30,82.18,347.48,53.06,1.00,5,1,20.00,10.40,3.80,2.00,2,40.00,5,4.80,0,0.00,4,80.00,2017-08-09,2018-08-04,4,1,2080,0.0020
483ca627d131e18f988349b1655c0acd,mogi mirim,SP,1,1,1,264.00,19.73,283.73,264.00,1.00,1,0,0.00,16.00,6.00,,0,0.00,1,5.00,0,0.00,0,0.00,2018-03-27,2018-03-27,1,1,2081,0.0020
5c853bb56f70f4d14218944bae111d7a,cotia,SP,23,23,24,263.13,251.06,514.19,11.44,1.04,23,0,0.00,8.65,3.74,,1,4.35,23,4.00,5,21.74,16,69.57,2017-02-22,2018-08-22,12,2,2082,0.0020
f8d5c7085db9a4ad2b8c1ffbeb2798c8,sao paulo,SP,6,6,6,263.00,100.41,363.41,43.83,1.00,6,0,0.00,12.67,3.67,,0,0.00,6,5.00,0,0.00,0,0.00,2017-03-30,2018-02-05,5,1,2083,0.0020
53088c75f948b48a7ece173ac17f0c12,triunfo,RS,3,3,3,261.70,54.53,316.23,87.23,1.00,3,0,0.00,11.00,3.33,,0,0.00,3,5.00,0,0.00,0,0.00,2018-05-22,2018-08-07,2,2,2084,0.0020
252e76235acb79183cfca6e34f13337d,campinas,SP,3,3,4,261.20,60.57,321.77,87.07,1.33,3,0,0.00,14.00,4.00,,0,0.00,3,3.33,1,33.33,1,33.33,2017-02-17,2018-06-01,4,2,2085,0.0020
6da1992f915d77be95d7fa48b36904af,sao paulo,SP,7,7,9,261.00,122.66,383.66,37.29,1.29,7,0,0.00,8.86,2.86,,0,0.00,7,4.00,1,14.29,2,28.57,2017-04-27,2017-08-03,1,1,2086,0.0020
aa762680c40618316a896838866140ea,curitiba,PR,3,3,3,261.00,62.46,323.46,87.00,1.00,3,1,33.33,22.67,3.00,11.00,0,0.00,3,3.33,1,33.33,0,0.00,2018-04-06,2018-05-11,1,1,2086,0.0020
21d59342ba150175ca2aa4f8faddeca6,itaquaquecetuba,SP,2,2,2,259.90,74.39,334.29,129.95,1.00,2,0,0.00,8.50,1.00,,0,0.00,2,4.50,0,0.00,0,0.00,2018-08-09,2018-08-22,2,1,2087,0.0020
984c273121e743dd14767befe6cb17f5,americana,SP,1,1,1,259.60,21.31,280.91,259.60,1.00,1,1,100.00,34.00,2.00,3.00,0,0.00,1,1.00,1,100.00,0,0.00,2017-11-25,2017-11-25,1,1,2088,0.0020
bdb3edbaee43a761e2d4f258dc08f348,lencois paulista,SP,5,5,5,259.50,68.86,328.36,51.90,1.00,5,1,20.00,12.20,2.80,7.00,0,0.00,5,3.80,1,20.00,3,60.00,2017-11-21,2017-12-18,3,2,2089,0.0020
c9e5ad1f6647f5dbd1172adf6ae3cada,porto alegre,RS,4,4,4,259.03,60.95,319.98,64.76,1.00,4,0,0.00,9.00,3.00,,0,0.00,4,4.75,0,0.00,1,25.00,2017-10-23,2018-06-09,3,3,2090,0.0020
5e25c632f9db6cfb8bc100421c2737b6,chapeco,SC,1,1,1,259.00,19.91,278.91,259.00,1.00,1,0,0.00,6.00,1.00,,0,0.00,1,5.00,0,0.00,0,0.00,2018-06-12,2018-06-12,1,1,2091,0.0020
1e26c56af8d48424e1df0140a2401f83,jaguariuna,SP,2,2,2,258.90,33.49,292.39,129.45,1.00,2,0,0.00,5.50,1.00,,0,0.00,2,5.00,0,0.00,1,50.00,2018-06-13,2018-08-08,2,2,2092,0.0020
0af977692321d895349eded183341d28,santos,SP,2,2,2,257.75,19.47,277.22,128.88,1.00,2,0,0.00,2.00,1.00,,0,0.00,2,4.50,0,0.00,2,100.00,2018-04-01,2018-08-20,2,1,2093,0.0019
7d294cf9a6a69dc6a0c3e540fff0e039,barra velha,SC,5,5,5,257.25,194.13,451.38,51.45,1.00,5,0,0.00,8.80,2.20,,0,0.00,5,4.40,0,0.00,1,20.00,2018-05-06,2018-08-01,1,1,2094,0.0019
31eec405c9bb71dec8e2629a92e764fa,cachoeiro de itapemirim,ES,5,5,5,256.89,170.24,427.13,51.38,1.00,5,0,0.00,8.60,1.80,,0,0.00,5,4.60,0,0.00,0,0.00,2018-06-27,2018-08-10,5,5,2095,0.0019
15ead3a5037a918ddb520dfe39a3d2b9,conselheiro lafaiete,MG,6,6,7,254.50,140.22,394.72,42.42,1.17,6,1,16.67,17.33,3.67,3.00,0,0.00,6,4.83,0,0.00,0,0.00,2018-01-22,2018-04-24,7,1,2096,0.0019
ebef8d8c92b4fd3226e5d407bbff21ac,ribeirao preto,SP,3,3,3,253.70,48.36,302.06,84.57,1.00,3,1,33.33,40.33,1.33,65.00,0,0.00,3,2.67,1,33.33,2,66.67,2017-01-29,2017-03-13,3,2,2097,0.0019
d5c530f4884a75ae0dba9c148718d278,centro,MG,5,5,8,252.93,143.21,396.14,50.59,1.60,5,1,20.00,10.40,2.40,1.00,0,0.00,5,4.00,1,20.00,2,40.00,2017-09-15,2017-11-28,5,2,2098,0.0019
88ef59b51bdaa941d10a853429f2b6ce,guaratuba,PR,2,2,2,252.90,41.80,294.70,126.45,1.00,2,0,0.00,6.00,2.00,,0,0.00,2,2.00,1,50.00,0,0.00,2018-07-04,2018-08-18,2,1,2099,0.0019
446cc09cdbb130904da114e807dbec40,sao paulo,SP,3,3,3,252.80,54.17,306.97,84.27,1.00,3,0,0.00,4.00,1.33,,0,0.00,3,4.67,0,0.00,3,100.00,2018-03-06,2018-06-04,3,1,2100,0.0019
7f35f9daf223da737b78738fbae4d977,valinhos,SP,5,5,5,252.00,101.01,353.01,50.40,1.00,5,0,0.00,7.80,1.20,,0,0.00,5,4.00,1,20.00,0,0.00,2018-06-18,2018-07-04,2,2,2101,0.0019
e88c9b79e592e370d6bd852eeefbf057,pato branco,PR,8,8,9,251.87,142.11,393.98,31.48,1.13,8,0,0.00,8.38,2.25,,0,0.00,8,4.75,0,0.00,0,0.00,2017-05-21,2017-07-13,7,2,2102,0.0019
ae45ad30c2d2e5913094769690a239d2,franca,SP,1,1,2,251.80,31.26,283.06,251.80,2.00,1,0,0.00,19.00,8.00,,0,0.00,1,5.00,0,0.00,0,0.00,2017-12-08,2017-12-08,1,1,2103,0.0019
e88f7a2995ba184710d339c5c4bf2e30,votuporanga,SP,2,2,2,251.60,35.91,287.51,125.80,1.00,2,0,0.00,10.50,0.50,,0,0.00,2,5.00,0,0.00,1,50.00,2018-03-08,2018-04-26,1,1,2104,0.0019
85ecf03781da592876b7844acc1b729f,sao paulo,SP,2,2,2,251.00,43.90,294.90,125.50,1.00,2,1,50.00,15.50,2.50,4.00,0,0.00,2,4.50,0,0.00,0,0.00,2018-07-18,2018-08-04,2,1,2105,0.0019
46ef1a25845fc051c2998d878354810c,claudio,MG,5,5,5,250.41,98.04,348.45,50.08,1.00,5,0,0.00,16.80,2.00,,1,20.00,5,4.40,0,0.00,2,40.00,2017-09-13,2018-08-17,4,2,2106,0.0019
8ccf3cf69651cc1d8a02c8bfaf3b8568,rio claro,SP,2,2,2,250.00,38.63,288.63,125.00,1.00,2,1,50.00,26.00,3.00,2.00,0,0.00,2,3.50,0,0.00,0,0.00,2017-04-22,2017-05-11,1,1,2107,0.0019
13d95f0f6f73943d4ceffad0fc2cd32c,goiania,GO,1,1,1,249.99,59.33,309.32,249.99,1.00,1,1,100.00,22.00,3.00,2.00,0,0.00,1,3.00,0,0.00,0,0.00,2018-03-13,2018-03-13,1,1,2108,0.0019
1703bc09972dab9782e7a9194943b69f,minas gerais,MG,1,1,1,249.90,106.21,356.11,249.90,1.00,1,0,0.00,12.00,3.00,,0,0.00,1,5.00,0,0.00,0,0.00,2018-07-14,2018-07-14,1,1,2109,0.0019
5d505d2298ad549e4e4e835562fa0c1e,birigui,SP,2,2,2,249.80,28.34,278.14,124.90,1.00,2,0,0.00,6.00,1.50,,0,0.00,2,5.00,0,0.00,1,50.00,2017-03-15,2017-04-01,1,1,2110,0.0019
c0f783394e37cd9c9d7f5f81141450fa,piracicaba,SP,6,6,6,249.40,87.35,336.75,41.57,1.00,6,0,0.00,13.17,2.33,,0,0.00,5,3.60,1,20.00,1,16.67,2017-11-10,2017-12-13,5,1,2111,0.0019
4b90495391ac0bd181a80a459df1e718,bage,RS,1,1,1,248.00,18.11,266.11,248.00,1.00,1,0,0.00,12.00,9.00,,1,100.00,1,4.00,0,0.00,1,100.00,2016-10-05,2016-10-05,1,1,2112,0.0019
42b6488f5b8246d9141712abd4b1b693,maringa,PR,2,2,2,247.99,41.81,289.80,124.00,1.00,2,0,0.00,8.00,1.50,,0,0.00,2,4.00,0,0.00,0,0.00,2018-04-12,2018-08-14,2,2,2113,0.0019
32f1bb9dfa65bc7df5c0d9d95a616be4,sao paulo,SP,4,4,5,246.49,48.31,294.80,61.62,1.25,4,1,25.00,6.25,3.25,1.00,0,0.00,4,4.00,1,25.00,3,75.00,2018-03-18,2018-08-08,4,3,2114,0.0019
baa49d93c8c8841e27400a300f5d74b2,sao jose,SC,6,5,6,246.40,88.02,334.42,41.07,1.00,5,0,0.00,13.00,4.20,,1,16.67,6,4.50,0,0.00,0,0.00,2017-05-03,2017-06-05,3,1,2115,0.0019
184a67a8f9f63234d3a92340bbdb727f,joinville,SC,7,7,10,246.29,190.56,436.85,35.18,1.43,7,0,0.00,17.57,5.00,,2,28.57,7,4.29,1,14.29,0,0.00,2016-10-05,2017-11-08,7,1,2116,0.0019
88ae906ea2acf6971f26c3e8b7cb4357,sao paulo,SP,3,3,3,246.00,42.01,288.01,82.00,1.00,3,1,33.33,15.00,3.67,2.00,0,0.00,3,3.33,0,0.00,1,33.33,2018-04-27,2018-05-11,1,1,2117,0.0019
5721089ba9214e80074f27d5a03fc0eb,sao paulo,SP,5,5,7,245.93,66.64,312.57,49.19,1.40,5,0,0.00,7.20,3.80,,0,0.00,5,5.00,0,0.00,3,60.00,2017-11-02,2018-01-30,4,2,2118,0.0019
5194c22ed1f616ec0c0f33c571542879,santa rita do sapucai,MG,4,3,4,245.60,80.85,326.45,61.40,1.00,4,0,0.00,12.25,4.00,,0,0.00,4,4.25,0,0.00,1,25.00,2018-06-21,2018-08-05,3,3,2119,0.0019
14f2b3587172b9db894c9bad8dab520b,ipe,RS,2,2,2,244.00,86.06,330.06,122.00,1.00,2,0,0.00,14.00,9.50,,1,50.00,2,2.50,1,50.00,1,50.00,2018-03-21,2018-07-14,1,1,2120,0.0018
5733d806668f8712c24b9abaefbfa642,chapeco,SP,2,2,2,243.80,85.88,329.68,121.90,1.00,2,0,0.00,14.50,2.00,,0,0.00,2,5.00,0,0.00,1,50.00,2018-01-26,2018-04-26,2,2,2121,0.0018
77714512e8d4dda9c234da8e3faf16e4,guarulhos,SP,4,4,6,243.40,105.58,348.98,60.85,1.50,4,0,0.00,12.25,3.50,,0,0.00,4,4.25,0,0.00,1,25.00,2018-07-27,2018-08-15,5,2,2122,0.0018
c70a353f02429c00775a46a75fb787da,sao paulo,SP,6,6,6,242.00,94.94,336.94,40.33,1.00,6,0,0.00,6.83,1.67,,0,0.00,6,4.67,0,0.00,2,33.33,2018-07-17,2018-08-10,4,1,2123,0.0018
9853a239ab7b7ebbdc3a21248d5b8e1f,campo largo,PR,4,4,4,242.00,68.20,310.20,60.50,1.00,4,1,25.00,18.25,6.25,7.00,1,25.00,4,3.75,1,25.00,1,25.00,2017-04-26,2017-11-28,4,1,2123,0.0018
31be790e64fc99f8ff48ec2bd18a3104,sao bernardo do campo,SP,6,6,6,241.40,72.28,313.68,40.23,1.00,6,2,33.33,6.50,4.17,1.00,0,0.00,6,4.33,0,0.00,6,100.00,2018-07-29,2018-08-17,3,1,2124,0.0018
0761743cbffb25d7148189e9f1a5f03a,ribeirao preto,SP,3,3,7,241.20,86.20,327.40,80.40,2.33,3,0,0.00,13.00,3.00,,0,0.00,3,4.67,0,0.00,2,66.67,2017-11-30,2018-02-02,3,2,2125,0.0018
85044848b1b767db2a4a58526adef4b4,osasco,SP,4,4,4,240.60,64.91,305.51,60.15,1.00,4,0,0.00,8.75,1.50,,0,0.00,4,3.25,1,25.00,1,25.00,2018-04-07,2018-07-13,3,3,2126,0.0018
5e9f5bd34e0830569f05c9d4f56e04a8,porto alegre,RS,2,2,2,239.98,34.88,274.86,119.99,1.00,2,0,0.00,10.00,5.00,,0,0.00,2,4.50,0,0.00,0,0.00,2018-07-12,2018-07-14,1,1,2127,0.0018
70c4eedec9cb4a85cda2f3f9673557b4,sao paulo,SP,1,1,1,239.90,13.18,253.08,239.90,1.00,1,0,0.00,7.00,1.00,,0,0.00,1,5.00,0,0.00,1,100.00,2017-06-05,2017-06-05,1,1,2128,0.0018
422be4cc81a457fdb46f47edeb968ae5,ibitinga,SP,1,1,1,239.90,77.47,317.37,239.90,1.00,1,0,0.00,18.00,8.00,,1,100.00,1,5.00,0,0.00,0,0.00,2017-01-26,2017-01-26,1,1,2128,0.0018
70f7e8018e3d46c748c92f026aa2585a,sao paulo,SP,1,1,2,239.80,37.88,277.68,239.80,2.00,1,0,0.00,7.00,1.00,,0,0.00,1,5.00,0,0.00,0,0.00,2018-08-16,2018-08-16,2,1,2129,0.0018
2d9e8987a2ea5cf88dce330249043ff1,jaci,SP,2,2,2,239.80,104.37,344.17,119.90,1.00,2,0,0.00,8.50,1.50,,0,0.00,2,4.50,0,0.00,2,100.00,2018-08-02,2018-08-18,2,1,2129,0.0018
d7b2377bae6ace1b11fc69a11900ac36,sao paulo,SP,3,3,3,239.70,42.52,282.22,79.90,1.00,3,1,33.33,19.67,3.00,17.00,1,33.33,3,3.67,1,33.33,1,33.33,2017-08-31,2017-11-29,3,1,2130,0.0018
ec8463980a4e0ea9f8517aea1ed0c419,florianopolis,SC,2,2,8,239.20,118.76,357.96,119.60,4.00,2,1,50.00,11.50,6.00,2.00,1,50.00,2,5.00,0,0.00,1,50.00,2018-07-16,2018-07-16,1,1,2131,0.0018
25debeafbce801fdd479539350185eee,igaracu do tiete,SP,5,5,6,237.85,87.12,324.97,47.57,1.20,5,0,0.00,15.00,5.60,,3,60.00,5,3.00,2,40.00,2,40.00,2017-06-05,2018-04-24,3,2,2132,0.0018
d1a5cc844736958c11b8efab9a2b4c87,curitiba,PR,1,1,1,237.60,16.41,254.01,237.60,1.00,1,1,100.00,30.00,22.00,8.00,1,100.00,1,1.00,1,100.00,0,0.00,2017-10-23,2017-10-23,1,1,2133,0.0018
e83c76265fc54bf41eac728805e4da77,aracatuba,SP,8,8,8,237.30,99.19,336.49,29.66,1.00,7,1,14.29,35.71,2.57,159.00,1,12.50,8,3.63,1,12.50,7,87.50,2017-02-10,2017-05-08,3,1,2134,0.0018
2e0dba2da448400b1c11d7b4b22f32a4,santo andre,SP,7,7,13,235.87,171.83,407.70,33.70,1.86,7,0,0.00,9.00,3.29,,0,0.00,7,3.14,3,42.86,3,42.86,2017-02-10,2017-05-21,5,1,2135,0.0018
534a01cc6df1e034e05c32028a291fa2,jundiai,SP,5,5,5,235.59,59.86,295.45,47.12,1.00,5,0,0.00,10.40,2.60,,1,20.00,5,4.40,0,0.00,2,40.00,2017-08-16,2017-10-23,4,2,2136,0.0018
a663d9c3797e90eac99ff60939416a56,sao paulo,SP,1,1,1,235.00,14.08,249.08,235.00,1.00,1,0,0.00,5.00,2.00,,0,0.00,1,5.00,0,0.00,1,100.00,2018-05-16,2018-05-16,1,1,2137,0.0018
94b9108d4b637ba65bb4f1e53cfcf8d8,guarulhos,SP,7,7,8,234.96,99.13,334.09,33.57,1.14,7,1,14.29,16.71,4.14,37.00,1,14.29,7,4.43,1,14.29,4,57.14,2017-09-02,2018-08-03,3,2,2138,0.0018
508808d438fe2ff972ed13bb8f4a82e2,sao paulo,SP,9,9,10,234.84,111.20,346.04,26.09,1.11,9,0,0.00,4.67,1.33,,0,0.00,9,4.67,0,0.00,6,66.67,2018-08-04,2018-08-27,9,7,2139,0.0018
1e47defeeadeca0e9a18fa5a9311e735,catanduva,SP,3,3,3,234.12,57.50,291.62,78.04,1.00,3,0,0.00,12.00,0.33,,0,0.00,3,5.00,0,0.00,0,0.00,2017-06-13,2017-07-19,3,2,2140,0.0018
cb32766839f443db85c82a43c4a6c19e,rio claro,SP,2,2,2,234.00,31.51,265.51,117.00,1.00,2,0,0.00,19.50,4.00,,1,50.00,2,3.00,1,50.00,0,0.00,2017-02-10,2017-02-26,2,1,2141,0.0018
d9cb0052a666de5308b32f32ad5f1b1c,olimpia,SP,3,3,3,231.90,38.59,270.49,77.30,1.00,3,0,0.00,13.00,2.67,,0,0.00,3,3.67,1,33.33,2,66.67,2018-01-19,2018-05-15,3,2,2142,0.0018
e64882b4ef12aee8d0faca4db5b681f4,goiania,GO,1,1,2,230.00,43.22,273.22,230.00,2.00,1,0,0.00,25.00,4.00,,0,0.00,1,4.00,0,0.00,0,0.00,2018-01-12,2018-01-12,1,1,2143,0.0017
72431a818f97fe6ab9c81eee3e297e54,rio das pedras,SP,1,1,1,229.90,19.49,249.39,229.90,1.00,1,0,0.00,12.00,3.00,,0,0.00,1,5.00,0,0.00,0,0.00,2018-04-13,2018-04-13,1,1,2144,0.0017
1746c1ae87ac63d530c7c943d0ac42e2,santana de parnaiba,SP,1,1,1,229.90,22.45,252.35,229.90,1.00,1,0,0.00,23.00,8.00,,1,100.00,1,5.00,0,0.00,0,0.00,2017-12-12,2017-12-12,1,1,2144,0.0017
740205fedfe4e90ca6857bc77db0f2b4,caxias do sul,SP,1,1,1,229.90,21.93,251.83,229.90,1.00,1,0,0.00,3.00,0.00,,0,0.00,1,5.00,0,0.00,1,100.00,2017-02-17,2017-02-17,1,1,2144,0.0017
9539213aa8e023c01937bef95dc006da,sao paulo,SP,9,9,9,229.10,89.94,319.04,25.46,1.00,9,1,11.11,11.56,7.56,4.00,8,88.89,9,4.56,0,0.00,7,77.78,2017-11-29,2018-03-11,2,1,2145,0.0017
615c3462099ffa940d37b17dfda19594,rio de janeiro,RJ,2,2,2,229.00,32.05,261.05,114.50,1.00,2,0,0.00,8.00,1.00,,0,0.00,2,5.00,0,0.00,1,50.00,2018-06-21,2018-07-31,2,1,2146,0.0017
75745ef7bc7d4f3ea3380f6f5303f514,brasilia,DF,3,3,3,228.40,48.92,277.32,76.13,1.00,3,0,0.00,5.67,3.33,,0,0.00,3,5.00,0,0.00,0,0.00,2017-03-01,2017-04-07,3,2,2147,0.0017
8dfbc5ff27df12f6cef751d3b9554222,curitiba,PR,4,4,4,226.00,90.12,316.12,56.50,1.00,3,0,0.00,12.00,1.00,,0,0.00,4,4.50,0,0.00,0,0.00,2018-05-15,2018-08-15,4,1,2148,0.0017
b05b432bf68945d4d9783f9e3ca29ee8,birigui,SP,2,2,2,224.80,26.09,250.89,112.40,1.00,2,0,0.00,5.50,1.50,,0,0.00,2,4.50,0,0.00,2,100.00,2017-09-11,2017-09-12,2,1,2149,0.0017
8a8835a43bda99fd37310ad76c457510,sao caetano do sul,SP,2,2,3,224.34,34.20,258.54,112.17,1.50,2,0,0.00,7.50,4.00,,0,0.00,2,4.50,0,0.00,1,50.00,2018-07-16,2018-08-02,2,1,2150,0.0017
94ca168e8bcb407ab85c5da308863027,clementina,SP,5,5,5,224.30,87.36,311.66,44.86,1.00,5,0,0.00,12.60,2.40,,0,0.00,5,5.00,0,0.00,2,40.00,2017-11-21,2018-08-24,4,2,2151,0.0017
6c6e3d67f969468f3bfd33f827a31222,maringa,PR,5,5,6,224.00,92.41,316.41,44.80,1.20,5,0,0.00,8.40,0.80,,0,0.00,5,4.80,0,0.00,2,40.00,2018-03-11,2018-08-09,4,1,2152,0.0017
81ed90f07c0bacb7594940ba2ef676aa,divinopolis,MG,2,2,2,223.90,33.56,257.46,111.95,1.00,2,0,0.00,16.00,8.00,,1,50.00,2,4.50,0,0.00,0,0.00,2017-10-25,2017-11-11,2,1,2153,0.0017
0e44d110fa6a54e121cb2c095a77762f,francisco morato,SP,6,6,6,223.32,70.06,293.38,37.22,1.00,6,1,16.67,11.83,4.33,6.00,1,16.67,6,4.33,1,16.67,4,66.67,2017-08-04,2018-06-13,5,1,2154,0.0017
08ad4ac1388e4420ca531c3edfc46198,itapevi,SP,6,6,7,221.62,89.05,310.67,36.94,1.17,5,0,0.00,5.40,2.60,,0,0.00,6,2.83,3,50.00,4,66.67,2018-06-11,2018-08-18,5,1,2155,0.0017
f419677537694f0462a91990df6ca44f,sao bernardo do campo,SP,6,5,6,220.50,78.78,299.28,36.75,1.00,6,1,16.67,14.00,7.67,9.00,2,33.33,6,4.00,1,16.67,3,50.00,2017-12-27,2018-03-14,6,1,2156,0.0017
bec568278124768c474ee90971ca94d1,sao paulo,SP,2,2,2,219.90,29.16,249.06,109.95,1.00,2,0,0.00,3.50,1.00,,0,0.00,2,4.50,0,0.00,2,100.00,2018-06-17,2018-07-30,2,2,2157,0.0017
edf3fabebcc20f7463cc9c53da932ea8,sao paulo,SP,1,1,1,219.90,24.12,244.02,219.90,1.00,1,1,100.00,21.00,2.00,4.00,0,0.00,1,4.00,0,0.00,0,0.00,2018-05-22,2018-05-22,1,1,2157,0.0017
20611af7866c6068fd5ae1f9dbe15c92,porto ferreira,SP,2,2,2,219.80,114.50,334.30,109.90,1.00,2,0,0.00,8.50,4.00,,0,0.00,2,4.50,0,0.00,0,0.00,2018-07-14,2018-07-16,2,2,2158,0.0017
f8e2c1b59cd4225a3e4fd0d013a76b93,ribeirao preto,SP,2,2,3,219.80,44.63,264.43,109.90,1.50,2,0,0.00,9.50,3.50,,0,0.00,2,5.00,0,0.00,1,50.00,2017-09-01,2017-12-31,2,2,2158,0.0017
e0a3c37054ade6478d923a6efc10f308,camboriu,SC,2,2,2,219.80,35.18,254.98,109.90,1.00,1,0,0.00,9.00,2.00,,0,0.00,2,5.00,0,0.00,1,50.00,2018-07-03,2018-07-17,2,1,2158,0.0017
a5dd1946fb63ada8bcaa0c9cd8f11e22,caruaru,PE,6,6,7,219.62,206.71,426.33,36.60,1.17,6,0,0.00,16.67,2.17,,0,0.00,6,3.83,1,16.67,2,33.33,2017-09-08,2018-03-11,6,2,2159,0.0017
c3fe93ba3085f92855c97e57f38c8c05,curitiba,PR,6,6,6,219.00,98.18,317.18,36.50,1.00,6,0,0.00,13.17,4.00,,1,16.67,6,5.00,0,0.00,0,0.00,2017-06-08,2018-07-24,5,1,2160,0.0017
3442f8959a84dea7ee197c632cb2df15,campinas,SP,3,3,3,218.70,27.90,246.60,72.90,1.00,3,1,33.33,13.00,5.00,3.00,2,66.67,3,3.00,1,33.33,2,66.67,2017-05-05,2017-08-30,3,1,2161,0.0017
751e274377499a8503fd6243ad9c56f6,campinas,SP,1,1,2,218.00,17.84,235.84,218.00,2.00,1,0,0.00,2.00,1.00,,0,0.00,1,5.00,0,0.00,1,100.00,2018-08-20,2018-08-20,1,1,2162,0.0016
6548c2550b6e2d8f18053216e1c7b6f3,diadema,SP,3,3,5,217.70,69.85,287.55,72.57,1.67,2,0,0.00,6.00,4.50,,1,33.33,3,5.00,0,0.00,1,33.33,2018-06-26,2018-08-22,3,1,2163,0.0016
d594982fd877af63ace38ea1fca27c76,sao paulo,SP,7,7,7,217.04,92.66,309.70,31.01,1.00,6,0,0.00,7.67,3.33,,0,0.00,7,4.43,1,14.29,4,57.14,2018-06-29,2018-08-21,2,2,2164,0.0016
3d49bfdd1b43a7fe169b3740067acc61,montes claros,MG,3,3,3,215.00,61.82,276.82,71.67,1.00,2,0,0.00,7.00,0.50,,0,0.00,3,4.67,0,0.00,0,0.00,2018-06-30,2018-08-22,2,1,2165,0.0016
a4b8d97cd5d3674eeff96abc99d8ed67,sumare,SP,1,1,1,214.08,19.30,233.38,214.08,1.00,1,0,0.00,6.00,1.00,,0,0.00,1,1.00,1,100.00,0,0.00,2018-06-13,2018-06-13,1,1,2166,0.0016
5f0057b677eb963672bf05dfa3f16c34,sao paulo,SP,4,4,4,213.88,51.11,264.99,53.47,1.00,4,0,0.00,7.25,3.50,,1,25.00,4,5.00,0,0.00,2,50.00,2016-10-07,2017-02-02,4,2,2167,0.0016
33ab10be054370c254ddfcf0a6253422,rio de janeiro,RJ,4,4,4,213.20,52.33,265.53,53.30,1.00,4,0,0.00,5.75,2.00,,0,0.00,4,5.00,0,0.00,1,25.00,2018-06-22,2018-08-28,2,1,2168,0.0016
4ea2f12dbe91deeacd2c1e74f069a6e6,sao paulo,SP,4,4,6,210.20,70.07,280.27,52.55,1.50,4,0,0.00,9.25,4.00,,0,0.00,4,4.75,0,0.00,2,50.00,2017-09-05,2018-04-08,4,1,2169,0.0016
28405831a29823802aa22c084cfd0649,sao paulo,SP,6,6,6,210.00,72.83,282.83,35.00,1.00,6,0,0.00,7.17,4.67,,1,16.67,6,4.50,0,0.00,4,66.67,2018-06-26,2018-08-18,1,1,2170,0.0016
a9415cf907dfa12f9ed18693244f5329,prados,MG,1,1,2,210.00,175.42,385.42,210.00,2.00,1,0,0.00,11.00,5.00,,0,0.00,1,5.00,0,0.00,1,100.00,2018-01-19,2018-01-19,1,1,2170,0.0016
661ad5fcc28cdfb8bcadb12bb2272475,balneario camboriu,SC,4,4,7,209.93,119.78,329.71,52.48,1.75,4,0,0.00,12.25,2.50,,0,0.00,4,5.00,0,0.00,0,0.00,2018-01-15,2018-07-17,1,1,2171,0.0016
269c5fc9fcadee614364c3620c30a1f9,guarulhos,SP,3,3,6,209.60,45.12,254.72,69.87,2.00,3,0,0.00,4.67,3.00,,0,0.00,3,5.00,0,0.00,3,100.00,2018-07-31,2018-08-08,2,1,2172,0.0016
3fadb4cba4c35bce6a7eaf9872d5623a,caxias do sul,RS,3,3,5,209.50,68.02,277.52,69.83,1.67,3,0,0.00,9.33,3.67,,0,0.00,3,3.33,1,33.33,2,66.67,2017-04-07,2017-05-31,1,1,2173,0.0016
929f342384a6607afe143d789ade1316,londrina,PR,4,4,4,209.40,63.36,272.76,52.35,1.00,4,0,0.00,4.50,1.25,,0,0.00,4,5.00,0,0.00,1,25.00,2018-06-20,2018-08-06,4,3,2174,0.0016
3fefda3299e6dfaea3466ef346a3571a,curitiba,PR,1,1,1,209.00,16.21,225.21,209.00,1.00,1,0,0.00,6.00,3.00,,0,0.00,1,4.00,0,0.00,0,0.00,2017-08-11,2017-08-11,1,1,2175,0.0016
10cdd491d1dbea8fb4ead97b19c334ce,santa rita do sapucai,MG,3,3,3,208.90,78.86,287.76,69.63,1.00,3,0,0.00,7.00,1.67,,0,0.00,3,5.00,0,0.00,0,0.00,2018-06-26,2018-07-24,2,1,2176,0.0016
1de62b6f2fd96227629786db492433db,sp,SP,2,2,2,208.80,28.73,237.53,104.40,1.00,2,0,0.00,8.00,0.50,,0,0.00,2,5.00,0,0.00,1,50.00,2018-06-14,2018-08-23,2,1,2177,0.0016
353e21e8bf8de2722b4fae1636664b76,canoas,RS,4,4,4,208.00,91.89,299.89,52.00,1.00,4,0,0.00,9.00,2.25,,0,0.00,4,2.50,2,50.00,0,0.00,2018-02-27,2018-06-16,2,1,2178,0.0016
5a9c0859cb00fd8aa4db443837f0a700,treze tilias,SC,2,2,2,208.00,47.59,255.59,104.00,1.00,2,0,0.00,9.00,3.00,,0,0.00,2,4.50,0,0.00,0,0.00,2018-07-09,2018-07-11,2,1,2178,0.0016
90b57083da5d803237da74daec6dcb2b,curitiba,PR,2,2,2,206.90,34.31,241.21,103.45,1.00,2,0,0.00,7.50,2.50,,0,0.00,2,5.00,0,0.00,0,0.00,2018-01-28,2018-04-16,2,2,2179,0.0016
762fafdaa57a532ee0119731697579dd,itu,SP,5,5,5,206.70,54.17,260.87,41.34,1.00,5,0,0.00,4.00,1.40,,1,20.00,5,5.00,0,0.00,5,100.00,2018-06-08,2018-08-11,4,2,2180,0.0016
e5d4b2b0c3bca22085f7a19a28de0c42,joinville,SC,4,4,4,205.80,63.76,269.56,51.45,1.00,4,0,0.00,12.50,1.25,,0,0.00,4,4.50,0,0.00,0,0.00,2017-08-26,2017-11-26,4,3,2181,0.0016
dd8a29ce82d5c705ba932d81494600a5,sao paulo,SP,2,2,2,205.75,27.50,233.25,102.88,1.00,2,0,0.00,9.00,5.50,,0,0.00,2,3.50,0,0.00,1,50.00,2017-05-25,2017-09-01,2,1,2182,0.0016
643c01d7c56a724bec0454f4780e8a3e,joinville,SC,2,2,2,205.55,41.10,246.65,102.78,1.00,2,0,0.00,9.50,3.50,,0,0.00,2,4.50,0,0.00,0,0.00,2018-04-05,2018-05-15,2,1,2183,0.0016
efb628aa07c8ca93d7db0d85b91a4f5a,nova iguacu,RJ,1,1,1,204.00,58.10,262.10,204.00,1.00,1,1,100.00,25.00,6.00,1.00,1,100.00,1,4.00,0,0.00,0,0.00,2017-11-17,2017-11-17,1,1,2184,0.0015
e819bcfade7b5d88a27325eb6cfd62c5,guarulhos,SP,5,5,11,202.90,135.35,338.25,40.58,2.20,5,1,20.00,10.00,7.00,2.00,4,80.00,5,4.20,1,20.00,4,80.00,2018-07-20,2018-08-20,4,3,2185,0.0015
f26d70155c2b6326fcfa1780c8c684e4,presidente getulio,SC,1,1,1,202.89,16.17,219.06,202.89,1.00,1,0,0.00,9.00,1.00,,0,0.00,1,5.00,0,0.00,0,0.00,2017-06-26,2017-06-26,1,1,2186,0.0015
bcc9dd23e2a8bd8267cf92b19304a1b9,ibitinga,SP,3,3,3,202.79,43.43,246.22,67.60,1.00,3,2,66.67,22.67,3.67,7.50,0,0.00,3,2.33,2,66.67,1,33.33,2018-01-19,2018-02-21,2,2,2187,0.0015
19484c79cef6c062cb177aa4ef2fcc3c,valinhos,SP,1,1,1,201.90,10.16,212.06,201.90,1.00,1,1,100.00,21.00,19.00,3.00,1,100.00,1,1.00,1,100.00,1,100.00,2018-08-03,2018-08-03,1,1,2188,0.0015
28c7d8743fbc8679f484868cc0fcaefb,itaporanga,SP,3,3,3,201.50,68.86,270.36,67.17,1.00,3,0,0.00,13.33,2.67,,1,33.33,3,5.00,0,0.00,1,33.33,2018-05-05,2018-08-10,2,1,2189,0.0015
72146da5774cabf2632faedcae097a76,marechal candido rondon,PR,4,4,6,200.94,110.49,311.43,50.24,1.50,4,1,25.00,36.00,4.25,76.00,1,25.00,4,4.00,1,25.00,0,0.00,2018-02-06,2018-05-10,4,2,2190,0.0015
3f84fefc07dc159b268d4a77d3e8c425,fazenda rio grande,PR,3,3,3,200.60,51.32,251.92,66.87,1.00,3,0,0.00,8.00,3.00,,1,33.33,3,5.00,0,0.00,0,0.00,2018-05-07,2018-06-29,3,1,2191,0.0015
5db42a6cd9bf1bf0d3aab9582767f168,vitoria,ES,1,1,1,200.00,19.33,219.33,200.00,1.00,1,0,0.00,17.00,3.00,,0,0.00,1,5.00,0,0.00,0,0.00,2018-05-05,2018-05-05,1,1,2192,0.0015
dda37071807e404c5bb2a1590c66326f,sao paulo,SP,1,1,1,199.99,19.28,219.27,199.99,1.00,1,0,0.00,16.00,1.00,,0,0.00,1,5.00,0,0.00,0,0.00,2018-04-24,2018-04-24,1,1,2193,0.0015
3289d8c3eef4873f91ce0b1343c0dd58,praia grande,SP,1,1,1,199.99,19.28,219.27,199.99,1.00,1,0,0.00,14.00,3.00,,0,0.00,1,5.00,0,0.00,0,0.00,2018-05-25,2018-05-25,1,1,2193,0.0015
dbc51f5e45d654ecc16cb68e6817ecea,franca,SP,1,1,1,199.99,18.14,218.13,199.99,1.00,1,0,0.00,18.00,8.00,,1,100.00,1,4.00,0,0.00,0,0.00,2017-02-24,2017-02-24,1,1,2193,0.0015
3fe7120d6257285ac6a3ce7cb071ccec,governador valadares,MG,2,2,2,199.98,28.28,228.26,99.99,1.00,2,0,0.00,9.50,3.50,,1,50.00,2,3.50,0,0.00,1,50.00,2018-01-05,2018-01-10,1,1,2194,0.0015
e59e575a175fadcadf8479e191770425,nova iguacu,RJ,1,1,1,199.90,50.98,250.88,199.90,1.00,1,0,0.00,5.00,3.00,,0,0.00,1,5.00,0,0.00,0,0.00,2018-06-09,2018-06-09,1,1,2195,0.0015
651530bf5c607240ccdd89a30c9c9712,ipira,BA,1,1,1,199.90,24.55,224.45,199.90,1.00,1,0,0.00,12.00,1.00,,0,0.00,1,4.00,0,0.00,0,0.00,2018-08-09,2018-08-09,1,1,2195,0.0015
2a50b7ee5aebecc6fd0ff9784a4747d6,brasilia,DF,1,1,2,199.80,64.44,264.24,199.80,2.00,1,1,100.00,40.00,4.00,17.00,0,0.00,1,1.00,1,100.00,0,0.00,2017-11-27,2017-11-27,1,1,2196,0.0015
2cb4700db635baa1c0d4f90ed27b6669,curitiba,PR,2,2,2,199.80,28.92,228.72,99.90,1.00,2,0,0.00,16.50,13.50,,0,0.00,2,2.00,1,50.00,0,0.00,2017-03-15,2017-03-18,2,1,2196,0.0015
4f0d637c1197fd65405ebd755ac9f86b,taboao da serra,SP,2,2,2,199.80,32.67,232.47,99.90,1.00,2,0,0.00,7.50,3.50,,0,0.00,2,5.00,0,0.00,1,50.00,2018-05-30,2018-06-20,2,1,2196,0.0015
800214c63934acd05d47e84214db8ba8,jaragua do sul,SC,3,3,3,199.70,50.71,250.41,66.57,1.00,3,0,0.00,11.67,5.00,,1,33.33,3,5.00,0,0.00,0,0.00,2017-03-31,2017-05-15,3,2,2197,0.0015
ec5c1d94df153d473b37f880977ae58e,rio de janeiro,SP,2,2,3,199.67,84.07,283.74,99.84,1.50,2,0,0.00,10.00,1.00,,0,0.00,2,2.00,1,50.00,1,50.00,2018-05-22,2018-06-03,2,2,2198,0.0015
8060d731897e33b5c5ae575ce1e209e1,blumenau,SP,5,5,5,199.50,91.45,290.95,39.90,1.00,4,0,0.00,8.00,2.00,,0,0.00,5,4.80,0,0.00,4,80.00,2018-05-07,2018-07-14,1,1,2199,0.0015
4ce8b55b4bfa4659184e7becc1fba3f2,fazenda rio grande,PR,2,2,2,199.00,59.87,258.87,99.50,1.00,2,0,0.00,12.50,1.00,,0,0.00,2,3.00,1,50.00,0,0.00,2018-04-23,2018-04-29,2,1,2200,0.0015
e1bed63d68ac36fe1f3061befe196af5,mogi guacu,SP,1,1,1,199.00,18.00,217.00,199.00,1.00,1,0,0.00,9.00,1.00,,0,0.00,1,5.00,0,0.00,1,100.00,2017-01-30,2017-01-30,1,1,2200,0.0015
e9874ae10b2d60d43917b6bbfa13a599,rolandia,PR,1,1,1,199.00,23.10,222.10,199.00,1.00,1,0,0.00,7.00,1.00,,0,0.00,1,5.00,0,0.00,0,0.00,2018-04-18,2018-04-18,1,1,2200,0.0015
52f6f9f13ba19504c02781132a049e75,curitiba,PR,1,1,1,199.00,23.13,222.13,199.00,1.00,1,0,0.00,16.00,10.00,,1,100.00,1,2.00,1,100.00,0,0.00,2017-03-25,2017-03-25,1,1,2200,0.0015
4450bd8327d471c4a11a83d1445b1b62,cotia,SP,1,1,1,199.00,15.56,214.56,199.00,1.00,1,0,0.00,7.00,1.00,,0,0.00,1,5.00,0,0.00,0,0.00,2017-04-11,2017-04-11,1,1,2200,0.0015
3d290fe363c60a77498c1126fd3fb8d3,itapevi,SP,3,3,3,198.98,35.06,234.04,66.33,1.00,3,0,0.00,7.67,4.00,,1,33.33,3,4.33,0,0.00,2,66.67,2017-03-11,2017-06-03,2,1,2201,0.0015
e503f22be6a4f456d9851920a5d9c670,sao paulo,SP,2,2,2,198.90,32.44,231.34,99.45,1.00,2,0,0.00,5.50,2.50,,0,0.00,2,4.00,0,0.00,1,50.00,2018-07-30,2018-08-14,2,1,2202,0.0015
ad8b531ae67582f096925cff5630d0d1,castro,PR,2,2,2,198.45,53.04,251.49,99.23,1.00,2,0,0.00,20.50,8.50,,1,50.00,2,4.00,0,0.00,0,0.00,2017-10-08,2017-11-24,2,2,2203,0.0015
d8dd176509baa37f359644d082bf7f7b,sao caetano do sul,SP,2,2,2,198.00,31.90,229.90,99.00,1.00,2,2,100.00,30.00,8.50,10.00,1,50.00,2,1.50,2,100.00,0,0.00,2017-11-16,2017-11-25,1,1,2204,0.0015
586a871d4f1221763fddb6ceefdeb95e,porto alegre,RS,1,1,2,198.00,41.48,239.48,198.00,2.00,1,1,100.00,69.00,50.00,22.00,1,100.00,1,1.00,1,100.00,0,0.00,2017-01-26,2017-01-26,1,1,2204,0.0015
6f835fd4be26989b1b064399da346143,curitiba,PR,2,2,2,197.80,31.45,229.25,98.90,1.00,2,0,0.00,7.00,2.00,,0,0.00,2,5.00,0,0.00,0,0.00,2018-05-26,2018-06-18,1,1,2205,0.0015
9da15f4a4ea758d9eeb49000dbe57e22,osasco,SP,1,1,1,196.90,37.71,234.61,196.90,1.00,1,1,100.00,23.00,21.00,6.00,1,100.00,1,2.00,1,100.00,1,100.00,2018-07-31,2018-07-31,1,1,2206,0.0015
fe8055980a4ff7f64ed889c2b5926929,curitiba,PR,3,3,3,196.70,53.28,249.98,65.57,1.00,3,0,0.00,6.33,1.00,,0,0.00,3,4.67,0,0.00,0,0.00,2018-06-11,2018-07-25,2,2,2207,0.0015
809413606dbfe5deefd2db646693ef67,sao paulo,SP,3,3,5,196.68,50.37,247.05,65.56,1.67,3,0,0.00,7.33,4.67,,1,33.33,3,4.33,0,0.00,2,66.67,2017-11-05,2018-05-06,3,1,2208,0.0015
8def3db7f272735afb2ecd03aeca09a7,rio de janeiro,RJ,2,2,2,196.00,33.64,229.64,98.00,1.00,2,0,0.00,2.50,0.50,,0,0.00,2,5.00,0,0.00,1,50.00,2018-07-30,2018-08-06,1,1,2209,0.0015
0f7eea709efdf942b5f95c7516dbacd7,pedrinhas paulista,SP,3,3,3,195.74,44.32,240.06,65.25,1.00,3,0,0.00,8.33,2.67,,0,0.00,3,4.00,0,0.00,2,66.67,2018-04-05,2018-05-13,2,1,2210,0.0015
f356c348fbc8df6a882823e21f5ce8b7,canoas,RS,2,2,2,195.18,30.47,225.65,97.59,1.00,2,0,0.00,7.00,2.50,,0,0.00,2,2.50,1,50.00,0,0.00,2018-08-17,2018-08-20,1,1,2211,0.0015
9c54608f0996c32ae4743089d915f845,loanda,PR,3,3,3,194.80,109.92,304.72,64.93,1.00,3,0,0.00,12.33,2.00,,0,0.00,3,4.00,0,0.00,0,0.00,2018-06-22,2018-07-18,3,1,2212,0.0015
b5f49fe968dff6b112861e6cd8e192ef,curitiba,PR,1,1,2,194.70,42.97,237.67,194.70,2.00,1,0,0.00,14.00,6.00,,0,0.00,1,5.00,0,0.00,0,0.00,2018-01-18,2018-01-18,2,1,2213,0.0015
7d948535954aaf8c5d39db007f74372e,guaruja,SP,4,4,4,194.00,43.80,237.80,48.50,1.00,4,0,0.00,5.50,2.75,,0,0.00,4,3.75,1,25.00,3,75.00,2017-07-02,2018-04-08,3,2,2214,0.0015
f626e15b7314c267e4429010866f70e9,marechal candido rondon,SP,5,5,7,193.55,125.47,319.02,38.71,1.40,5,0,0.00,9.80,2.00,,0,0.00,5,3.80,1,20.00,4,80.00,2018-02-24,2018-07-30,3,3,2215,0.0015
05e107217c7266362fd44b75b2cd4cc4,sao paulo - sp,SP,5,5,8,193.38,82.01,275.39,38.68,1.60,5,1,20.00,8.20,2.40,1.00,0,0.00,5,4.20,0,0.00,3,60.00,2018-06-29,2018-08-21,3,1,2216,0.0015
747c1cdcd1737dcfbd1547f6eb6f2cf3,ibitinga,SP,2,2,2,193.10,29.27,222.37,96.55,1.00,2,0,0.00,15.00,2.00,,0,0.00,2,2.50,1,50.00,0,0.00,2017-09-17,2018-01-27,2,1,2217,0.0015
4d9fea3499bdc22aa4da4e339365f215,sao paulo,SP,2,2,2,192.54,30.20,222.74,96.27,1.00,1,0,0.00,21.00,2.00,,0,0.00,2,5.00,0,0.00,0,0.00,2018-02-17,2018-07-04,1,1,2218,0.0015
78ba5933c21686d1c2f64669c8c459e7,mogi das cruzes,SP,2,2,2,191.80,20.77,212.57,95.90,1.00,2,0,0.00,6.50,2.00,,0,0.00,2,4.25,0,0.00,2,100.00,2017-03-20,2017-05-16,2,2,2219,0.0015
f307937c1bb287c3efc2a514b94b0d1d,araxa,MG,1,1,1,189.99,26.61,216.60,189.99,1.00,1,0,0.00,13.00,3.00,,0,0.00,1,5.00,0,0.00,0,0.00,2017-06-03,2017-06-03,1,1,2220,0.0014
778323240ce2830d68aab11794e00bfb,sao paulo,SP,3,3,3,189.98,52.45,242.43,63.33,1.00,3,0,0.00,10.33,2.33,,1,33.33,3,4.33,0,0.00,1,33.33,2018-06-25,2018-07-30,2,1,2221,0.0014
43a1d4bab73b816e44ef4e4facd9f9b5,maringa,PR,1,1,1,189.90,15.50,205.40,189.90,1.00,1,0,0.00,10.00,2.00,,0,0.00,1,4.00,0,0.00,0,0.00,2017-02-20,2017-02-20,1,1,2222,0.0014
7cf4ea70955b00d6b3c22542598e2715,sao paulo,SP,1,1,1,189.90,14.91,204.81,189.90,1.00,1,0,0.00,7.00,1.00,,0,0.00,1,5.00,0,0.00,1,100.00,2018-07-19,2018-07-19,1,1,2222,0.0014
119c7f1a00ef43fad0e57604e76a747c,sao paulo,SP,2,2,2,189.80,17.02,206.82,94.90,1.00,2,0,0.00,6.00,1.00,,0,0.00,2,4.50,0,0.00,2,100.00,2017-10-15,2018-02-27,2,1,2223,0.0014
213fafb0ca06fb3d5886579c2565791b,sete lagoas,MG,3,3,3,189.70,27.16,216.86,63.23,1.00,3,0,0.00,4.00,0.67,,0,0.00,3,2.33,2,66.67,3,100.00,2018-06-14,2018-08-23,3,3,2224,0.0014
e0482f2c769468c3bbcd8a01e09d98c5,sao paulo,SP,1,1,1,189.00,45.40,234.40,189.00,1.00,1,0,0.00,6.00,3.00,,0,0.00,1,4.00,0,0.00,1,100.00,2018-08-10,2018-08-10,1,1,2225,0.0014
299c89a525fee36c567f4fe72f038100,varzea alegre,CE,1,1,1,189.00,53.67,242.67,189.00,1.00,1,0,0.00,10.00,1.00,,0,0.00,1,3.00,0,0.00,0,0.00,2018-08-08,2018-08-08,1,1,2225,0.0014
b00af24704019bd2e1b335e70ad11f7c,salvador,BA,1,1,1,189.00,18.25,207.25,189.00,1.00,1,0,0.00,15.00,1.00,,0,0.00,1,5.00,0,0.00,0,0.00,2018-06-20,2018-06-20,1,1,2225,0.0014
686886775c8f6b1191c7b953fb52708c,pedreira,SP,1,1,1,189.00,13.62,202.62,189.00,1.00,1,0,0.00,3.00,1.00,,0,0.00,1,5.00,0,0.00,1,100.00,2018-06-26,2018-06-26,1,1,2225,0.0014
c360e4787614ed31ac7a2f95d3b22dc6,lencois paulista,SP,1,1,1,188.90,30.05,218.95,188.90,1.00,1,0,0.00,13.00,8.00,,0,0.00,1,2.00,1,100.00,1,100.00,2018-06-13,2018-06-13,1,1,2226,0.0014
c0aff2da32c17759d30b22fb0af6649d,florianopolis,SC,4,4,5,188.80,83.53,272.33,47.20,1.25,4,0,0.00,7.75,0.50,,0,0.00,4,3.75,0,0.00,0,0.00,2018-06-11,2018-08-22,3,2,2227,0.0014
4c1c7281388a33dd06daac44f9fadbd1,marilia,SP,5,5,5,188.32,81.59,269.91,37.66,1.00,5,0,0.00,8.80,1.80,,0,0.00,5,4.80,0,0.00,2,40.00,2018-04-04,2018-06-20,5,3,2228,0.0014
a3b0df0065e264a91b7bbf5f844af5cd,sao bernardo do capo,SP,2,2,2,186.69,32.06,218.75,93.35,1.00,2,0,0.00,13.50,4.00,,1,50.00,2,5.00,0,0.00,0,0.00,2017-09-20,2017-09-23,2,1,2229,0.0014
3a79f35a2344ede41af21267f61d5ec6,campinas,SP,1,1,1,186.00,31.71,217.71,186.00,1.00,1,0,0.00,14.00,6.00,,0,0.00,1,1.00,1,100.00,0,0.00,2017-11-16,2017-11-16,1,1,2230,0.0014
eec3469d83e142f9a104886655338c37,bauru,SP,4,4,4,185.70,54.74,240.44,46.43,1.00,4,0,0.00,9.75,4.75,,1,25.00,4,4.50,0,0.00,3,75.00,2017-02-03,2018-08-17,4,2,2231,0.0014
9e7c5f4d7770eab65738cca38f9efccf,sao paulo,SP,2,2,2,184.80,38.08,222.88,92.40,1.00,2,0,0.00,7.00,0.00,,0,0.00,2,3.50,0,0.00,1,50.00,2018-06-01,2018-08-07,2,1,2232,0.0014
2075d8cd4dd63ff12df0749a5866bb06,curitiba,PR,3,3,3,184.70,57.53,242.23,61.57,1.00,2,0,0.00,4.50,1.50,,0,0.00,3,5.00,0,0.00,1,33.33,2018-08-07,2018-08-10,2,1,2233,0.0014
7d484ca289afaac6bf5fc6a1e96d2226,campo grande,MS,2,2,2,183.20,65.22,248.42,91.60,1.00,2,0,0.00,12.00,3.00,,0,0.00,2,4.00,0,0.00,0,0.00,2018-08-05,2018-08-17,2,1,2234,0.0014
c990d6cf976a5718aaedc539f383ab88,paulinia,SP,8,8,9,183.10,115.35,298.45,22.89,1.13,8,3,37.50,20.00,13.00,14.00,3,37.50,8,3.63,2,25.00,4,50.00,2017-10-05,2018-01-20,4,3,2235,0.0014
23ca5f678e0b3ea6c630b30fa8bf51ea,sao paulo,SP,6,5,7,183.00,96.39,279.39,30.50,1.17,6,0,0.00,7.50,3.50,,0,0.00,6,5.00,0,0.00,3,50.00,2017-03-04,2017-05-04,4,1,2236,0.0014
1c56ffe0e9dea2657fc6e95b53f40b13,sao carlos,SP,3,3,3,183.00,84.39,267.39,61.00,1.00,3,0,0.00,6.67,1.33,,0,0.00,3,4.33,0,0.00,1,33.33,2018-07-23,2018-08-22,2,1,2236,0.0014
3dfd3dc96f7f8598eca74e9ac8a2fa31,sao paulo,SP,6,6,6,183.00,75.70,258.70,30.50,1.00,6,1,16.67,12.33,2.67,10.00,0,0.00,6,4.00,1,16.67,3,50.00,2017-11-13,2018-06-16,6,4,2236,0.0014
478bfe564db21eeb44386606aa30b650,pedro leopoldo,MG,3,3,3,182.70,48.10,230.80,60.90,1.00,3,0,0.00,14.00,5.00,,1,33.33,3,4.67,0,0.00,0,0.00,2017-10-08,2017-12-27,3,1,2237,0.0014
5659d77e8d90378e39b960ad5956f64e,taubate,SP,2,2,2,182.48,30.65,213.13,91.24,1.00,2,1,50.00,20.50,3.00,3.00,0,0.00,2,2.50,1,50.00,1,50.00,2017-09-12,2018-03-24,2,2,2238,0.0014
31e60bf8d103ce47932a85f5562deb16,goiania,GO,1,1,1,181.00,58.04,239.04,181.00,1.00,1,0,0.00,15.00,1.00,,0,0.00,1,5.00,0,0.00,0,0.00,2018-07-11,2018-07-11,1,1,2239,0.0014
8ca5b19e0263150d2c57afdde2b3d011,maua,SP,3,3,4,180.60,44.08,224.68,60.20,1.33,3,0,0.00,4.67,1.00,,0,0.00,3,4.67,0,0.00,2,66.67,2017-10-26,2017-11-23,2,2,2240,0.0014
88cd3681e0a2ba85e190f7d817629c4c,brusque,SC,1,1,1,180.00,19.36,199.36,180.00,1.00,1,0,0.00,7.00,2.00,,0,0.00,1,4.00,0,0.00,0,0.00,2018-08-15,2018-08-15,1,1,2241,0.0014
964ff64dc05b13811c6d0f41e0aa5f6b,sao paulo,SP,1,1,1,180.00,24.06,204.06,180.00,1.00,1,0,0.00,7.00,1.00,,0,0.00,1,5.00,0,0.00,0,0.00,2018-07-18,2018-07-18,1,1,2241,0.0014
7ad41305e96a6cab8294cd65891e9a86,rio bonito,SP,2,2,2,180.00,57.60,237.60,90.00,1.00,2,0,0.00,11.50,2.50,,0,0.00,2,5.00,0,0.00,1,50.00,2018-06-05,2018-06-12,2,1,2241,0.0014
9c57bc60cfad5ee62d35d3f1ce4593a1,curitiba,PR,1,1,1,180.00,15.43,195.43,180.00,1.00,1,1,100.00,37.00,28.00,14.00,1,100.00,1,1.00,1,100.00,0,0.00,2017-04-26,2017-04-26,1,1,2241,0.0014
9dd459b29a14bf89d47183cf2cd0e4c7,sao paulo,SP,2,2,2,180.00,18.82,198.82,90.00,1.00,2,1,50.00,6.50,3.50,1.00,0,0.00,2,5.00,0,0.00,2,100.00,2018-01-14,2018-08-04,2,1,2241,0.0014
94165aea8a35c3c21499cbcae239b16c,uberlandia,MG,1,1,1,180.00,16.11,196.11,180.00,1.00,1,0,0.00,6.00,2.00,,0,0.00,1,2.00,1,100.00,1,100.00,2018-06-07,2018-06-07,1,1,2241,0.0014
7f5e4d5efad7e44b91115dd1decb65f3,jacarei / sao paulo,SP,3,2,9,179.90,77.42,257.32,59.97,3.00,3,0,0.00,7.33,1.67,,0,0.00,3,5.00,0,0.00,2,66.67,2018-05-07,2018-07-29,2,1,2242,0.0014
05ca864204d09595ae591b93ea9cf93d,barueri,SP,1,1,1,179.90,8.52,188.42,179.90,1.00,1,0,0.00,5.00,4.00,,0,0.00,1,5.00,0,0.00,1,100.00,2018-08-16,2018-08-16,1,1,2242,0.0014
50bf89f1349bc0409a268c3a49678009,jaci,SP,1,1,1,179.90,102.57,282.47,179.90,1.00,1,0,0.00,9.00,1.00,,0,0.00,1,5.00,0,0.00,0,0.00,2018-07-02,2018-07-02,1,1,2242,0.0014
3606774ec64634822d78dc2db6d37045,sao caetano do sul,SP,1,1,1,179.90,16.37,196.27,179.90,1.00,1,0,0.00,16.00,11.00,,1,100.00,1,5.00,0,0.00,1,100.00,2016-10-04,2016-10-04,1,1,2242,0.0014
762ed976527cddf02787edba70fffa2a,londrina,PR,3,3,4,179.80,60.32,240.12,59.93,1.33,3,0,0.00,7.67,2.00,,0,0.00,3,2.33,2,66.67,0,0.00,2017-11-24,2017-12-12,3,2,2243,0.0014
2235cf78d3e2073a88146a9cb60f0dd0,sao paulo,SP,1,1,1,178.99,25.77,204.76,178.99,1.00,1,0,0.00,15.00,5.00,,0,0.00,1,5.00,0,0.00,1,100.00,2017-11-30,2017-11-30,1,1,2244,0.0014
880ce4951cf857ab1d9e0b75c1d856f4,belo horizont,MG,1,1,1,178.90,18.82,197.72,178.90,1.00,1,0,0.00,15.00,4.00,,0,0.00,1,5.00,0,0.00,0,0.00,2018-02-13,2018-02-13,1,1,2245,0.0014
f3975e8a41157005d4bcbb358678cd9b,pinhalzinho,SC,2,2,2,178.80,83.98,262.78,89.40,1.00,2,0,0.00,8.50,2.00,,0,0.00,2,5.00,0,0.00,0,0.00,2018-04-02,2018-08-19,2,2,2246,0.0014
6f1a1263039c76e68f40a8e536b1da6a,sao paulop,SP,2,2,5,178.69,74.50,253.19,89.35,2.50,2,1,50.00,51.00,18.00,72.00,1,50.00,2,2.00,1,50.00,0,0.00,2017-09-17,2018-01-15,1,1,2247,0.0014
57fe6232e67823593374a2281d7a8af8,capivari,SP,8,8,8,178.68,105.36,284.04,22.34,1.00,8,0,0.00,9.63,1.63,,0,0.00,8,4.75,0,0.00,5,62.50,2017-03-05,2017-12-01,7,2,2248,0.0014
1352e06ae67b410cdae0b2a22361167b,rio de janeiro,RJ,2,2,2,178.00,36.10,214.10,89.00,1.00,2,2,100.00,34.50,18.00,2.50,2,100.00,2,3.00,1,50.00,0,0.00,2017-04-07,2017-04-07,1,1,2249,0.0013
19e0f40a907ec568c34bfac15de4f4a1,americana,SP,4,4,4,178.00,41.62,219.62,44.50,1.00,4,0,0.00,5.75,2.50,,0,0.00,4,5.00,0,0.00,3,75.00,2017-01-31,2017-10-17,1,1,2249,0.0013
ab9db4cf53b08b828b64dccaafc2d9f0,paraiso do sul,RS,4,4,4,177.78,105.82,283.60,44.45,1.00,4,0,0.00,11.50,2.75,,0,0.00,4,5.00,0,0.00,1,25.00,2017-05-18,2018-07-19,3,2,2250,0.0013
2d2322d842118867781fc737e96d59a1,sao paulo,SP,8,8,10,176.40,104.97,281.37,22.05,1.25,7,1,14.29,7.43,2.00,14.00,0,0.00,8,4.88,0,0.00,6,75.00,2018-06-08,2018-08-25,5,1,2251,0.0013
a0a14e50070f3225b3eabba5b85da517,curitiba,PR,4,4,4,176.20,72.44,248.64,44.05,1.00,4,0,0.00,6.00,1.25,,0,0.00,4,4.50,0,0.00,0,0.00,2018-07-30,2018-08-15,1,1,2252,0.0013
c353f8fc0ce8344999f17d578eb69a5e,porto alegre,RS,2,2,2,175.98,36.59,212.57,87.99,1.00,2,0,0.00,10.00,1.50,,0,0.00,2,5.00,0,0.00,0,0.00,2017-01-23,2017-02-06,1,1,2253,0.0013
cbbd5ae8f53de5f5097cd8217b529e24,santana de parnaiba,SP,1,1,1,175.90,32.26,208.16,175.90,1.00,1,0,0.00,21.00,4.00,,0,0.00,1,4.00,0,0.00,0,0.00,2017-02-10,2017-02-10,1,1,2254,0.0013
485452467ff670447e84a8370c3fc898,taio,SC,3,3,3,175.70,139.74,315.44,58.57,1.00,3,0,0.00,14.00,2.33,,0,0.00,3,4.67,0,0.00,0,0.00,2018-02-02,2018-03-01,3,2,2255,0.0013
b906dd0e57f282c7089171b6ed07982e,parana,PR,2,2,2,175.00,35.75,210.75,87.50,1.00,2,0,0.00,7.00,0.50,,0,0.00,2,4.00,0,0.00,0,0.00,2018-04-18,2018-06-25,2,1,2256,0.0013
4dc2e811a1760953cb7c6a590b498943,itapui,SP,1,1,1,175.00,24.84,199.84,175.00,1.00,1,0,0.00,7.00,1.00,,0,0.00,1,5.00,0,0.00,1,100.00,2018-08-20,2018-08-20,1,1,2256,0.0013
f92d8c817434bd2d84d4e9c61322b7fa,sorocaba,SP,5,5,5,174.84,50.77,225.61,34.97,1.00,5,0,0.00,8.40,5.20,,1,20.00,5,4.60,0,0.00,5,100.00,2018-01-19,2018-07-26,3,1,2257,0.0013
23ff42c4bf1f8f16cddb19d8b972974a,itau de minas,MG,2,2,3,174.70,52.97,227.67,87.35,1.50,2,0,0.00,11.50,2.50,,0,0.00,2,4.00,0,0.00,0,0.00,2017-09-27,2017-11-17,2,1,2258,0.0013
dd9661d3cda1e6feb237f0c4d8b26f2e,campos novos,SC,1,1,1,174.00,16.98,190.98,174.00,1.00,1,0,0.00,18.00,5.00,,0,0.00,1,5.00,0,0.00,0,0.00,2017-10-12,2017-10-12,1,1,2259,0.0013
0692610d8abe24f287e9fae90ea0bbee,sao paulo,SP,4,4,4,173.99,31.73,205.72,43.50,1.00,4,1,25.00,6.50,4.75,2.00,3,75.00,4,4.00,0,0.00,4,100.00,2018-06-02,2018-08-22,3,2,2260,0.0013
99a25c39b28a74d1151c35c18d178292,sao paulo,SP,1,1,6,173.94,44.76,218.70,173.94,6.00,1,0,0.00,2.00,1.00,,0,0.00,1,5.00,0,0.00,1,100.00,2018-06-13,2018-06-13,1,1,2261,0.0013
aae5953b9edddf14749c0d65d60eb4b9,belo horizonte,MG,2,2,2,173.00,29.90,202.90,86.50,1.00,2,0,0.00,12.50,4.50,,0,0.00,2,5.00,0,0.00,0,0.00,2017-09-30,2017-10-18,2,1,2262,0.0013
ccada0ef508e698917a6eab263375905,pato bragado,PR,3,3,3,172.80,59.16,231.96,57.60,1.00,3,0,0.00,10.00,1.33,,0,0.00,3,3.67,1,33.33,1,33.33,2017-07-13,2017-10-05,3,2,2263,0.0013
50770d25768b0486d89be26afca3108f,santo andre,SP,6,6,6,171.77,76.09,247.86,28.63,1.00,6,1,16.67,13.50,3.17,12.00,0,0.00,6,4.00,1,16.67,3,50.00,2017-12-12,2018-07-18,5,1,2264,0.0013
e1643dff33666ca629e3644c02738179,sao paulo,SP,3,3,3,170.00,29.31,199.31,56.67,1.00,3,0,0.00,4.33,2.00,,0,0.00,3,4.33,0,0.00,3,100.00,2018-05-11,2018-05-28,2,2,2265,0.0013
3ea08c48e851106d2f584349daba335f,barbacena,MG,1,1,1,170.00,22.94,192.94,170.00,1.00,1,0,0.00,6.00,5.00,,0,0.00,1,4.00,0,0.00,1,100.00,2018-06-13,2018-06-13,1,1,2265,0.0013
55c96925041a14097b6a7825554f4ad5,sao paulo,SP,5,5,6,170.00,45.89,215.89,34.00,1.20,5,1,20.00,11.40,5.40,1.00,1,20.00,5,4.60,0,0.00,5,100.00,2017-03-23,2017-11-10,5,1,2265,0.0013
5ca5d579b5857ee8709479b1047cecc3,sao paulo,SP,1,1,1,169.99,8.05,178.04,169.99,1.00,1,1,100.00,18.00,13.00,5.00,1,100.00,1,1.00,1,100.00,1,100.00,2018-03-22,2018-03-22,1,1,2266,0.0013
7fe21dd00d2f4943ae09525efa2fd674,rio de janeiro,RJ,2,2,2,169.80,19.21,189.01,84.90,1.00,2,0,0.00,7.00,4.50,,1,50.00,2,5.00,0,0.00,2,100.00,2017-04-22,2017-07-02,2,1,2267,0.0013
695051e2981c8b19e77cafe450d5bdf3,osasco,SP,1,1,1,169.76,12.69,182.45,169.76,1.00,1,0,0.00,20.00,4.00,,0,0.00,1,5.00,0,0.00,1,100.00,2017-12-08,2017-12-08,1,1,2268,0.0013
b01c2b7b8599b325103ebcddc67413e1,venancio aires,RS,4,4,4,169.45,72.67,242.12,42.36,1.00,4,0,0.00,8.25,3.50,,0,0.00,4,4.75,0,0.00,1,25.00,2018-07-13,2018-08-18,1,1,2269,0.0013
d9c349beabc06aa6ff1c6d68b5e9e22e,sao paulo,SP,1,1,1,168.10,37.55,205.65,168.10,1.00,1,0,0.00,21.00,9.00,,1,100.00,1,5.00,0,0.00,0,0.00,2018-04-30,2018-04-30,1,1,2270,0.0013
c7c7b2682c648339a0e9846bb1023a39,braganca paulista,SP,2,2,3,168.00,31.68,199.68,84.00,1.50,2,0,0.00,10.50,5.00,,0,0.00,2,4.50,0,0.00,1,50.00,2017-10-12,2017-12-13,2,1,2271,0.0013
51a04a8a6bdcb23deccc82b0b80742cf,braganca paulista,SP,1,1,1,167.99,31.93,199.92,167.99,1.00,1,1,100.00,35.00,13.00,7.00,1,100.00,1,1.00,1,100.00,0,0.00,2017-11-14,2017-11-14,1,1,2272,0.0013
7178e1eaa97257d8b6d4b80efd77a025,tatui,SP,1,1,1,167.90,16.81,184.71,167.90,1.00,1,0,0.00,7.00,1.00,,0,0.00,1,5.00,0,0.00,1,100.00,2017-09-05,2017-09-05,1,1,2273,0.0013
89d9a386b0b6e5fc8403071b03f7206a,sao paulo,SP,2,2,5,167.00,68.25,235.25,83.50,2.50,2,0,0.00,13.50,5.00,,0,0.00,2,4.00,0,0.00,1,50.00,2018-02-10,2018-02-12,1,1,2274,0.0013
1d1bbb8ac1581824986f582583fff01d,indaial,SC,4,4,4,166.88,59.59,226.47,41.72,1.00,4,1,25.00,9.00,3.50,5.00,1,25.00,4,3.50,1,25.00,2,50.00,2018-04-27,2018-08-24,3,2,2275,0.0013
1e483cc5c76fef08d3ca05f9a8af7d01,sao paulo,SP,9,9,10,166.09,102.28,268.37,18.45,1.11,9,0,0.00,8.44,2.89,,1,11.11,9,4.44,0,0.00,7,77.78,2017-02-09,2017-05-18,3,3,2276,0.0013
1cbdc7cf130a41fd13a3c2a7d2fcfda7,lambari,MG,2,2,2,165.80,59.81,225.61,82.90,1.00,1,0,0.00,11.00,3.00,,0,0.00,2,5.00,0,0.00,1,50.00,2018-05-06,2018-07-03,1,1,2277,0.0013
2ea0861cc19e94cad86438c984c52da4,sao paulo,SP,6,6,6,165.60,62.45,228.05,27.60,1.00,6,0,0.00,5.17,2.00,,1,16.67,6,3.33,1,16.67,5,83.33,2018-05-17,2018-07-17,5,5,2278,0.0013
76d336555bb25f3165d2f0d6da719c40,sorocaba,SP,1,1,1,165.00,11.76,176.76,165.00,1.00,1,0,0.00,12.00,6.00,,1,100.00,1,3.00,0,0.00,1,100.00,2017-02-03,2017-02-03,1,1,2279,0.0012
33d677f27a69b84051204ee4ae76eaca,joinville,SC,9,9,10,165.00,173.49,338.49,18.33,1.11,9,0,0.00,8.78,3.11,,1,11.11,9,4.56,1,11.11,2,22.22,2018-03-17,2018-07-20,5,3,2279,0.0012
bd4ff04377f974574f7f0bf9d6ce7dde,santa maria da serra,SP,4,4,4,164.96,50.14,215.10,41.24,1.00,4,1,25.00,22.00,17.75,4.00,2,50.00,4,3.50,1,25.00,3,75.00,2016-10-05,2017-02-20,3,3,2280,0.0012
e45edf75f568ed2f93f78d060e246e25,rio de janeiro,RJ,6,6,7,164.30,113.92,278.22,27.38,1.17,6,0,0.00,12.33,4.17,,2,33.33,6,4.17,0,0.00,1,16.67,2018-06-06,2018-07-24,6,1,2281,0.0012
f19516b9ff26bfeb091b30108db4ddbd,artur nogueira,SP,3,3,3,162.70,56.52,219.22,54.23,1.00,3,0,0.00,10.33,4.00,,0,0.00,3,3.67,1,33.33,0,0.00,2017-09-24,2017-11-14,3,1,2282,0.0012
98e164d549402270247f3c96a1a158ef,sao paulo,SP,2,2,2,162.70,24.72,187.42,81.35,1.00,2,0,0.00,9.00,5.00,,0,0.00,2,2.50,1,50.00,1,50.00,2017-06-06,2017-08-18,2,1,2282,0.0012
fa5fdc4e4bb6bd1009ad0e4ac4096562,santo andre,SP,1,1,1,161.99,32.86,194.85,161.99,1.00,1,0,0.00,7.00,4.00,,0,0.00,1,5.00,0,0.00,0,0.00,2016-10-10,2016-10-10,1,1,2283,0.0012
bff9deb0ec77d437f3305a79cf25529e,limeira,SP,5,5,5,161.95,80.79,242.74,32.39,1.00,5,0,0.00,6.80,1.40,,0,0.00,5,4.00,1,20.00,1,20.00,2018-06-23,2018-08-16,1,1,2284,0.0012
d9d43faf741ceaa8da52fdbb81d9e0e3,juiz de fora,SP,4,4,6,161.00,174.79,335.79,40.25,1.50,4,0,0.00,9.25,2.75,,0,0.00,4,4.00,1,25.00,0,0.00,2018-04-05,2018-08-07,6,1,2285,0.0012
d3e7d37c0df9aef383f3f2a15b0dddfb,sao jose dos pinhais,PR,1,1,1,161.00,40.34,201.34,161.00,1.00,1,0,0.00,13.00,3.00,,0,0.00,1,5.00,0,0.00,0,0.00,2018-07-22,2018-07-22,1,1,2285,0.0012
3442033154be05bac582e173ef54fd12,sao paulo,SP,1,1,1,161.00,8.39,169.39,161.00,1.00,1,0,0.00,4.00,1.00,,0,0.00,1,5.00,0,0.00,1,100.00,2018-08-16,2018-08-16,1,1,2285,0.0012
fc6295add6f51a0936407ead70c1001d,sao paulo,SP,1,1,4,160.00,70.52,230.52,160.00,4.00,1,0,0.00,14.00,1.00,,0,0.00,1,1.00,1,100.00,0,0.00,2017-11-06,2017-11-06,4,1,2286,0.0012
533d46c1b06970e99f09523a61df4972,itapetininga,SP,2,2,2,159.98,32.64,192.62,79.99,1.00,2,0,0.00,17.00,7.50,,1,50.00,2,4.50,0,0.00,0,0.00,2018-02-01,2018-02-04,1,1,2287,0.0012
aa2640d851ec322526f1295bbeb20092,sao paulo,SP,1,1,2,159.98,22.36,182.34,159.98,2.00,1,0,0.00,4.00,3.00,,0,0.00,1,3.00,0,0.00,1,100.00,2018-05-06,2018-05-06,1,1,2287,0.0012
913fd0ebba70bb919f7254a02239173c,blumenau,SC,1,1,1,159.90,19.22,179.12,159.90,1.00,1,0,0.00,13.00,1.00,,0,0.00,1,1.00,1,100.00,0,0.00,2018-07-25,2018-07-25,1,1,2288,0.0012
fc0b214b59a83615fea981c6424a02ae,maua,SP,1,1,1,159.90,12.14,172.04,159.90,1.00,1,0,0.00,4.00,3.00,,0,0.00,1,5.00,0,0.00,1,100.00,2018-08-17,2018-08-17,1,1,2288,0.0012
2039c5e51785b5dde7cf93ccb3b7be2c,guaira,SP,1,1,1,159.90,13.78,173.68,159.90,1.00,1,0,0.00,8.00,1.00,,0,0.00,1,5.00,0,0.00,1,100.00,2018-07-16,2018-07-16,1,1,2288,0.0012
99cd94252748d2bdde08e17858233602,sao paulo,SP,2,2,2,159.80,21.52,181.32,79.90,1.00,1,0,0.00,5.00,1.00,,0,0.00,2,4.50,0,0.00,2,100.00,2018-06-20,2018-06-21,1,1,2289,0.0012
4bde6149c15cf7e177b36fa060dd6de8,carazinho,RS,2,2,2,159.80,32.66,192.46,79.90,1.00,2,0,0.00,10.50,7.50,,0,0.00,2,5.00,0,0.00,0,0.00,2016-10-07,2016-10-10,2,2,2289,0.0012
2ec6e37d992a95eaddb3369dcbcc76d9,porto alegre,RS,2,2,2,159.80,24.14,183.94,79.90,1.00,2,0,0.00,9.50,3.50,,0,0.00,2,1.50,2,100.00,0,0.00,2017-08-18,2017-10-06,1,1,2289,0.0012
6902157ee16728322d61a1321fa79e58,sao paulo,SP,2,2,2,159.80,31.63,191.43,79.90,1.00,2,0,0.00,10.50,3.50,,0,0.00,2,3.00,1,50.00,0,0.00,2017-09-21,2017-10-07,1,1,2289,0.0012
b7e1750c1157341d2abd0251e07c186b,sao paulo,SP,3,3,4,159.60,60.96,220.56,53.20,1.33,3,0,0.00,10.33,3.33,,0,0.00,3,4.33,0,0.00,0,0.00,2017-02-14,2017-04-20,4,2,2290,0.0012
0ade5cc4a305ed7093a23f68ca47519c,curitiba,PR,2,2,2,158.88,42.39,201.27,79.44,1.00,2,0,0.00,6.50,1.50,,0,0.00,2,5.00,0,0.00,0,0.00,2017-11-24,2018-01-21,2,1,2291,0.0012
954e95f20808d7e5d11f0de292d078e0,joao monlevade,MG,3,3,4,158.78,119.18,277.96,52.93,1.33,3,0,0.00,9.00,2.00,,0,0.00,3,4.67,0,0.00,2,66.67,2017-09-09,2017-11-26,2,1,2292,0.0012
c04d70d515d15a7e3db3a73320598566,niteroi,RJ,3,3,4,158.20,56.62,214.82,52.73,1.33,3,0,0.00,6.33,1.67,,0,0.00,3,5.00,0,0.00,1,33.33,2017-05-24,2017-11-13,3,2,2293,0.0012
98dddbc4601dd4443ca174359b237166,sarandi,PR,2,2,2,158.00,53.67,211.67,79.00,1.00,2,0,0.00,8.00,3.00,,0,0.00,2,5.00,0,0.00,0,0.00,2018-07-13,2018-07-23,1,1,2294,0.0012
f1ce5fdecd64935c28b9ff932751d0dc,santana de parnaiba,SP,2,2,2,158.00,22.53,180.53,79.00,1.00,2,0,0.00,10.50,5.00,,0,0.00,2,4.50,0,0.00,1,50.00,2017-03-25,2017-06-29,2,1,2294,0.0012
ce3ad9de960102d0677a81f5d0bb7b2d,rio de janeiro,RJ,1,1,1,158.00,16.21,174.21,158.00,1.00,1,0,0.00,4.00,1.00,,0,0.00,1,5.00,0,0.00,0,0.00,2018-07-30,2018-07-30,1,1,2294,0.0012
dde698c6d0bd24834c586e5111c2bba7,petropolis,RJ,1,1,1,155.90,19.19,175.09,155.90,1.00,1,0,0.00,7.00,1.00,,0,0.00,1,5.00,0,0.00,0,0.00,2018-07-30,2018-07-30,1,1,2295,0.0012
d2df77822373f19934e87694d8640767,arapongas,PR,2,2,2,155.90,40.50,196.40,77.95,1.00,2,0,0.00,22.00,13.50,,0,0.00,2,3.00,1,50.00,0,0.00,2018-04-18,2018-04-26,2,2,2295,0.0012
b9de031b671cd48b28fae9d828cbf2b4,sao paulo,SP,1,1,1,155.32,43.37,198.69,155.32,1.00,1,0,0.00,9.00,1.00,,0,0.00,1,5.00,0,0.00,0,0.00,2018-07-18,2018-07-18,1,1,2296,0.0012
3c88ed2e76a2247933a15daa7161eb1c,cosmopolis,SP,1,1,1,155.00,151.20,306.20,155.00,1.00,1,0,0.00,20.00,5.00,,0,0.00,1,5.00,0,0.00,0,0.00,2018-02-01,2018-02-01,1,1,2297,0.0012
4dab98ca6cd6d3df586203cefd28a042,porto alegre,RS,1,1,1,154.90,18.33,173.23,154.90,1.00,1,0,0.00,28.00,9.00,,1,100.00,1,5.00,0,0.00,0,0.00,2018-03-05,2018-03-05,1,1,2298,0.0012
f664f98bfda2eaf266a23ff144e7a872,sao paulo,SP,2,2,2,153.99,7.81,161.80,77.00,1.00,1,0,0.00,3.00,2.00,,0,0.00,2,3.00,1,50.00,2,100.00,2017-07-18,2017-11-19,2,2,2299,0.0012
90b36c5aeb728d5504a39f435bef0c5f,conchal,SP,4,4,4,153.89,94.00,247.89,38.47,1.00,4,0,0.00,11.50,4.25,,1,25.00,4,5.00,0,0.00,1,25.00,2018-07-11,2018-08-01,3,3,2300,0.0012
0b09101900100c0e9d312861fad5a1b9,sao paulo,SP,1,1,1,153.75,14.61,168.36,153.75,1.00,0,0,,,,,0,0.00,1,4.00,0,0.00,1,100.00,2017-01-27,2017-01-27,1,1,2301,0.0012
6601ee6383e7f452be71929f8de48bbb,ribeirao pretp,SP,2,2,2,153.60,28.34,181.94,76.80,1.00,2,0,0.00,15.00,5.50,,0,0.00,2,4.00,0,0.00,1,50.00,2017-10-27,2017-11-08,2,1,2302,0.0012
d26aa40b90272d4843d63be7c1462c8d,sao paulo,SP,2,2,2,152.90,24.52,177.42,76.45,1.00,2,0,0.00,4.50,1.50,,0,0.00,2,4.50,0,0.00,1,50.00,2018-07-11,2018-08-01,2,1,2303,0.0012
78813699ffac347fe27dba345a5f1551,bento goncalves,RS,1,1,1,152.42,48.12,200.54,152.42,1.00,1,0,0.00,9.00,1.00,,0,0.00,1,5.00,0,0.00,0,0.00,2018-06-24,2018-06-24,1,1,2304,0.0012
4ddeb3e828550cddc8d45c8bc36ab2d1,sao paulo,SP,1,1,1,152.00,12.45,164.45,152.00,1.00,1,0,0.00,8.00,2.00,,0,0.00,1,5.00,0,0.00,1,100.00,2017-03-15,2017-03-15,1,1,2305,0.0011
56f413900b5166ab4d730e9ac0b12cb0,sorocaba,SP,3,3,3,151.79,42.45,194.24,50.60,1.00,3,0,0.00,10.00,3.00,,0,0.00,3,4.67,0,0.00,2,66.67,2017-06-28,2017-07-12,2,2,2306,0.0011
bd0a1b0aadca9a83d9304f7e8ff5fbd5,sao paulo,SP,4,4,4,150.60,54.59,205.19,37.65,1.00,4,0,0.00,5.75,1.50,,0,0.00,4,4.50,0,0.00,2,50.00,2018-07-15,2018-07-29,4,1,2307,0.0011
3dc69bf2c42f0568a5c4791ec3fd3745,sao paulo,SP,1,1,1,150.00,17.62,167.62,150.00,1.00,1,0,0.00,26.00,0.00,,0,0.00,1,3.00,0,0.00,0,0.00,2018-02-16,2018-02-16,1,1,2308,0.0011
2d34636518ba88f5349b732fcf8ba2e4,sao paulo,SP,1,1,1,150.00,18.63,168.63,150.00,1.00,1,0,0.00,11.00,2.00,,0,0.00,1,5.00,0,0.00,0,0.00,2018-04-30,2018-04-30,1,1,2308,0.0011
c398bc00a606d33758afd91f4e64fd15,rio de janeiro,RJ,2,2,2,150.00,15.50,165.50,75.00,1.00,2,0,0.00,4.00,1.50,,0,0.00,2,4.50,0,0.00,2,100.00,2018-05-30,2018-06-28,1,1,2308,0.0011
578fa3a9cb6b6dceab39231ad59cdaca,fortaleza,CE,3,3,3,150.00,37.20,187.20,50.00,1.00,3,1,33.33,22.67,3.67,15.00,0,0.00,3,3.67,1,33.33,1,33.33,2017-09-16,2018-04-30,2,1,2308,0.0011
4867209cb29b56b92893d7bde3ce8012,jau,SP,1,1,1,150.00,19.15,169.15,150.00,1.00,1,0,0.00,10.00,4.00,,0,0.00,1,4.00,0,0.00,0,0.00,2018-06-16,2018-06-16,1,1,2308,0.0011
1e47d8b6546eb3a77b1acddcc9406242,campinas,SP,1,1,1,149.90,16.81,166.71,149.90,1.00,1,0,0.00,35.00,16.00,,0,0.00,1,1.00,1,100.00,0,0.00,2017-05-15,2017-05-15,1,1,2309,0.0011
49f8d2ea7b718d0ce587d34207caf2b4,sao bernardo do campo,SP,1,1,1,149.90,15.36,165.26,149.90,1.00,1,0,0.00,7.00,4.00,,0,0.00,1,5.00,0,0.00,1,100.00,2018-08-23,2018-08-23,1,1,2309,0.0011
f266295f49a28eee21f413e0cbb0521d,ponta grossa,PR,2,2,2,149.80,28.14,177.94,74.90,1.00,2,0,0.00,12.00,5.50,,0,0.00,2,4.50,0,0.00,1,50.00,2017-11-08,2017-11-09,2,2,2310,0.0011
6ba4733aa33f6386e9fb0c0fd3993b38,torres,RS,3,3,3,149.79,60.09,209.88,49.93,1.00,3,0,0.00,12.33,2.00,,0,0.00,3,4.67,0,0.00,1,33.33,2018-04-16,2018-08-17,3,2,2311,0.0011
63272377184e969942f7fff221be858d,sao paulo,SP,2,2,2,149.70,66.53,216.23,74.85,1.00,2,0,0.00,12.50,4.00,,0,0.00,2,5.00,0,0.00,1,50.00,2017-05-18,2017-05-18,2,1,2312,0.0011
3d700782d7818f2c1e0d7a9e9d75fc00,sertanopolis,SP,3,3,3,149.70,85.41,235.11,49.90,1.00,3,1,33.33,25.67,2.00,14.00,0,0.00,3,3.67,1,33.33,0,0.00,2017-04-23,2017-07-11,1,1,2312,0.0011
e00d85ce20ea50c1224c66ca5050527d,osasco,SP,1,1,1,149.00,8.30,157.30,149.00,1.00,1,0,0.00,2.00,1.00,,0,0.00,1,4.00,0,0.00,1,100.00,2017-07-13,2017-07-13,1,1,2313,0.0011
d8b8f2cf9ff6ba0389072541cb42498c,formosa,GO,1,1,1,149.00,20.01,169.01,149.00,1.00,1,0,0.00,12.00,1.00,,0,0.00,1,5.00,0,0.00,0,0.00,2018-05-23,2018-05-23,1,1,2313,0.0011
f35becee938e982bd615edf8ef12bcfb,alvares machado,SP,6,6,6,148.59,78.22,226.81,24.77,1.00,6,0,0.00,7.83,1.17,,0,0.00,6,4.00,1,16.67,3,50.00,2017-03-09,2017-08-02,5,2,2314,0.0011
8fbe2ee446b97e128471be4ce983dc0d,sorocaba,SP,3,3,3,148.50,40.00,188.50,49.50,1.00,3,1,33.33,7.67,3.67,7.00,1,33.33,3,3.00,2,66.67,2,66.67,2018-06-19,2018-08-01,3,1,2315,0.0011
ca7c6bd577e559472af1c699de9e764e,sao bernardo do campo,SP,6,6,8,148.00,70.82,218.82,24.67,1.33,6,0,0.00,4.67,1.33,,0,0.00,6,4.33,1,16.67,6,100.00,2018-03-22,2018-04-04,1,1,2316,0.0011
7d7866a99a8656a42c7ff6352a433410,sao paulo,SP,5,5,5,147.89,59.49,207.38,29.58,1.00,4,0,0.00,4.50,1.25,,0,0.00,5,4.40,0,0.00,3,60.00,2018-07-03,2018-08-29,4,3,2317,0.0011
2a7c6c0b0d5efde2bf75ec1e1cec2d41,maringa,PR,3,3,3,147.60,44.44,192.04,49.20,1.00,3,0,0.00,10.33,3.33,,1,33.33,3,3.33,1,33.33,0,0.00,2017-11-14,2017-12-11,3,1,2318,0.0011
6ee85be3693ed79a8e80718743d80655,sao paulo,SP,5,5,5,147.50,88.97,236.47,29.50,1.00,5,2,40.00,29.20,18.20,17.50,3,60.00,5,3.20,2,40.00,1,20.00,2017-01-19,2017-04-23,1,1,2319,0.0011
9523fb39dd240aa958e040f8183d64f3,sao paulo,SP,1,1,1,146.99,21.30,168.29,146.99,1.00,1,0,0.00,22.00,2.00,,0,0.00,1,1.00,1,100.00,0,0.00,2018-08-06,2018-08-06,1,1,2320,0.0011
0b3f27369a4d8df98f7eb91077e438ac,aruja,SP,2,2,2,146.51,24.88,171.39,73.26,1.00,2,0,0.00,7.00,1.00,,0,0.00,2,4.00,0,0.00,2,100.00,2017-11-13,2017-11-22,2,2,2321,0.0011
4bcec44888b30ba9001234c534716d3f,santo andre,SP,5,5,5,146.00,63.23,209.23,29.20,1.00,5,0,0.00,9.00,1.40,,0,0.00,5,4.60,0,0.00,2,40.00,2018-01-06,2018-07-18,2,1,2322,0.0011
398cb257329ef7af7f1943a8974a3cbc,salvador,BA,1,1,1,145.90,15.47,161.37,145.90,1.00,1,0,0.00,7.00,3.00,,0,0.00,1,5.00,0,0.00,1,100.00,2018-07-20,2018-07-20,1,1,2323,0.0011
8e34331b7eedd03be4e5d965c1956225,sao paulo,SP,5,5,5,145.00,65.44,210.44,29.00,1.00,5,1,20.00,13.80,2.80,6.00,0,0.00,5,4.80,0,0.00,3,60.00,2018-01-22,2018-07-05,5,1,2324,0.0011
f3041c2e75ec683697a6a5ea82192210,itauna,MG,1,1,1,145.00,24.00,169.00,145.00,1.00,1,0,0.00,5.00,3.00,,0,0.00,1,5.00,0,0.00,0,0.00,2017-02-05,2017-02-05,1,1,2324,0.0011
553a440137d6e0cf776aee0bb83ac9f5,limeira,SP,2,2,2,144.80,30.34,175.14,72.40,1.00,2,1,50.00,23.00,6.50,4.00,1,50.00,2,1.00,2,100.00,1,50.00,2018-05-11,2018-05-29,2,2,2325,0.0011
0daf5180aa44356f60f8effa533b55a2,goiania,GO,2,2,2,144.80,38.83,183.63,72.40,1.00,2,0,0.00,8.50,1.50,,0,0.00,2,5.00,0,0.00,0,0.00,2018-07-30,2018-08-20,2,1,2325,0.0011
4a82c4af97ffc0fb2dc26bfdc03b1842,lagoa da prata,MG,3,3,3,143.70,67.20,210.90,47.90,1.00,3,0,0.00,12.67,2.67,,0,0.00,3,5.00,0,0.00,0,0.00,2017-05-30,2017-08-15,3,2,2326,0.0011
c8143b3069f6746a77421b5ce30a450c,abadia de goias,GO,1,1,1,142.47,43.41,185.88,142.47,1.00,1,0,0.00,24.00,5.00,,1,100.00,1,5.00,0,0.00,0,0.00,2017-07-02,2017-07-02,1,1,2327,0.0011
2f9b7ce230a057a98a9f5df5893ee36c,barueri,SP,2,2,2,141.82,30.03,171.85,70.91,1.00,2,0,0.00,10.50,4.50,,0,0.00,2,4.50,0,0.00,1,50.00,2017-05-17,2017-06-18,2,1,2328,0.0011
d3891911c2feae53c52fea2bd14054e5,sao paulo,SP,2,2,2,141.00,25.99,166.99,70.50,1.00,2,0,0.00,4.00,1.00,,0,0.00,2,5.00,0,0.00,1,50.00,2018-06-04,2018-06-19,2,1,2329,0.0011
0e72c1a751b496722a6cb1f10653b62a,sao paulo,SP,3,3,3,140.80,51.30,192.10,46.93,1.00,3,0,0.00,6.67,1.00,,0,0.00,3,4.67,0,0.00,1,33.33,2018-05-11,2018-07-30,3,2,2330,0.0011
50a7e551a7b3f8d37cd6e32d8bfbe5ea,sao caetano do sul,SP,1,1,1,140.00,27.96,167.96,140.00,1.00,1,0,0.00,13.00,7.00,,1,100.00,1,5.00,0,0.00,0,0.00,2018-07-24,2018-07-24,1,1,2331,0.0011
52a50b42accf164f9f019941e5759d9b,monte alegre do sul,SP,4,4,4,139.96,57.06,197.02,34.99,1.00,4,0,0.00,5.25,1.50,,1,25.00,4,4.75,0,0.00,3,75.00,2018-08-02,2018-08-22,2,1,2332,0.0011
19d62d484cba71963c93f0f00ab42013,gaspar,SC,1,1,1,139.90,22.69,162.59,139.90,1.00,1,0,0.00,14.00,7.00,,0,0.00,1,4.00,0,0.00,0,0.00,2018-04-26,2018-04-26,1,1,2333,0.0011
fa8d335d68129e464e60c1826a683e96,tres coroas,RS,1,1,1,139.90,34.78,174.68,139.90,1.00,1,0,0.00,22.00,3.00,,0,0.00,1,4.00,0,0.00,0,0.00,2017-10-20,2017-10-20,1,1,2333,0.0011
d8bf0fc082fd4a77fc2e5679b6c00133,sao paulo,SP,1,1,1,139.90,9.14,149.04,139.90,1.00,1,0,0.00,7.00,0.00,,0,0.00,1,5.00,0,0.00,1,100.00,2018-07-20,2018-07-20,1,1,2333,0.0011
e8ff5a6ceb895583033fc2a0f314e3c2,blumenau,SC,1,1,1,139.89,19.08,158.97,139.89,1.00,1,0,0.00,3.00,1.00,,0,0.00,1,5.00,0,0.00,0,0.00,2018-08-26,2018-08-26,1,1,2334,0.0011
1b0b0f4f95e962d6f32fe90c759d0479,sao paulo,SP,2,2,2,139.80,23.37,163.17,69.90,1.00,2,0,0.00,9.50,5.50,,0,0.00,2,5.00,0,0.00,1,50.00,2017-12-01,2018-08-16,2,1,2335,0.0011
59bbc819b99a733f02f0d6b49d1c253d,campinas,SP,2,2,2,139.80,22.95,162.75,69.90,1.00,2,0,0.00,5.50,1.50,,0,0.00,2,5.00,0,0.00,2,100.00,2018-05-08,2018-06-26,1,1,2335,0.0011
a154d7316f158bb42e6fa18bbe3afd3a,sao paulo,SP,2,2,2,139.80,50.33,190.13,69.90,1.00,2,1,50.00,47.50,5.00,42.00,0,0.00,2,3.00,1,50.00,0,0.00,2017-03-06,2017-03-10,1,1,2335,0.0011
6a53b90c3ad9e0b56d9fe5c69165fff5,curitiba,PR,2,2,4,139.78,55.00,194.78,69.89,2.00,2,0,0.00,11.50,1.00,,0,0.00,2,3.50,0,0.00,1,50.00,2018-05-16,2018-08-03,2,2,2336,0.0011
657969cca82e884d272385ec0ef06edd,estancia velha,RS,3,3,3,139.70,51.86,191.56,46.57,1.00,3,0,0.00,8.00,3.00,,0,0.00,3,4.67,0,0.00,0,0.00,2018-05-01,2018-07-31,3,1,2337,0.0011
63b9ae557efed31d1f7687917d248a8d,sao jose do rio pardo,SP,5,5,7,139.50,102.81,242.31,27.90,1.40,5,0,0.00,18.80,3.60,,1,20.00,5,4.20,1,20.00,1,20.00,2016-10-05,2017-02-13,6,2,2338,0.0011
26e2e5033827d2ba53929f43e03d8ffe,sao paulo,SP,1,1,1,139.49,15.29,154.78,139.49,1.00,1,0,0.00,5.00,2.00,,0,0.00,1,5.00,0,0.00,1,100.00,2018-08-25,2018-08-25,1,1,2339,0.0011
4a5b36211b1f51bf7eaa5c10a57fa483,sao goncalo,RJ,1,1,1,139.19,16.07,155.26,139.19,1.00,1,0,0.00,4.00,1.00,,0,0.00,1,5.00,0,0.00,0,0.00,2018-08-05,2018-08-05,1,1,2340,0.0011
c747d5b92c7648417faea95d36d763e8,pacatuba,CE,1,1,1,139.00,85.75,224.75,139.00,1.00,1,0,0.00,13.00,4.00,,0,0.00,1,5.00,0,0.00,0,0.00,2017-11-24,2017-11-24,1,1,2341,0.0011
57a834594e1e9e9219603bfec184eadc,santa rosa,RS,1,1,1,139.00,27.05,166.05,139.00,1.00,1,0,0.00,6.00,1.00,,0,0.00,1,5.00,0,0.00,0,0.00,2018-06-03,2018-06-03,1,1,2341,0.0011
5a9b3bcab695173c820e53934574ae80,salto,SP,1,1,1,139.00,64.77,203.77,139.00,1.00,1,0,0.00,7.00,4.00,,0,0.00,1,5.00,0,0.00,0,0.00,2018-07-27,2018-07-27,1,1,2341,0.0011
f114dca2828bf718548db175ebe2cfcd,cambe,PR,1,1,1,139.00,13.99,152.99,139.00,1.00,1,0,0.00,10.00,2.00,,0,0.00,1,1.00,1,100.00,0,0.00,2018-01-06,2018-01-06,1,1,2341,0.0011
712efd3b68f9686dc856b84abd0f21ae,curitiba,PR,1,1,1,139.00,17.16,156.16,139.00,1.00,1,0,0.00,7.00,2.00,,0,0.00,1,4.00,0,0.00,0,0.00,2018-07-30,2018-07-30,1,1,2341,0.0011
f049a72cf58fd31b11f8919cade515e7,sao paulo,SP,3,3,4,138.75,32.24,170.99,46.25,1.33,3,0,0.00,4.67,1.67,,0,0.00,3,3.33,1,33.33,2,66.67,2018-07-25,2018-08-06,3,3,2342,0.0010
717b78b0950b51ed00b1471d858b0edc,alambari,SP,5,5,5,138.60,81.15,219.75,27.72,1.00,5,1,20.00,21.20,5.00,29.00,1,20.00,5,4.00,1,20.00,2,40.00,2018-01-21,2018-07-02,2,1,2343,0.0010
96f7c797de9ca20efbe14545bed63eec,cravinhos,SP,1,1,3,138.60,38.37,176.97,138.60,3.00,1,0,0.00,2.00,1.00,,0,0.00,1,1.00,1,100.00,1,100.00,2018-04-10,2018-04-10,1,1,2343,0.0010
044668ccd5316b12a7cf0d54a156e3e9,osasco,SP,3,3,4,137.80,53.55,191.35,45.93,1.33,3,0,0.00,7.67,1.67,,0,0.00,3,5.00,0,0.00,1,33.33,2018-08-08,2018-08-20,1,1,2344,0.0010
0b64bcdb0784abc139af04077d49a20e,canoas,RS,4,3,4,137.60,68.21,205.81,34.40,1.00,4,0,0.00,8.25,2.25,,0,0.00,4,4.75,0,0.00,0,0.00,2018-04-06,2018-07-13,2,1,2345,0.0010
ea846a0e7ad98a741783e886d89dfa44,aracatuba,SP,2,2,3,137.00,55.26,192.26,68.50,1.50,2,0,0.00,10.00,2.50,,0,0.00,2,5.00,0,0.00,0,0.00,2018-08-07,2018-08-17,2,1,2346,0.0010
b7ba853e9551f4558440881fd3e5c815,santo antonio da patrulha,RS,1,1,1,136.90,25.70,162.60,136.90,1.00,1,0,0.00,35.00,29.00,,1,100.00,1,1.00,1,100.00,0,0.00,2016-10-06,2016-10-06,1,1,2347,0.0010
db6a4d4b5f1f5f98820ce6ce2619e2de,sao paulo,SP,1,1,1,135.99,12.16,148.15,135.99,1.00,1,0,0.00,3.00,1.00,,0,0.00,1,5.00,0,0.00,1,100.00,2018-01-08,2018-01-08,1,1,2348,0.0010
377bc18334c78dd2f1535ef22a3ad225,sao jose dos pinhais,PR,1,1,1,135.98,88.46,224.44,135.98,1.00,1,0,0.00,10.00,2.00,,0,0.00,1,5.00,0,0.00,0,0.00,2018-08-18,2018-08-18,1,1,2349,0.0010
dd39ad39b5d3df33037e141c72497ba6,sao paulo,SP,2,2,2,135.80,29.05,164.85,67.90,1.00,2,0,0.00,8.50,1.50,,0,0.00,2,5.00,0,0.00,0,0.00,2017-05-03,2017-06-10,2,2,2350,0.0010
e3e290b38963293022cdcd6db8328103,sao paulo,SP,3,3,3,135.70,46.34,182.04,45.23,1.00,3,0,0.00,9.67,3.67,,1,33.33,3,3.33,1,33.33,2,66.67,2017-11-25,2017-12-03,2,2,2351,0.0010
59de1d4c8c057c2a53acd4ca66531af2,curitiba,PR,1,1,1,135.00,21.75,156.75,135.00,1.00,1,0,0.00,19.00,7.00,,1,100.00,1,5.00,0,0.00,0,0.00,2017-11-10,2017-11-10,1,1,2352,0.0010
7c4adcc13272c0e26fa23aac642adb7b,sao goncalo,RJ,2,2,2,135.00,30.63,165.63,67.50,1.00,2,1,50.00,17.00,2.50,4.00,0,0.00,2,3.00,1,50.00,0,0.00,2018-01-28,2018-02-26,2,1,2352,0.0010
83c8aafbefb034674a70de0eac5b8954,francisco beltrao,PR,2,2,2,134.90,50.97,185.87,67.45,1.00,2,0,0.00,5.50,1.00,,0,0.00,2,5.00,0,0.00,1,50.00,2018-03-28,2018-07-10,2,1,2353,0.0010
92c8bc6e8f925792247656fed09aad65,sao paulo,SP,2,2,2,134.80,26.44,161.24,67.40,1.00,2,1,50.00,13.50,1.00,1.00,0,0.00,2,3.00,1,50.00,1,50.00,2017-08-30,2017-09-11,2,2,2354,0.0010
5def4c3732941a971cba8fdee992ede1,sao paulo,SP,5,5,6,134.80,66.24,201.04,26.96,1.20,5,0,0.00,4.60,0.80,,0,0.00,5,4.60,0,0.00,3,60.00,2018-08-02,2018-08-28,5,4,2354,0.0010
c5e60e39c0f42b8e827daa13cff74afa,sao paulo,SP,6,6,8,134.00,89.10,223.10,22.33,1.33,6,0,0.00,3.67,1.83,,0,0.00,6,4.50,0,0.00,6,100.00,2018-08-15,2018-08-26,4,1,2355,0.0010
8e4f041ff58e7845456d3482524014b3,porto alegre,RS,2,2,2,133.80,48.59,182.39,66.90,1.00,2,1,50.00,24.00,2.00,5.00,0,0.00,2,3.00,1,50.00,0,0.00,2018-02-06,2018-03-03,2,1,2356,0.0010
062c325cd6a2b87845fab56b4ec2eeae,sao paulo,SP,2,2,2,133.22,23.86,157.08,66.61,1.00,2,0,0.00,5.50,2.00,,0,0.00,2,5.00,0,0.00,2,100.00,2018-05-07,2018-08-01,2,2,2357,0.0010
c87abc38c8ed3240861729e1aeadf221,sao paulo,SP,1,1,1,133.00,15.68,148.68,133.00,1.00,1,0,0.00,10.00,2.00,,0,0.00,1,1.00,1,100.00,0,0.00,2017-12-26,2017-12-26,1,1,2358,0.0010
7adbd3210a7b3cc2235e225eef33574d,sao paulo,SP,3,3,3,131.90,72.96,204.86,43.97,1.00,2,0,0.00,9.50,2.50,,0,0.00,3,4.67,0,0.00,0,0.00,2018-06-30,2018-08-14,2,1,2359,0.0010
fedf2c1386e137f296b3bbf3b635e69d,sao paulo,SP,2,2,5,131.74,79.16,210.90,65.87,2.50,2,0,0.00,10.00,7.00,,1,50.00,2,3.50,1,50.00,0,0.00,2018-02-28,2018-05-23,2,2,2360,0.0010
a218df5c097b0ca409cfaac1488cc7f6,araraquara,SP,4,4,4,130.69,110.01,240.70,32.67,1.00,4,0,0.00,11.50,5.00,,1,25.00,4,2.75,1,25.00,3,75.00,2018-05-03,2018-06-26,4,3,2361,0.0010
939f6e231201f26803cb5c3a3d2940b3,bauru,SP,3,3,4,130.60,95.02,225.62,43.53,1.33,3,0,0.00,11.00,8.00,,0,0.00,3,4.67,0,0.00,1,33.33,2016-10-04,2016-10-06,3,1,2362,0.0010
2f3d8b4c9e2ee165075331fea3f3095a,sao jose,SC,1,1,1,130.00,17.35,147.35,130.00,1.00,1,0,0.00,12.00,5.00,,0,0.00,1,5.00,0,0.00,0,0.00,2017-10-13,2017-10-13,1,1,2363,0.0010
9fe7c6641c79970ab48185498f547c09,sao paulo,SP,1,1,1,130.00,34.71,164.71,130.00,1.00,1,0,0.00,18.00,7.00,,0,0.00,1,5.00,0,0.00,0,0.00,2017-07-10,2017-07-10,1,1,2363,0.0010
dc120d932ddf9d4dfb6fd68beefda622,sao jose dos pinhais,PR,1,1,1,130.00,14.44,144.44,130.00,1.00,1,0,0.00,15.00,1.00,,0,0.00,1,1.00,1,100.00,0,0.00,2018-04-25,2018-04-25,1,1,2363,0.0010
e5def42655b7490edac5a56fe8e9e603,amparo,SP,1,1,1,129.90,11.52,141.42,129.90,1.00,1,0,0.00,6.00,1.00,,0,0.00,1,5.00,0,0.00,1,100.00,2017-03-28,2017-03-28,1,1,2364,0.0010
0f80a40c312b2472dca482cf50f5186f,lencois paulista,SP,1,1,1,129.90,20.10,150.00,129.90,1.00,1,0,0.00,5.00,0.00,,0,0.00,1,3.00,0,0.00,0,0.00,2018-08-22,2018-08-22,1,1,2364,0.0010
b6f52e346160519c24a23af05410ad32,sao paulo,SP,1,1,1,129.90,13.35,143.25,129.90,1.00,1,0,0.00,12.00,1.00,,0,0.00,1,4.00,0,0.00,1,100.00,2018-04-26,2018-04-26,1,1,2364,0.0010
44ed138eca6214d572ce1d813fb0049b,canoas,RS,2,2,3,129.79,56.01,185.80,64.90,1.50,2,0,0.00,8.00,2.50,,0,0.00,2,4.50,0,0.00,0,0.00,2018-08-08,2018-08-21,2,2,2365,0.0010
45c20d94d9171b0bcfab3c955e47d67b,cordeiropolis,SP,4,4,4,129.46,81.11,210.57,32.37,1.00,4,0,0.00,14.25,2.00,,0,0.00,4,4.50,0,0.00,1,25.00,2017-05-05,2017-08-30,4,3,2366,0.0010
e4fc40017a6d22c46a14ac2e17f87c3e,arapongas,PR,1,1,1,129.00,41.29,170.29,129.00,1.00,1,0,0.00,10.00,6.00,,0,0.00,1,5.00,0,0.00,0,0.00,2017-05-30,2017-05-30,1,1,2367,0.0010
ef728fa1f17436c91ed1ccd03dcf9631,jau,SP,3,3,4,128.70,58.12,186.82,42.90,1.33,3,0,0.00,5.00,1.33,,0,0.00,3,4.33,0,0.00,2,66.67,2018-07-23,2018-08-23,4,1,2368,0.0010
538caafddff204241cecbf3a02e6b3cf,sao paulo,SP,8,8,8,128.40,90.41,218.81,16.05,1.00,8,3,37.50,17.38,13.38,7.00,6,75.00,8,2.75,4,50.00,5,62.50,2017-05-16,2018-07-12,5,1,2369,0.0010
5bc237df65098fe211bb4818f4d26d78,uberlandia,MG,2,2,2,126.80,57.09,183.89,63.40,1.00,2,0,0.00,12.50,2.50,,0,0.00,2,4.50,0,0.00,0,0.00,2017-02-09,2017-09-15,2,1,2370,0.0010
7c9130f5f3729edd32aa059141d92484,garca,SP,3,3,4,126.00,67.15,193.15,42.00,1.33,3,0,0.00,7.33,3.00,,1,33.33,3,3.33,1,33.33,2,66.67,2018-06-20,2018-08-23,1,1,2371,0.0010
934ed5cd1b9c1c7382d0a94a94b9e639,curitiba,PR,1,1,1,125.85,26.62,152.47,125.85,1.00,1,0,0.00,13.00,2.00,,0,0.00,1,5.00,0,0.00,0,0.00,2017-02-11,2017-02-11,1,1,2372,0.0010
788f22bafdd7ab0e1e79f19db72f16a4,sao paulo,SP,2,2,2,125.80,26.24,152.04,62.90,1.00,1,0,0.00,2.00,1.00,,0,0.00,2,4.50,0,0.00,1,50.00,2018-08-16,2018-08-21,2,2,2373,0.0010
570d4583587a5fe2d47c7be89b91ad27,sao paulo,SP,2,2,2,125.25,23.67,148.92,62.63,1.00,2,0,0.00,6.00,2.50,,0,0.00,2,5.00,0,0.00,2,100.00,2017-06-30,2017-07-05,2,1,2374,0.0009
57df9869a600bd6b7c405f2a862eccfb,santa rita do sapucai,MG,5,5,5,125.00,72.21,197.21,25.00,1.00,5,0,0.00,7.20,2.40,,0,0.00,5,4.40,0,0.00,3,60.00,2018-04-12,2018-08-14,1,1,2375,0.0009
c092292535a57dacd95a8765f5518f87,paracambi,RJ,1,1,1,125.00,18.98,143.98,125.00,1.00,1,0,0.00,8.00,1.00,,0,0.00,1,5.00,0,0.00,0,0.00,2018-07-05,2018-07-05,1,1,2375,0.0009
ff82e8873fba613f2261a9acc896fd84,itabira,MG,4,4,4,124.60,58.93,183.53,31.15,1.00,4,0,0.00,9.50,1.25,,0,0.00,4,3.50,1,25.00,1,25.00,2017-12-06,2018-02-16,3,2,2376,0.0009
693660429f9dc4ff704eb3d88dad54d7,santo andre,SP,2,2,2,124.00,24.12,148.12,62.00,1.00,1,0,0.00,3.00,2.00,,0,0.00,2,4.00,0,0.00,1,50.00,2018-07-22,2018-07-23,1,1,2377,0.0009
08061dc0fc165ed41288cc7acde738ee,osasco,SP,4,4,4,123.80,58.42,182.22,30.95,1.00,4,1,25.00,20.00,8.50,8.00,1,25.00,4,4.50,0,0.00,2,50.00,2017-03-23,2017-11-14,3,1,2378,0.0009
902c99f1ac505c0d18778b61bcd636f7,mogi guacu,SP,3,3,3,123.47,81.82,205.29,41.16,1.00,3,0,0.00,5.00,2.00,,0,0.00,3,5.00,0,0.00,3,100.00,2018-07-18,2018-08-10,3,1,2379,0.0009
8d92f3ea807b89465643c219455e7369,sao paulo,SP,3,3,8,121.20,131.57,252.77,40.40,2.67,3,2,66.67,45.67,37.33,18.50,3,100.00,3,1.00,3,100.00,1,33.33,2017-01-25,2017-02-26,3,2,2380,0.0009
89757206b887aed36f3e18d858460fea,sao paulo,SP,2,2,2,120.50,55.64,176.14,60.25,1.00,1,0,0.00,12.00,0.00,,0,0.00,2,5.00,0,0.00,0,0.00,2018-05-03,2018-07-04,2,1,2381,0.0009
876182d1918783bbe15233febfbd4926,sao paulo,SP,3,3,3,120.27,34.73,155.00,40.09,1.00,3,0,0.00,9.33,7.00,,0,0.00,3,4.00,0,0.00,2,66.67,2017-05-15,2018-02-27,3,2,2382,0.0009
bba8d0c234a52b87b3957037a215d1a4,goiania,GO,1,1,1,120.00,19.53,139.53,120.00,1.00,1,0,0.00,24.00,11.00,,1,100.00,1,5.00,0,0.00,0,0.00,2018-05-04,2018-05-04,1,1,2383,0.0009
698f5fa55a5f73d0740e9d9a773e8093,rio de janeiro,RJ,4,4,6,120.00,83.99,203.99,30.00,1.50,4,0,0.00,6.00,1.00,,0,0.00,4,4.75,0,0.00,1,25.00,2018-06-12,2018-06-20,2,1,2383,0.0009
1927cdb9fa74f5270097f6250e8e8f34,marilia,SP,1,1,1,120.00,58.92,178.92,120.00,1.00,0,0,,,,,0,0.00,1,5.00,0,0.00,0,0.00,2018-08-06,2018-08-06,1,1,2383,0.0009
7994081388d55b9cf976c050653dd359,sao paulo,SP,1,1,1,120.00,14.60,134.60,120.00,1.00,1,0,0.00,13.00,5.00,,0,0.00,1,5.00,0,0.00,0,0.00,2017-02-09,2017-02-09,1,1,2383,0.0009
a353b1083c9863d756d9404695016d64,cariacica,ES,1,1,1,120.00,17.09,137.09,120.00,1.00,1,0,0.00,21.00,6.00,,0,0.00,1,5.00,0,0.00,0,0.00,2017-12-07,2017-12-07,1,1,2383,0.0009
003554e2dce176b5555353e4f3555ac8,goiania,GO,1,1,1,120.00,19.38,139.38,120.00,1.00,1,0,0.00,4.00,0.00,,0,0.00,1,5.00,0,0.00,0,0.00,2017-12-15,2017-12-15,1,1,2383,0.0009
bdf0d02d36a1d839d0c39c4a887cdd49,birigui,SP,5,5,7,120.00,95.95,215.95,24.00,1.40,5,0,0.00,8.20,1.40,,0,0.00,5,5.00,0,0.00,2,40.00,2018-01-07,2018-02-04,2,1,2383,0.0009
35281d148dcf7134bae913c57db4e6da,sao paulo,SP,1,1,1,119.99,17.03,137.02,119.99,1.00,1,0,0.00,6.00,4.00,,0,0.00,1,5.00,0,0.00,0,0.00,2018-07-19,2018-07-19,1,1,2384,0.0009
3903c788ded8dc03b5ebab37a2f3e9a1,carapicuiba,SP,5,5,5,119.98,51.27,171.25,24.00,1.00,5,1,20.00,10.20,5.20,2.00,1,20.00,5,4.00,0,0.00,4,80.00,2018-05-25,2018-08-05,4,2,2385,0.0009
07a9bc7f61396b658ddf3ac534efe44c,sao paulo,SP,1,1,1,119.90,15.59,135.49,119.90,1.00,1,0,0.00,6.00,1.00,,0,0.00,1,3.50,0,0.00,1,100.00,2017-06-26,2017-06-26,1,1,2386,0.0009
a150c540f572d0fb53992264bc5c10b5,sorocaba,SP,1,1,1,119.90,15.59,135.49,119.90,1.00,1,0,0.00,11.00,2.00,,0,0.00,1,4.00,0,0.00,0,0.00,2018-02-04,2018-02-04,1,1,2386,0.0009
d1aa1ec0839dcab73a6161130eb1f94a,curitiba,PR,1,1,1,119.90,16.14,136.04,119.90,1.00,1,1,100.00,35.00,15.00,2.00,1,100.00,1,4.00,0,0.00,0,0.00,2017-04-19,2017-04-19,1,1,2386,0.0009
674207551483fec113276b67b0d871ff,sorocaba,SP,1,1,1,119.90,13.94,133.84,119.90,1.00,1,0,0.00,2.00,1.00,,0,0.00,1,5.00,0,0.00,1,100.00,2018-07-05,2018-07-05,1,1,2386,0.0009
7c4402417d51474d4d0cda9557340e40,sao caetano do sul,SP,1,1,1,119.90,27.69,147.59,119.90,1.00,1,0,0.00,7.00,3.00,,0,0.00,1,5.00,0,0.00,1,100.00,2017-05-08,2017-05-08,1,1,2386,0.0009
e9b6c33b71b67737693b4cfa68341c8d,sao paulo,SP,1,1,1,119.90,21.49,141.39,119.90,1.00,1,0,0.00,12.00,9.00,,1,100.00,1,4.00,0,0.00,1,100.00,2017-08-16,2017-08-16,1,1,2386,0.0009
be1e9e378700cecaa4ebf71433d7915c,ribeirao preto,SP,2,2,2,119.89,37.62,157.51,59.95,1.00,2,2,100.00,48.00,5.50,23.50,1,50.00,2,3.00,1,50.00,1,50.00,2017-11-19,2018-01-22,1,1,2387,0.0009
bf0045791395e66460eb04749c68672a,sao paulo,SP,2,2,2,119.80,35.45,155.25,59.90,1.00,2,0,0.00,14.50,4.00,,0,0.00,2,4.00,0,0.00,1,50.00,2017-02-07,2017-03-15,1,1,2388,0.0009
8eb88b0acb3f90a717ad659221471fa7,cacador,SC,2,2,2,119.80,40.87,160.67,59.90,1.00,2,0,0.00,12.00,1.50,,0,0.00,2,4.50,0,0.00,0,0.00,2017-09-19,2018-02-04,2,1,2388,0.0009
910a922b426b7ff95eaee129ad6c0e1f,sao jose do rio preto,SP,2,2,2,119.80,31.16,150.96,59.90,1.00,2,0,0.00,15.00,3.00,,0,0.00,2,5.00,0,0.00,1,50.00,2018-04-04,2018-04-11,1,1,2388,0.0009
26e13b6ff5b641b329e5524241ee2c93,franca,SP,4,4,4,119.70,69.98,189.68,29.93,1.00,4,0,0.00,6.75,0.75,,0,0.00,4,4.00,1,25.00,3,75.00,2018-08-01,2018-08-22,4,2,2389,0.0009
a9b533a26e898b12e8b8d4c07279bf4d,rio de janeiro,RJ,4,4,4,119.60,71.46,191.06,29.90,1.00,4,0,0.00,15.00,6.25,,3,75.00,4,5.00,0,0.00,0,0.00,2017-07-31,2017-12-08,1,1,2390,0.0009
22c32ec35d0116ef02c281798a25bf8b,maringa,PR,4,4,6,119.58,90.43,210.01,29.90,1.50,4,0,0.00,11.25,1.00,,0,0.00,4,3.75,0,0.00,0,0.00,2018-01-30,2018-02-22,2,2,2391,0.0009
36f98ad67cc981f50ce8aed093d5783c,toledo,PR,2,2,2,119.40,39.22,158.62,59.70,1.00,2,0,0.00,6.50,1.00,,0,0.00,2,4.00,0,0.00,0,0.00,2018-07-25,2018-08-01,2,1,2392,0.0009
fc38b5dceee1a730fad8853453437fbd,campinas,SP,5,5,5,119.20,58.81,178.01,23.84,1.00,5,0,0.00,7.80,3.40,,1,20.00,5,4.60,0,0.00,3,60.00,2017-04-05,2017-12-15,5,2,2393,0.0009
fc908879b9ca1bd65419e54e50432d38,sao paulo,SP,4,4,4,119.20,52.68,171.88,29.80,1.00,4,0,0.00,8.50,4.00,,0,0.00,4,5.00,0,0.00,2,50.00,2017-12-18,2018-07-25,2,1,2393,0.0009
e82de6494d91d3c4c54450f59b227a94,ibitinga,SP,3,3,3,118.90,38.80,157.70,39.63,1.00,3,1,33.33,18.33,2.67,21.00,1,33.33,2,5.00,0,0.00,2,66.67,2017-10-09,2018-03-02,2,2,2394,0.0009
fd312b6bf05efac6c3772d5b52205d8a,votorantim,SP,2,2,4,118.70,45.62,164.32,59.35,2.00,2,0,0.00,6.50,2.50,,0,0.00,2,5.00,0,0.00,2,100.00,2017-03-29,2017-06-26,2,1,2395,0.0009
e9c2dc0dd4ac38448289be644ac94f42,joinville,SC,3,3,3,118.39,56.22,174.61,39.46,1.00,2,0,0.00,6.50,1.00,,0,0.00,3,5.00,0,0.00,0,0.00,2018-07-03,2018-08-21,3,2,2396,0.0009
4c60877808f4318ef1107fbeb8f89afa,atibaia,SP,2,2,2,118.00,32.63,150.63,59.00,1.00,2,0,0.00,15.50,9.50,,2,100.00,2,4.00,0,0.00,1,50.00,2017-12-01,2018-01-16,2,1,2397,0.0009
aa1eb17b9fdf6dfd546e25c45c7b9235,sao paulo,SP,3,3,4,117.99,36.27,154.26,39.33,1.33,3,0,0.00,8.00,1.67,,0,0.00,3,4.67,0,0.00,2,66.67,2017-12-01,2018-04-25,2,1,2398,0.0009
fc5a0d7a310a7a41abf86a458585ff2b,sao paulo,SP,1,1,1,117.90,19.07,136.97,117.90,1.00,1,0,0.00,14.00,12.00,,1,100.00,1,4.00,0,0.00,0,0.00,2017-06-02,2017-06-02,1,1,2399,0.0009
b416191c9813d821a295cfabafff4161,franca,SP,2,2,2,117.80,32.34,150.14,58.90,1.00,1,0,0.00,19.00,1.00,,0,0.00,2,2.50,1,50.00,0,0.00,2017-07-28,2017-08-16,1,1,2400,0.0009
40ec8ab6cdafbcc4f544da38c67da39a,francisco beltrao,PR,2,2,2,117.80,39.20,157.00,58.90,1.00,2,0,0.00,6.50,2.00,,0,0.00,2,5.00,0,0.00,0,0.00,2018-08-01,2018-08-10,1,1,2400,0.0009
13dd308f81fea30cc670c656b2b46cc3,santa barbara d'oeste,SP,3,3,3,117.70,33.44,151.14,39.23,1.00,3,0,0.00,3.67,1.33,,0,0.00,3,5.00,0,0.00,2,66.67,2018-07-30,2018-08-27,2,1,2401,0.0009
9bade61a92bed55a25d2b67b9f4ed739,sao jose dos pinhais,PR,2,2,3,117.68,57.12,174.80,58.84,1.50,2,0,0.00,9.50,4.50,,0,0.00,2,3.00,1,50.00,0,0.00,2018-03-07,2018-03-29,1,1,2402,0.0009
bca9230d3bbb4efa51872bf605a2f1ad,sao paulo,SP,5,5,5,117.57,50.63,168.20,23.51,1.00,5,1,20.00,7.00,5.00,4.00,1,20.00,5,4.00,1,20.00,4,80.00,2018-06-07,2018-08-27,3,1,2403,0.0009
93bef6edaa84956e8e575016449b6351,sao paulo,SP,1,1,1,115.00,14.56,129.56,115.00,1.00,1,0,0.00,10.00,3.00,,0,0.00,1,5.00,0,0.00,0,0.00,2017-07-28,2017-07-28,1,1,2404,0.0009
9bf11dfc0bec77e5a23028043c3c5a8f,contagem,MG,1,1,1,115.00,17.06,132.06,115.00,1.00,1,1,100.00,32.00,3.00,12.00,0,0.00,1,1.00,1,100.00,0,0.00,2017-11-24,2017-11-24,1,1,2404,0.0009
781a66c0d89e30814d49fe8b5e14cd07,campinas,SP,1,1,1,115.00,21.30,136.30,115.00,1.00,1,1,100.00,33.00,14.00,10.00,1,100.00,1,1.00,1,100.00,0,0.00,2017-11-15,2017-11-15,1,1,2404,0.0009
8c351ed7c326c62123318f4f3246e906,praia grande,SP,2,2,2,114.90,35.76,150.66,57.45,1.00,2,0,0.00,10.00,1.50,,0,0.00,2,5.00,0,0.00,0,0.00,2017-12-27,2018-08-18,1,1,2405,0.0009
039b29ff3b3473435d0cd59040575de9,ribeirao pires,SP,9,9,9,114.90,100.65,215.55,12.77,1.00,9,0,0.00,9.00,4.44,,0,0.00,9,4.44,0,0.00,6,66.67,2018-04-26,2018-08-23,7,2,2405,0.0009
296729ffb9b684050dd24836dac4494a,curitiba,SP,2,2,2,114.00,35.61,149.61,57.00,1.00,2,0,0.00,7.00,2.00,,0,0.00,2,5.00,0,0.00,1,50.00,2018-05-10,2018-08-02,2,2,2406,0.0009
cd52a8efd71af3336b14b5039b951cc1,palhoca,SP,2,2,2,111.80,34.30,146.10,55.90,1.00,2,0,0.00,11.00,1.00,,0,0.00,2,3.00,0,0.00,1,50.00,2017-09-11,2017-09-13,1,1,2407,0.0008
4c4d546adf3c3868fe19c9ec6e9ffda9,maringa,PR,2,2,3,111.70,45.39,157.09,55.85,1.50,2,0,0.00,6.50,2.50,,0,0.00,2,4.00,0,0.00,1,50.00,2018-06-07,2018-08-16,2,1,2408,0.0008
818d28f936e791926d33bcb6ee94ef79,sao paulo,SP,4,4,4,111.60,62.68,174.28,27.90,1.00,4,0,0.00,13.00,3.25,,0,0.00,3,4.00,0,0.00,1,25.00,2017-02-09,2017-05-24,4,1,2409,0.0008
28d162ab86bb49d719c32f0ee6186eaa,ribeirao preto,SP,1,1,1,109.99,17.21,127.20,109.99,1.00,1,0,0.00,16.00,0.00,,0,0.00,1,4.00,0,0.00,0,0.00,2017-09-19,2017-09-19,1,1,2410,0.0008
e732329483fd5f27367dd997b47f598a,blumenau,SC,1,1,1,109.90,34.57,144.47,109.90,1.00,1,0,0.00,12.00,1.00,,0,0.00,1,5.00,0,0.00,0,0.00,2017-08-31,2017-08-31,1,1,2411,0.0008
2c9005d8043aff18b8557ffb7b13cda4,cachoeiro de itapemirim,ES,1,1,1,109.90,19.74,129.64,109.90,1.00,1,0,0.00,8.00,3.00,,0,0.00,1,5.00,0,0.00,0,0.00,2018-05-07,2018-05-07,1,1,2411,0.0008
4be9ae93c4fc0f41713d71a4194ee1b3,divinopolis,MG,1,1,1,109.90,27.07,136.97,109.90,1.00,1,0,0.00,11.00,5.00,,1,100.00,1,5.00,0,0.00,0,0.00,2018-08-17,2018-08-17,1,1,2411,0.0008
db7ed69a53aa9fb1c01930ba54a88bbe,jaguariuna,SP,1,1,1,109.00,11.78,120.78,109.00,1.00,1,0,0.00,4.00,3.00,,0,0.00,1,5.00,0,0.00,1,100.00,2018-06-22,2018-06-22,1,1,2412,0.0008
7bb8fac2913a6064ec412e583c6d8b4d,bauru,SP,1,1,1,109.00,16.52,125.52,109.00,1.00,1,0,0.00,5.00,1.00,,0,0.00,1,5.00,0,0.00,0,0.00,2018-02-02,2018-02-02,1,1,2412,0.0008
4cc43a222a0f94910728b62b97a8c5f8,ribeirao preto,SP,1,1,1,108.50,12.26,120.76,108.50,1.00,1,0,0.00,14.00,2.00,,0,0.00,1,3.00,0,0.00,1,100.00,2018-01-31,2018-01-31,1,1,2413,0.0008
bb3dca718920a4d7ec3cc9ffb025108b,sao paulo,SP,2,2,3,108.00,93.70,201.70,54.00,1.50,2,0,0.00,12.00,4.50,,1,50.00,2,3.00,1,50.00,0,0.00,2017-02-08,2017-02-15,2,1,2414,0.0008
e88165a185134e13fdfc85d4fa654db8,ferraz de  vasconcelos,SP,2,2,2,108.00,41.22,149.22,54.00,1.00,2,1,50.00,9.00,1.50,8.00,0,0.00,2,3.00,1,50.00,2,100.00,2018-05-16,2018-06-18,2,1,2414,0.0008
941554c5757b73ba0e50aa7732310afc,sao paulo,SP,3,3,4,107.69,58.66,166.35,35.90,1.33,3,0,0.00,8.33,2.00,,0,0.00,3,4.67,0,0.00,0,0.00,2017-03-05,2017-05-31,2,1,2415,0.0008
c26ba52cf8d2f34915f2f6b7ffa0a3f3,rio de janeiro,RJ,3,3,3,107.47,38.75,146.22,35.82,1.00,3,0,0.00,8.00,3.00,,0,0.00,3,5.00,0,0.00,1,33.33,2017-12-10,2018-01-16,2,1,2416,0.0008
44717f64ec2a457979cf83c429077666,santa rosa,RS,2,2,3,107.00,63.91,170.91,53.50,1.50,2,0,0.00,5.50,2.00,,0,0.00,2,5.00,0,0.00,0,0.00,2018-08-01,2018-08-18,2,1,2417,0.0008
077c5fae4bea9500e3737b16f71b9d3a,sorocaba,SP,4,4,6,106.80,70.44,177.24,26.70,1.50,4,0,0.00,8.25,4.50,,1,25.00,4,4.50,0,0.00,3,75.00,2017-09-19,2018-06-22,3,1,2418,0.0008
a69aa24cec11168e7e39a3fbc727e925,carapicuiba,SP,3,3,3,105.97,34.32,140.29,35.32,1.00,3,0,0.00,8.33,3.67,,0,0.00,3,5.00,0,0.00,2,66.67,2018-06-13,2018-07-18,2,1,2419,0.0008
271b8923c6a549e02d3c9fd1f8c0422b,praia grande,SP,1,1,1,105.19,13.40,118.59,105.19,1.00,1,1,100.00,14.00,9.00,4.00,1,100.00,1,4.00,0,0.00,1,100.00,2018-07-30,2018-07-30,1,1,2420,0.0008
3d2400ac620cffa23ac81bd192f7f555,sao bernardo do campo,SP,1,1,1,105.00,8.90,113.90,105.00,1.00,1,0,0.00,7.00,3.00,,0,0.00,1,5.00,0,0.00,1,100.00,2018-08-13,2018-08-13,1,1,2421,0.0008
3bb32fedaa74e4ad20f4ce067733bd31,porto belo,SC,2,2,3,103.70,58.86,162.56,51.85,1.50,2,0,0.00,7.50,2.00,,0,0.00,2,4.50,0,0.00,0,0.00,2018-08-03,2018-08-05,2,1,2422,0.0008
62de60d81c55c29d76a6bce418b31cef,ibitinga,SP,1,1,1,103.00,23.87,126.87,103.00,1.00,1,0,0.00,17.00,2.00,,0,0.00,1,4.00,0,0.00,0,0.00,2018-08-05,2018-08-05,1,1,2423,0.0008
461ff5303b6c9c1a4a07f40c5aece516,pinhais,PR,3,3,3,102.70,58.73,161.43,34.23,1.00,3,0,0.00,6.33,2.00,,0,0.00,3,3.67,1,33.33,0,0.00,2018-02-23,2018-07-14,2,1,2424,0.0008
ab91571efab27993ff2f6b36e38055c3,sao paulo,SP,3,3,4,102.24,56.69,158.93,34.08,1.33,3,1,33.33,13.00,9.00,1.00,1,33.33,3,4.67,0,0.00,2,66.67,2018-03-23,2018-07-25,1,1,2425,0.0008
160851d3ece7aa1a510f8d1a4bb8a8af,garca,SP,2,2,2,102.05,39.10,141.15,51.03,1.00,2,0,0.00,5.50,1.50,,0,0.00,2,5.00,0,0.00,0,0.00,2018-07-29,2018-08-20,2,1,2426,0.0008
be67f78487e2cecb0d55bc769709e4f5,ibirite,MG,1,1,1,102.00,23.64,125.64,102.00,1.00,1,0,0.00,10.00,3.00,,0,0.00,1,5.00,0,0.00,0,0.00,2018-03-23,2018-03-23,1,1,2427,0.0008
96e5dc09087bad639b4ee193104ec2e5,bom jardim,RJ,2,2,2,101.90,52.54,154.44,50.95,1.00,1,0,0.00,1.00,0.00,,0,0.00,2,4.50,0,0.00,1,50.00,2018-08-13,2018-08-21,2,2,2428,0.0008
4fae87d32467e18eb46e4a76a0a0b9ce,ronda alta,RS,1,1,1,100.90,19.90,120.80,100.90,1.00,1,0,0.00,7.00,3.00,,0,0.00,1,5.00,0,0.00,0,0.00,2018-08-17,2018-08-17,1,1,2429,0.0008
a4fc6eadaff1576af888509a53420f6a,sao caetano do sul,SP,1,1,1,100.86,20.76,121.62,100.86,1.00,1,0,0.00,29.00,14.00,,0,0.00,1,3.00,0,0.00,0,0.00,2018-05-22,2018-05-22,1,1,2430,0.0008
011b0eaba87386a2ae96a7d32bb531d1,pompeia,SP,1,1,2,99.98,29.18,129.16,99.98,2.00,1,0,0.00,25.00,15.00,,0,0.00,1,4.00,0,0.00,0,0.00,2016-10-06,2016-10-06,1,1,2431,0.0008
80cfd480be3eb6d6267139f5cb793555,sao paulo,SP,1,1,1,99.90,26.44,126.34,99.90,1.00,1,0,0.00,14.00,6.00,,1,100.00,1,4.00,0,0.00,0,0.00,2017-03-10,2017-03-10,1,1,2432,0.0008
79b93a308a97792cf53ac75f46da00b5,rio de janeiro,RJ,1,1,1,99.90,16.14,116.04,99.90,1.00,1,0,0.00,22.00,3.00,,0,0.00,1,5.00,0,0.00,0,0.00,2017-07-23,2017-07-23,1,1,2432,0.0008
2d20f1cd18725c91147da0791d498022,londrina,PR,1,1,1,99.80,19.89,119.69,99.80,1.00,1,0,0.00,10.00,2.00,,0,0.00,1,5.00,0,0.00,0,0.00,2018-08-11,2018-08-11,1,1,2433,0.0008
26562f211dd1364af2a8596dc945e8ae,sao bernardo do campo,SP,2,2,2,99.00,16.11,115.11,49.50,1.00,2,0,0.00,2.00,1.00,,0,0.00,2,5.00,0,0.00,2,100.00,2018-07-10,2018-07-31,2,2,2434,0.0007
a7c53f6b3b61adbdaa99dda97e8cbd56,barretos,SP,1,1,1,99.00,11.30,110.30,99.00,1.00,1,0,0.00,7.00,2.00,,0,0.00,1,4.00,0,0.00,1,100.00,2017-03-06,2017-03-06,1,1,2434,0.0007
247587846358bb1d2e4c6522020b36fe,sao jose do rio preto,SP,1,1,1,99.00,22.51,121.51,99.00,1.00,1,0,0.00,5.00,2.00,,0,0.00,1,5.00,0,0.00,1,100.00,2018-06-17,2018-06-17,1,1,2434,0.0007
aa8af66c623d7d544dfe4bb85b5ebe3b,betim,MG,1,1,1,99.00,15.57,114.57,99.00,1.00,1,0,0.00,8.00,5.00,,1,100.00,1,5.00,0,0.00,0,0.00,2018-06-03,2018-06-03,1,1,2434,0.0007
1fbe10c70e30765ed1de86d9f7e98409,maua,SP,2,2,6,98.75,59.36,158.11,49.38,3.00,2,0,0.00,13.50,3.00,,0,0.00,2,2.50,1,50.00,1,50.00,2018-06-21,2018-07-18,2,1,2435,0.0007
5f57db27027655e6c6a391601daa0258,viana,ES,1,1,1,98.00,53.04,151.04,98.00,1.00,1,0,0.00,14.00,8.00,,1,100.00,1,5.00,0,0.00,0,0.00,2018-08-14,2018-08-14,1,1,2436,0.0007
eaaa46e98c9e61f6764dd1d7a2ab8b3e,messias targino,RN,1,1,1,98.00,27.64,125.64,98.00,1.00,1,0,0.00,11.00,3.00,,0,0.00,1,5.00,0,0.00,0,0.00,2018-08-05,2018-08-05,1,1,2436,0.0007
4e42581f08e8cfc7c090f930bac4552a,portoferreira,SP,1,1,2,98.00,53.80,151.80,98.00,2.00,1,1,100.00,47.00,34.00,12.00,1,100.00,1,1.00,1,100.00,1,100.00,2017-11-24,2017-11-24,1,1,2436,0.0007
00ab3eff1b5192e5f1a63bcecfee11c8,sao paulo,SP,1,1,1,98.00,12.08,110.08,98.00,1.00,1,0,0.00,9.00,4.00,,0,0.00,1,5.00,0,0.00,1,100.00,2017-03-18,2017-03-18,1,1,2436,0.0007
1c742ac33582852aaf3bcfbf5893abcf,belo horizonte,MG,1,1,1,97.90,15.79,113.69,97.90,1.00,1,0,0.00,6.00,3.00,,0,0.00,1,5.00,0,0.00,0,0.00,2018-06-22,2018-06-22,1,1,2437,0.0007
74c7dec0a384d8a05950e629bd23bde9,mogi guacu,SP,4,4,4,97.78,52.01,149.79,24.45,1.00,4,0,0.00,11.50,4.50,,1,25.00,4,4.25,1,25.00,2,50.00,2017-07-05,2017-10-01,2,2,2438,0.0007
c7bb64409aa480bb7d0335faaaf3d242,joinville,SC,4,4,4,97.60,67.56,165.16,24.40,1.00,4,0,0.00,5.75,2.25,,0,0.00,4,2.25,2,50.00,1,25.00,2018-06-23,2018-07-02,2,1,2439,0.0007
70126eecc6aa1274392a1743866e9678,barueri,SP,3,3,3,97.40,47.34,144.74,32.47,1.00,2,0,0.00,5.50,1.50,,0,0.00,3,5.00,0,0.00,1,33.33,2018-06-25,2018-07-25,2,2,2440,0.0007
782f78b632a43875dd5b53e3e49c9564,campinas,SP,1,1,2,97.34,32.22,129.56,97.34,2.00,1,0,0.00,10.00,3.00,,0,0.00,1,5.00,0,0.00,0,0.00,2017-06-19,2017-06-19,1,1,2441,0.0007
270572bb714b00531be85e16e1550f26,maua,SP,1,1,1,96.99,14.77,111.76,96.99,1.00,1,0,0.00,11.00,2.00,,0,0.00,1,5.00,0,0.00,1,100.00,2018-05-24,2018-05-24,1,1,2442,0.0007
034b9387752bfa309f350a70cd45ffa3,blumenau,SC,8,8,8,96.00,144.26,240.26,12.00,1.00,8,0,0.00,8.50,2.25,,0,0.00,8,4.50,0,0.00,1,12.50,2018-04-11,2018-08-22,2,1,2443,0.0007
f43827dd686be3a4a80e00aa299990fb,sao jose do rio preto,SP,1,1,2,95.54,30.20,125.74,95.54,2.00,1,0,0.00,21.00,11.00,,0,0.00,1,2.00,1,100.00,0,0.00,2018-01-25,2018-01-25,1,1,2444,0.0007
623ad9d0c1e14bb5464a8c72bff7b4af,claudio,MG,1,1,1,95.00,38.96,133.96,95.00,1.00,1,0,0.00,24.00,3.00,,0,0.00,1,4.00,0,0.00,0,0.00,2018-05-13,2018-05-13,1,1,2445,0.0007
22a23e5ac7061fc538cc2a019afaaf16,belo horizonte,MG,1,1,1,95.00,14.42,109.42,95.00,1.00,1,0,0.00,11.00,8.00,,0,0.00,1,3.00,0,0.00,0,0.00,2017-05-18,2017-05-18,1,1,2445,0.0007
74a9b9bddf14ece02beb81f52c41a88d,sao paulo,SP,2,2,2,95.00,22.06,117.06,47.50,1.00,2,0,0.00,12.00,6.00,,1,50.00,2,3.50,1,50.00,1,50.00,2017-11-27,2018-02-07,2,2,2445,0.0007
253c025bab43881055aeecde5e2d8b77,curitiba,PR,2,2,2,94.82,29.51,124.33,47.41,1.00,2,1,50.00,17.00,3.50,2.00,0,0.00,2,4.50,0,0.00,0,0.00,2017-11-23,2018-07-10,1,1,2446,0.0007
43b2c864251aa0ce4030c746984e088a,brasilia,DF,2,2,2,94.80,34.52,129.32,47.40,1.00,1,0,0.00,6.00,2.00,,0,0.00,2,3.00,1,50.00,0,0.00,2018-07-28,2018-08-23,2,2,2447,0.0007
443d880f15cbd3572885e1d44bf2c478,marilia,SP,1,1,2,94.80,30.20,125.00,94.80,2.00,1,0,0.00,12.00,5.00,,0,0.00,1,2.00,1,100.00,0,0.00,2017-07-21,2017-07-21,1,1,2447,0.0007
7a704e63bb29c446869efde5d57524c8,francisco beltrao,PR,1,1,1,94.49,15.41,109.90,94.49,1.00,1,0,0.00,8.00,1.00,,0,0.00,1,5.00,0,0.00,0,0.00,2018-01-25,2018-01-25,1,1,2448,0.0007
6235903333ba7de1928c869e268e5964,treze tilias,SC,1,1,1,94.06,41.42,135.48,94.06,1.00,1,0,0.00,5.00,2.00,,0,0.00,1,5.00,0,0.00,0,0.00,2018-05-13,2018-05-13,1,1,2449,0.0007
376d67b61dce0c990155286e7ae486a4,sao paulo,SP,1,1,1,94.00,17.91,111.91,94.00,1.00,1,0,0.00,14.00,1.00,,0,0.00,1,4.00,0,0.00,0,0.00,2018-03-01,2018-03-01,1,1,2450,0.0007
2aafae69bf4c41fbd94053d9413e87ee,porto alegre,RS,2,2,2,94.00,29.87,123.87,47.00,1.00,2,0,0.00,9.00,3.50,,0,0.00,2,4.50,0,0.00,0,0.00,2018-05-24,2018-07-24,2,1,2450,0.0007
5305693ffae2d3463377b1f6fe67b15a,penapolis,SP,1,1,1,93.56,12.99,106.55,93.56,1.00,1,0,0.00,13.00,0.00,,0,0.00,1,5.00,0,0.00,1,100.00,2018-01-02,2018-01-02,1,1,2451,0.0007
6b2612338467c08c9b25f0cc55b1578d,marialva,PR,1,1,1,92.90,20.97,113.87,92.90,1.00,1,0,0.00,17.00,1.00,,0,0.00,1,4.00,0,0.00,0,0.00,2017-02-12,2017-02-12,1,1,2452,0.0007
01266d4c46afa519678d16a8b683d325,curitiba,PR,3,3,3,90.25,47.23,137.48,30.08,1.00,3,0,0.00,6.00,1.33,,0,0.00,3,5.00,0,0.00,1,33.33,2018-08-02,2018-08-20,3,1,2453,0.0007
f8f35af4634605e6693c17cc3ffff5a8,campanha,MG,1,1,1,90.00,16.39,106.39,90.00,1.00,1,0,0.00,10.00,2.00,,0,0.00,1,5.00,0,0.00,0,0.00,2017-11-12,2017-11-12,1,1,2454,0.0007
52b53f7061969fe471d119b6195da864,itajai,SP,1,1,1,90.00,8.37,98.37,90.00,1.00,1,0,0.00,3.00,2.00,,0,0.00,1,5.00,0,0.00,0,0.00,2017-08-28,2017-08-28,1,1,2454,0.0007
1cbcd2ee0afb3fc09963b87eb65e7e4f,curitiba,PR,1,1,3,90.00,40.65,130.65,90.00,3.00,1,0,0.00,4.00,2.00,,0,0.00,1,5.00,0,0.00,1,100.00,2018-06-18,2018-06-18,1,1,2454,0.0007
d7d517afce974cd491b8d52bb5b5b1fc,sao paulo,SP,1,1,1,89.99,18.73,108.72,89.99,1.00,1,0,0.00,13.00,5.00,,0,0.00,1,4.00,0,0.00,0,0.00,2018-08-16,2018-08-16,1,1,2455,0.0007
6d04126aba80df143fd038e711b8fd96,rio de janeiro,RJ,1,1,1,89.99,18.87,108.86,89.99,1.00,1,1,100.00,37.00,33.00,16.00,1,100.00,1,1.00,1,100.00,0,0.00,2017-09-08,2017-09-08,1,1,2455,0.0007
8dd386be0767c330276ea6a3f96532d3,paulo lopes,SC,1,1,2,89.98,44.50,134.48,89.98,2.00,1,0,0.00,11.00,3.00,,0,0.00,1,5.00,0,0.00,0,0.00,2018-08-10,2018-08-10,1,1,2456,0.0007
741f8c587cb4248ebc5b779a0e8e0e51,santo andre,SP,5,5,5,89.95,67.69,157.64,17.99,1.00,5,1,20.00,13.20,8.00,7.00,2,40.00,5,4.00,1,20.00,2,40.00,2018-07-12,2018-08-12,5,4,2457,0.0007
2bdb95a56a36ebbc6640337ac5eac174,sao paulo,SP,1,1,1,89.90,18.00,107.90,89.90,1.00,1,0,0.00,6.00,4.00,,0,0.00,1,5.00,0,0.00,1,100.00,2017-01-27,2017-01-27,1,1,2458,0.0007
4aba6a02a788d3ec81c03137144d9a80,canoinhas,SC,1,1,1,89.90,15.38,105.28,89.90,1.00,1,0,0.00,13.00,1.00,,0,0.00,1,5.00,0,0.00,0,0.00,2018-01-16,2018-01-16,1,1,2458,0.0007
97e50a621f8e801f4baf69e08687c192,sao paulo,SP,1,1,1,89.90,7.88,97.78,89.90,1.00,1,0,0.00,9.00,6.00,,1,100.00,1,5.00,0,0.00,1,100.00,2018-02-21,2018-02-21,1,1,2458,0.0007
154bdf805377afea75a3bd158e9eab10,ibitinga,SP,1,1,1,89.90,19.82,109.72,89.90,1.00,0,0,,,,,0,0.00,1,1.00,1,100.00,0,0.00,2018-07-02,2018-07-02,1,1,2458,0.0007
a72f15980dc3e9bfd1a49ac9b2f3af65,marilia,SP,1,1,1,89.90,18.73,108.63,89.90,1.00,1,0,0.00,5.00,1.00,,0,0.00,1,4.00,0,0.00,0,0.00,2018-07-25,2018-07-25,1,1,2458,0.0007
889009a0ed0bb52c87819941192931b8,lencois paulista,SP,1,1,1,89.90,33.08,122.98,89.90,1.00,1,0,0.00,12.00,1.00,,0,0.00,1,4.00,0,0.00,0,0.00,2017-06-01,2017-06-01,1,1,2458,0.0007
b8d890108a7a80e4f5d59eea9f362438,curitiba,PR,2,2,3,89.70,34.59,124.29,44.85,1.50,2,0,0.00,13.50,9.50,,2,100.00,2,3.50,0,0.00,1,50.00,2017-09-05,2017-10-19,2,2,2459,0.0007
5741dc2bf5044c34d0698681c5081bed,sao jose dos campos,SP,3,3,3,89.70,34.05,123.75,29.90,1.00,3,0,0.00,7.33,4.00,,1,33.33,3,5.00,0,0.00,2,66.67,2018-05-28,2018-07-16,2,1,2459,0.0007
6624bc09786f0e41ae48dfc5eeb1a9e2,belo horizonte,MG,1,1,1,89.54,17.47,107.01,89.54,1.00,1,0,0.00,16.00,12.00,,0,0.00,1,5.00,0,0.00,0,0.00,2017-03-05,2017-03-05,1,1,2460,0.0007
b3809b8d4394588a47c8470ea331e135,sao paulo,SP,1,1,1,89.00,7.88,96.88,89.00,1.00,1,0,0.00,5.00,4.00,,0,0.00,1,4.00,0,0.00,1,100.00,2018-07-06,2018-07-06,1,1,2461,0.0007
499185655c29ecfdbfe776ef7cf875b5,porto alegre,RS,1,1,1,89.00,17.33,106.33,89.00,1.00,1,0,0.00,11.00,5.00,,0,0.00,1,4.00,0,0.00,0,0.00,2018-06-02,2018-06-02,1,1,2461,0.0007
da2782c804606d2a5d8e1760dbb3e7ec,sao paulo,SP,1,1,1,89.00,14.37,103.37,89.00,1.00,1,1,100.00,32.00,8.00,13.00,1,100.00,1,1.00,1,100.00,0,0.00,2017-11-26,2017-11-26,1,1,2461,0.0007
65c255b299faf2d12050937cc219c46c,sao paulo,SP,2,2,2,88.20,21.88,110.08,44.10,1.00,2,0,0.00,7.00,3.00,,0,0.00,2,4.50,0,0.00,1,50.00,2017-07-26,2017-08-31,1,1,2462,0.0007
466222e777149751370e7e98fb623b0c,rio de janeiro,RJ,1,1,1,87.90,17.55,105.45,87.90,1.00,1,0,0.00,7.00,1.00,,0,0.00,1,5.00,0,0.00,0,0.00,2018-08-06,2018-08-06,1,1,2463,0.0007
dd264199fc8b687ad029de7de6d760e6,cascavel,PR,1,1,1,87.90,20.70,108.60,87.90,1.00,1,0,0.00,18.00,8.00,,1,100.00,1,5.00,0,0.00,0,0.00,2017-01-19,2017-01-19,1,1,2463,0.0007
9cea4682e16655f7da87f406902e989e,araucaria,PR,4,4,9,87.76,131.47,219.23,21.94,2.25,4,0,0.00,10.25,3.50,,0,0.00,4,4.00,1,25.00,1,25.00,2017-03-22,2018-02-02,2,2,2464,0.0007
2fa13c8bd5705d279f7ed5cc9ec61c68,sao paulo,SP,2,2,4,87.40,61.30,148.70,43.70,2.00,2,0,0.00,4.50,1.00,,0,0.00,2,5.00,0,0.00,1,50.00,2018-04-20,2018-07-10,2,2,2465,0.0007
4fe2f67634d00c021aa01f96b6f2d68e,maringa,PR,2,2,2,86.80,32.04,118.84,43.40,1.00,2,0,0.00,11.00,3.50,,0,0.00,2,5.00,0,0.00,0,0.00,2018-08-11,2018-08-16,2,2,2466,0.0007
60da8bfa7eebe230b7d66ac4082d79b3,fernando prestes,SP,3,3,3,86.60,38.67,125.27,28.87,1.00,3,1,33.33,7.67,2.67,3.00,0,0.00,3,4.33,0,0.00,3,100.00,2018-08-02,2018-08-18,2,2,2467,0.0007
b86a47b3366e3b5424a7b225781f4908,passos,MG,1,1,1,86.50,19.85,106.35,86.50,1.00,1,0,0.00,14.00,0.00,,0,0.00,1,3.00,0,0.00,0,0.00,2018-01-05,2018-01-05,1,1,2468,0.0007
00d8b143d12632bad99c0ad66ad52825,belo horizonte,MG,1,1,1,86.00,51.10,137.10,86.00,1.00,1,0,0.00,7.00,2.00,,0,0.00,1,5.00,0,0.00,0,0.00,2018-03-21,2018-03-21,1,1,2469,0.0007
a2b911e9ad40dc7d61c142a4683e2d85,barra mansa,RJ,1,1,1,85.90,34.40,120.30,85.90,1.00,1,0,0.00,13.00,1.00,,0,0.00,1,5.00,0,0.00,0,0.00,2017-05-10,2017-05-10,1,1,2470,0.0006
5566627eab3fe93fd6ee08798226101a,sao jose dos pinhais,PR,5,5,5,85.50,102.31,187.81,17.10,1.00,5,0,0.00,8.60,1.60,,0,0.00,5,4.40,0,0.00,0,0.00,2017-04-13,2018-01-22,4,1,2471,0.0006
2b5ed0c9139dae8883a200dfcb272ece,sao paulo,SP,4,4,4,85.41,59.34,144.75,21.35,1.00,4,1,25.00,16.75,3.25,26.00,0,0.00,4,4.25,0,0.00,3,75.00,2017-04-03,2017-11-06,1,1,2472,0.0006
b5dd7151a92ccaaa282cbe9681a05f44,ribeirao preto,SP,1,1,1,85.00,18.70,103.70,85.00,1.00,1,0,0.00,13.00,7.00,,1,100.00,1,5.00,0,0.00,0,0.00,2018-07-18,2018-07-18,1,1,2473,0.0006
cb5ff1b9715e99589f3e0c7a6afab9e3,maringa,PR,4,4,4,85.00,54.03,139.03,21.25,1.00,4,0,0.00,6.00,1.75,,0,0.00,4,4.00,0,0.00,1,25.00,2018-08-02,2018-08-21,2,1,2473,0.0006
0dfbed20065e425d2eaefb101f9816c0,porto ferreira,SP,3,3,3,84.35,49.25,133.60,28.12,1.00,3,1,33.33,21.67,3.33,19.00,0,0.00,3,2.67,2,66.67,1,33.33,2018-05-12,2018-06-04,2,2,2474,0.0006
dedcab67899479e4ea5dcc4eba47f587,jaragua do sul,SC,2,2,2,84.00,21.64,105.64,42.00,1.00,2,0,0.00,5.50,3.00,,0,0.00,2,4.50,0,0.00,1,50.00,2018-06-10,2018-08-17,1,1,2475,0.0006
324583d68897f5ddbaf38f6248322176,sao jose do rio preto,SP,2,2,3,84.00,43.99,127.99,42.00,1.50,2,1,50.00,21.00,2.50,11.00,0,0.00,2,1.00,2,100.00,0,0.00,2018-02-21,2018-02-25,1,1,2475,0.0006
f5b84683a9bf9e1df748cf40f601b39c,sao paulo,SP,1,1,1,83.90,9.07,92.97,83.90,1.00,1,0,0.00,7.00,6.00,,0,0.00,1,5.00,0,0.00,1,100.00,2016-10-08,2016-10-08,1,1,2476,0.0006
11d4c477d09821164bca4f70a2eae031,ribeirao preto,SP,3,3,4,83.04,57.82,140.86,27.68,1.33,3,0,0.00,7.00,1.33,,0,0.00,3,5.00,0,0.00,3,100.00,2017-07-18,2017-08-28,2,1,2477,0.0006
a56a8043ebf66e42119618fb8cf232c6,joinville,SC,1,1,1,83.00,23.73,106.73,83.00,1.00,1,0,0.00,11.00,3.00,,0,0.00,1,5.00,0,0.00,0,0.00,2018-08-03,2018-08-03,1,1,2478,0.0006
ba8e85df286308fe68a2ce83a8f8b2d6,santa catarina,SC,1,1,1,80.90,16.76,97.66,80.90,1.00,1,0,0.00,10.00,2.00,,0,0.00,1,5.00,0,0.00,0,0.00,2018-06-12,2018-06-12,1,1,2479,0.0006
52454f90d4c30c016768db02f88c1a74,campinas,SP,3,3,5,80.50,67.17,147.67,26.83,1.67,3,0,0.00,12.67,7.00,,3,100.00,3,3.67,1,33.33,1,33.33,2018-05-14,2018-07-13,4,1,2480,0.0006
1a8e2d9c38b84a9702ac7922924b0573,araquari,SC,1,1,1,80.00,17.00,97.00,80.00,1.00,1,0,0.00,16.00,0.00,,0,0.00,1,5.00,0,0.00,0,0.00,2018-02-06,2018-02-06,1,1,2481,0.0006
c0f3eea2e14555b6faeea3dd58c1b1c3,sao paulo,SP,1,1,1,79.99,15.66,95.65,79.99,1.00,1,0,0.00,5.00,0.00,,0,0.00,1,5.00,0,0.00,0,0.00,2018-08-03,2018-08-03,1,1,2482,0.0006
8b11118053756a9a2932f447e11fc1b5,igaracu do tiete,SP,1,1,1,79.99,11.17,91.16,79.99,1.00,1,0,0.00,12.00,9.00,,1,100.00,1,3.00,0,0.00,1,100.00,2016-10-06,2016-10-06,1,1,2482,0.0006
a45765f8afb1e594b22bf9e974b46765,sao paulo,SP,1,1,1,79.99,8.93,88.92,79.99,1.00,1,0,0.00,5.00,1.00,,0,0.00,1,4.00,0,0.00,1,100.00,2017-03-09,2017-03-09,1,1,2482,0.0006
e09887ca8c7bf8a4621ce481820414ef,sao paulo,SP,2,2,3,79.97,44.60,124.57,39.99,1.50,2,1,50.00,57.50,54.50,91.00,2,100.00,2,3.00,1,50.00,1,50.00,2017-09-09,2017-11-14,3,1,2483,0.0006
ca5832c6960267b71041f74bb39e8b12,xanxere,SC,1,1,1,79.90,17.81,97.71,79.90,1.00,1,1,100.00,45.00,30.00,14.00,1,100.00,1,1.00,1,100.00,0,0.00,2017-06-19,2017-06-19,1,1,2484,0.0006
b5b800c4065bebf4d3442311c9857344,sao paulo,SP,1,1,1,79.90,8.91,88.81,79.90,1.00,1,0,0.00,6.00,3.00,,0,0.00,1,5.00,0,0.00,1,100.00,2018-05-01,2018-05-01,1,1,2484,0.0006
dcb7367a92f5ffb89f1e2152ed260285,osvaldo cruz,SP,1,1,1,79.90,18.44,98.34,79.90,1.00,1,0,0.00,10.00,2.00,,0,0.00,1,5.00,0,0.00,0,0.00,2018-03-18,2018-03-18,1,1,2484,0.0006
cd233f8bfa30ebfd651f47ee7d054951,birigui,SP,1,1,1,79.90,18.66,98.56,79.90,1.00,1,0,0.00,9.00,3.00,,0,0.00,1,5.00,0,0.00,0,0.00,2018-08-19,2018-08-19,1,1,2484,0.0006
9fbd5666d8618fa571c4230fafa09bd6,sao paulo,SP,1,1,1,79.90,16.81,96.71,79.90,1.00,1,0,0.00,13.00,6.00,,1,100.00,1,5.00,0,0.00,0,0.00,2017-08-30,2017-08-30,1,1,2484,0.0006
0f519b0d2e5eb2227c93dd25038bfc01,ibitinga,SP,1,1,1,79.90,23.00,102.90,79.90,1.00,1,0,0.00,12.00,3.00,,0,0.00,1,5.00,0,0.00,0,0.00,2017-01-27,2017-01-27,1,1,2484,0.0006
e5bd51692380fd8cabb19b756b95e714,santo andre,SP,2,2,2,79.80,25.95,105.75,39.90,1.00,2,2,100.00,33.50,24.50,5.50,2,100.00,2,3.00,1,50.00,1,50.00,2017-12-20,2017-12-23,2,1,2485,0.0006
aa17b35ce4de7b565be3249ba838944f,jundiai,SP,2,2,2,79.80,34.20,114.00,39.90,1.00,2,0,0.00,16.50,5.50,,1,50.00,2,4.50,0,0.00,0,0.00,2017-08-24,2017-09-01,1,1,2485,0.0006
a7b7354cc588f7566a848bcbb1ce3d96,sao paulo,SP,2,2,2,79.80,25.07,104.87,39.90,1.00,2,0,0.00,12.00,7.50,,2,100.00,2,4.00,0,0.00,1,50.00,2017-03-13,2017-03-23,1,1,2485,0.0006
918f6fbcf3ab724d805867303e593a1b,valinhos,SP,2,2,3,79.70,32.88,112.58,39.85,1.50,2,0,0.00,5.00,1.50,,0,0.00,2,4.00,0,0.00,2,100.00,2017-02-20,2017-03-02,2,2,2486,0.0006
519a7aa428f18d125a283cf8c014fdd6,rio do oeste,SC,3,2,3,79.70,73.10,152.80,26.57,1.00,3,0,0.00,7.67,2.00,,0,0.00,3,4.00,0,0.00,0,0.00,2018-07-07,2018-07-30,1,1,2486,0.0006
c8665a4dd081a2c436b1cd921079d0d9,pitangueiras,SP,1,1,1,79.39,14.14,93.53,79.39,1.00,1,0,0.00,4.00,1.00,,0,0.00,1,5.00,0,0.00,1,100.00,2018-06-18,2018-06-18,1,1,2487,0.0006
babcc0ab201e4c60188427cae51a5b8b,porto ferreira,SP,1,1,1,79.00,14.13,93.13,79.00,1.00,0,0,,,,,0,0.00,1,5.00,0,0.00,1,100.00,2018-07-01,2018-07-01,1,1,2488,0.0006
166e8f1381e09651983c38b1f6f91c11,imbituba,SC,2,2,2,78.80,30.20,109.00,39.40,1.00,2,0,0.00,14.00,5.00,,1,50.00,2,5.00,0,0.00,0,0.00,2017-07-25,2017-08-21,1,1,2489,0.0006
8132b9bd16876e1b0f8808d43825dd48,florianopolis,SC,1,1,1,77.90,21.00,98.90,77.90,1.00,1,0,0.00,17.00,4.00,,0,0.00,1,5.00,0,0.00,0,0.00,2017-05-05,2017-05-05,1,1,2490,0.0006
739c7d7be81f63812dea0d1b1451c651,campina grande,PB,2,2,2,77.50,71.80,149.30,38.75,1.00,2,0,0.00,17.00,6.50,,0,0.00,2,4.00,0,0.00,0,0.00,2018-05-16,2018-06-04,2,1,2491,0.0006
ec2e006556300a79a5a91e4876ab3a56,sao paulo,SP,2,2,6,77.40,48.33,125.73,38.70,3.00,2,1,50.00,13.50,11.50,12.00,2,100.00,2,1.50,2,100.00,2,100.00,2018-02-02,2018-08-15,1,1,2492,0.0006
5de1c80811ce7007f62f00d971236c09,florianopolis,SC,2,2,2,76.80,30.95,107.75,38.40,1.00,1,0,0.00,7.00,3.00,,0,0.00,2,5.00,0,0.00,1,50.00,2018-07-03,2018-07-30,2,2,2493,0.0006
3e51f9cbe317bc3a88f2c76583811ee4,sao paulo,SP,1,1,1,76.09,8.69,84.78,76.09,1.00,1,0,0.00,8.00,3.00,,0,0.00,1,5.00,0,0.00,1,100.00,2018-08-14,2018-08-14,1,1,2494,0.0006
497709c2976a8fa308730a2dec5b0726,diadema,SP,1,1,2,76.00,18.04,94.04,76.00,2.00,1,0,0.00,6.00,4.00,,0,0.00,1,5.00,0,0.00,1,100.00,2018-07-19,2018-07-19,1,1,2495,0.0006
6dd7dce75cd55c1ce255dc38d9f0cd46,palhoca,SC,1,1,1,75.00,21.33,96.33,75.00,1.00,1,0,0.00,12.00,1.00,,0,0.00,1,4.00,0,0.00,0,0.00,2017-12-17,2017-12-17,1,1,2496,0.0006
43a5d4a57af536fddc96d08be3afdfcb,varginha,MG,1,1,1,75.00,24.83,99.83,75.00,1.00,0,0,,,,,1,100.00,1,1.00,1,100.00,0,0.00,2017-06-14,2017-06-14,1,1,2496,0.0006
ec21206b7894c503788a684a7bc822a6,armacao dos buzios,RJ,1,1,1,75.00,17.78,92.78,75.00,1.00,1,0,0.00,8.00,2.00,,0,0.00,1,3.00,0,0.00,0,0.00,2017-11-14,2017-11-14,1,1,2496,0.0006
47f55702f598c7c6cc8458b0fbc1c49a,dores de campos,MG,1,1,1,75.00,19.77,94.77,75.00,1.00,1,0,0.00,17.00,6.00,,1,100.00,1,5.00,0,0.00,0,0.00,2017-09-15,2017-09-15,1,1,2496,0.0006
a1bea9970d8f65b240555f99c2214f7f,pinhais,PR,1,1,1,75.00,27.48,102.48,75.00,1.00,1,0,0.00,9.00,1.00,,0,0.00,1,3.00,0,0.00,0,0.00,2018-07-23,2018-07-23,1,1,2496,0.0006
d52cbce9845184537284a23c3bc3da0e,garopaba,SC,2,2,4,75.00,63.78,138.78,37.50,2.00,2,0,0.00,10.00,3.00,,0,0.00,2,5.00,0,0.00,0,0.00,2018-02-02,2018-03-02,3,1,2496,0.0006
05aebce0b5c8f0d41b29b686f2d05fd3,sao paulo,SP,2,2,2,74.99,45.89,120.88,37.50,1.00,2,0,0.00,6.00,3.50,,0,0.00,2,5.00,0,0.00,2,100.00,2018-03-05,2018-08-10,2,2,2497,0.0006
9c3a1c416c765687bc79a04113269929,carmo da mata,MG,1,1,1,74.90,58.90,133.80,74.90,1.00,1,0,0.00,7.00,4.00,,0,0.00,1,1.00,1,100.00,0,0.00,2018-02-01,2018-02-01,1,1,2498,0.0006
6187a137b2af59dfdbad8d9f8c373c14,osasco,SP,2,2,2,74.80,30.22,105.02,37.40,1.00,2,0,0.00,14.00,6.00,,1,50.00,2,3.00,1,50.00,0,0.00,2017-11-28,2018-01-06,1,1,2499,0.0006
a90a5da8b09e44264a177c0374a5ac87,ponta grossa,PR,3,3,3,74.70,72.60,147.30,24.90,1.00,3,0,0.00,9.67,1.33,,0,0.00,3,4.33,0,0.00,0,0.00,2017-02-20,2017-03-08,2,1,2500,0.0006
d8d9567d0bfb0bc7eb845a205ba42657,sao paulo,SP,4,4,4,74.60,59.71,134.31,18.65,1.00,4,1,25.00,13.50,2.00,1.00,0,0.00,4,3.50,1,25.00,2,50.00,2018-03-28,2018-08-22,3,2,2501,0.0006
164a5a8794e6d42e14f55e447b12a3bc,guaira,PR,1,1,1,73.99,62.77,136.76,73.99,1.00,1,0,0.00,13.00,0.00,,0,0.00,1,5.00,0,0.00,0,0.00,2018-07-27,2018-07-27,1,1,2502,0.0006
a7d0f8dd44f57ef6de7f7f02e3d82630,sao paulo,SP,2,2,2,73.79,25.88,99.67,36.90,1.00,2,0,0.00,6.00,2.50,,0,0.00,2,4.50,0,0.00,1,50.00,2018-06-25,2018-08-19,2,2,2503,0.0006
204b4e07bddef3c9b317f70189135b22,borda da mata,MG,1,1,1,73.40,14.73,88.13,73.40,1.00,1,0,0.00,10.00,3.00,,0,0.00,1,5.00,0,0.00,0,0.00,2018-07-27,2018-07-27,1,1,2504,0.0006
d4d99b60c4c94cd35acd502cec65dc8d,sao paulo,SP,1,1,1,72.90,14.39,87.29,72.90,1.00,1,0,0.00,19.00,16.00,,1,100.00,1,3.00,0,0.00,0,0.00,2016-10-09,2016-10-09,1,1,2505,0.0006
e5c84227854980f1db19a58958c551d9,fazenda rio grande,PR,4,4,4,72.81,68.83,141.64,18.20,1.00,4,0,0.00,10.25,5.75,,0,0.00,4,4.75,0,0.00,0,0.00,2018-07-26,2018-08-15,4,2,2506,0.0006
8f0fbe2cd4d472157dc1cdef6edecaa9,sao paulo,SP,2,2,2,71.88,22.88,94.76,35.94,1.00,2,0,0.00,7.50,2.50,,0,0.00,2,3.00,1,50.00,1,50.00,2017-07-14,2017-09-11,2,2,2507,0.0005
028872bfa080090a9d0abd4f1af168f8,ribeirao das neves,MG,1,1,3,70.50,47.37,117.87,70.50,3.00,1,0,0.00,16.00,4.00,,0,0.00,1,5.00,0,0.00,0,0.00,2017-08-19,2017-08-19,1,1,2508,0.0005
4003520d80d0bad1d5623f7aa3c63cda,rio de janeiro,RJ,1,1,1,70.00,16.74,86.74,70.00,1.00,1,0,0.00,17.00,2.00,,0,0.00,1,1.00,1,100.00,0,0.00,2017-09-26,2017-09-26,1,1,2509,0.0005
bbf4a892cac7b82422baa711dffb8997,curitiba,PR,1,1,1,70.00,35.34,105.34,70.00,1.00,1,0,0.00,3.00,0.00,,0,0.00,1,5.00,0,0.00,0,0.00,2018-06-11,2018-06-11,1,1,2509,0.0005
e4f121bf6ef8b9a1d4d3e65dd0473fab,sao jose do rio preto,SP,2,2,2,70.00,36.46,106.46,35.00,1.00,2,1,50.00,21.00,1.50,13.00,0,0.00,2,3.00,1,50.00,0,0.00,2018-04-01,2018-05-07,2,2,2509,0.0005
f90f77ef2799a27f80d90c425ca944f7,londrina,PR,1,1,1,70.00,19.46,89.46,70.00,1.00,1,0,0.00,7.00,0.00,,0,0.00,1,5.00,0,0.00,0,0.00,2018-05-15,2018-05-15,1,1,2509,0.0005
a89e143d5211473ae18db9577ee34b64,limeira,SP,1,1,1,70.00,9.94,79.94,70.00,1.00,1,0,0.00,9.00,8.00,,1,100.00,1,5.00,0,0.00,1,100.00,2017-06-04,2017-06-04,1,1,2509,0.0005
0a198e95d32b1be2da9424c962a6ebfa,contagem,MG,1,1,1,69.99,16.68,86.67,69.99,1.00,1,0,0.00,16.00,12.00,,1,100.00,1,5.00,0,0.00,0,0.00,2018-06-13,2018-06-13,1,1,2510,0.0005
fe9d9cf8631285d5982c6e2cf27fb114,barbacena/ minas gerais,MG,1,1,1,69.90,23.64,93.54,69.90,1.00,1,0,0.00,5.00,1.00,,0,0.00,1,4.00,0,0.00,0,0.00,2018-07-19,2018-07-19,1,1,2511,0.0005
f3511c85f59f8dec53d140501ee8e7a8,curitiba,PR,1,1,1,69.90,8.11,78.01,69.90,1.00,1,0,0.00,2.00,1.00,,0,0.00,1,5.00,0,0.00,1,100.00,2017-08-13,2017-08-13,1,1,2511,0.0005
b5d034ac251546e25afe9067f05c1539,itapecerica da serra,SP,1,1,1,69.90,15.37,85.27,69.90,1.00,0,0,,,,,0,0.00,1,5.00,0,0.00,0,0.00,2018-04-21,2018-04-21,1,1,2511,0.0005
d598f929fc44e1e38678e7f47250ec04,formosa,GO,1,1,1,69.90,37.40,107.30,69.90,1.00,1,0,0.00,11.00,5.00,,0,0.00,1,5.00,0,0.00,0,0.00,2018-06-22,2018-06-22,1,1,2511,0.0005
d6cd01c59123df02fc226eadbadb5f89,sao paulo,SP,1,1,1,69.90,16.25,86.15,69.90,1.00,1,0,0.00,19.00,11.00,,1,100.00,1,5.00,0,0.00,0,0.00,2018-01-11,2018-01-11,1,1,2511,0.0005
4e92348462c75b6c842b994ce84a0ed4,cachoeirinha,RS,1,1,1,69.90,15.59,85.49,69.90,1.00,1,0,0.00,10.00,7.00,,0,0.00,1,5.00,0,0.00,0,0.00,2018-07-03,2018-07-03,1,1,2511,0.0005
d9b00a97818674c7f8d8b1ef0e689679,ponta grossa,PR,1,1,1,69.90,9.18,79.08,69.90,1.00,1,0,0.00,2.00,1.00,,0,0.00,1,3.00,0,0.00,1,100.00,2018-08-14,2018-08-14,1,1,2511,0.0005
5587130f9850696ed7fafbc91c2cee44,sao paulo,SP,2,2,2,69.80,33.69,103.49,34.90,1.00,2,0,0.00,6.50,3.00,,0,0.00,2,5.00,0,0.00,0,0.00,2018-07-13,2018-08-07,2,1,2512,0.0005
17998cf586426bf0f2c3726cb0a4b211,belo horizonte,MG,2,2,2,69.80,45.72,115.52,34.90,1.00,2,0,0.00,8.00,1.50,,0,0.00,2,4.00,0,0.00,0,0.00,2017-07-28,2018-01-01,2,2,2512,0.0005
8cb7c5ddf41f4d506eba76e9a4702a25,anapolis,GO,1,1,1,69.00,28.88,97.88,69.00,1.00,1,0,0.00,16.00,8.00,,1,100.00,1,5.00,0,0.00,0,0.00,2018-02-07,2018-02-07,1,1,2513,0.0005
bbd3acfe6de99892e73940d3fdceaf68,santo andre,SP,2,2,2,69.00,24.55,93.55,34.50,1.00,2,0,0.00,3.00,1.00,,0,0.00,2,3.00,1,50.00,2,100.00,2018-08-18,2018-08-21,2,1,2513,0.0005
edb65fe661681b1c0de8bd47c8655855,sao paulo,SP,1,1,1,69.00,15.24,84.24,69.00,1.00,1,0,0.00,14.00,6.00,,0,0.00,1,3.00,0,0.00,0,0.00,2017-04-26,2017-04-26,1,1,2513,0.0005
723a46b89fd5c3ed78ccdf039e33ac63,"novo hamburgo, rio grande do sul, brasil",RS,1,1,1,66.64,23.40,90.04,66.64,1.00,1,0,0.00,8.00,1.00,,0,0.00,1,4.00,0,0.00,0,0.00,2018-05-28,2018-05-28,1,1,2514,0.0005
a5ff20ff766e7f50bd5066f33da14413,sao paulo,SP,2,2,4,66.59,43.58,110.17,33.30,2.00,1,0,0.00,5.00,2.00,,0,0.00,2,3.00,1,50.00,1,50.00,2018-08-19,2018-08-24,3,2,2515,0.0005
c6381b1321d7d97717a5bb4ed5b77882,sao paulo,SP,2,2,3,66.00,34.01,100.01,33.00,1.50,2,0,0.00,5.00,2.50,,0,0.00,2,3.00,1,50.00,2,100.00,2018-07-09,2018-08-09,3,2,2516,0.0005
d58d521f3789def2e7a22715e0badd93,sao paulo,SP,2,2,2,65.98,18.22,84.20,32.99,1.00,2,0,0.00,4.50,2.00,,0,0.00,2,3.50,0,0.00,2,100.00,2017-11-10,2018-03-20,1,1,2517,0.0005
c32fc744b9160ac853450488e3cfea93,ribeirao preto,SP,2,2,2,65.80,14.05,79.85,32.90,1.00,2,0,0.00,15.50,6.00,,1,50.00,2,3.00,1,50.00,1,50.00,2018-05-04,2018-06-06,2,1,2518,0.0005
76623fde66e6b63b59440fd34160512d,guarulhos,SP,3,3,3,65.40,23.34,88.74,21.80,1.00,3,0,0.00,3.33,2.00,,0,0.00,3,4.00,0,0.00,3,100.00,2017-09-02,2018-01-08,3,1,2519,0.0005
d4a5e99e0dd915df64ba55a7fbd583fd,sao paulo,SP,2,2,6,65.15,84.60,149.75,32.58,3.00,2,0,0.00,12.50,5.00,,0,0.00,2,3.00,1,50.00,0,0.00,2017-10-26,2017-10-26,2,2,2520,0.0005
52831e5990d0771cb4951d6f12928167,tupa,SP,1,1,1,65.00,13.12,78.12,65.00,1.00,1,0,0.00,5.00,2.00,,0,0.00,1,3.00,0,0.00,1,100.00,2018-08-06,2018-08-06,1,1,2521,0.0005
447d377bdb757058acb569025ee18a93,carazinho,RS,1,1,1,64.99,18.02,83.01,64.99,1.00,1,0,0.00,18.00,4.00,,0,0.00,1,5.00,0,0.00,0,0.00,2018-02-02,2018-02-02,1,1,2522,0.0005
933446e9a59dece7ae9175103820ca8f,curitiba,PR,1,1,1,64.99,22.38,87.37,64.99,1.00,1,0,0.00,24.00,16.00,,0,0.00,1,5.00,0,0.00,0,0.00,2017-01-24,2017-01-24,1,1,2522,0.0005
c8771b1a10bb99bb34d3c459c5cffb53,tocantins,SP,1,1,1,64.90,31.20,96.10,64.90,1.00,1,0,0.00,7.00,3.00,,0,0.00,1,5.00,0,0.00,1,100.00,2017-05-30,2017-05-30,1,1,2523,0.0005
391bbd13b6452244774beff1824006ed,campinas,SP,1,1,1,63.90,17.70,81.60,63.90,1.00,1,1,100.00,45.00,15.00,24.00,1,100.00,1,1.00,1,100.00,0,0.00,2018-03-05,2018-03-05,1,1,2524,0.0005
b452cb0ae35044c4a53179c39f49fb06,sorocaba,SP,2,2,2,63.70,38.29,101.99,31.85,1.00,2,0,0.00,16.50,11.50,,2,100.00,2,4.00,0,0.00,1,50.00,2018-06-01,2018-06-02,2,2,2525,0.0005
9e94fa26a70ede4d26226e918e8706a2,sao carlos,SP,1,1,1,62.80,9.94,72.74,62.80,1.00,1,0,0.00,5.00,4.00,,0,0.00,1,5.00,0,0.00,1,100.00,2017-08-04,2017-08-04,1,1,2526,0.0005
f0ec78809fe0bc3edb11c9fe5b97b059,sao paulo,SP,2,2,2,62.60,23.66,86.26,31.30,1.00,2,0,0.00,9.00,5.50,,0,0.00,2,4.00,0,0.00,1,50.00,2018-06-09,2018-07-18,2,1,2527,0.0005
2cb98e27ce1c18abdb42209b34c382a7,ribeirao preto,SP,1,1,1,62.49,57.21,119.70,62.49,1.00,1,0,0.00,19.00,1.00,,0,0.00,1,4.00,0,0.00,0,0.00,2018-06-19,2018-06-19,1,1,2528,0.0005
6a3139c7bf09ece22a4713d956acbe5e,sao sebastiao da grama/sp,SP,1,1,1,61.90,14.74,76.64,61.90,1.00,1,0,0.00,4.00,1.00,,0,0.00,1,5.00,0,0.00,1,100.00,2018-07-23,2018-07-23,1,1,2529,0.0005
f7c31656c19db6275a8acadca289f426,ibitinga,SP,1,1,1,61.56,16.19,77.75,61.56,1.00,1,0,0.00,13.00,2.00,,0,0.00,1,3.00,0,0.00,0,0.00,2018-02-15,2018-02-15,1,1,2530,0.0005
b3e2faf2c1004d674f16a3aa3197f0e1,ribeirao preto,SP,3,3,3,61.47,33.77,95.24,20.49,1.00,3,0,0.00,7.00,2.33,,0,0.00,3,5.00,0,0.00,3,100.00,2017-02-07,2017-05-10,3,2,2531,0.0005
1d0646a72178a6fb37ee8082140e06ec,joinville,SC,2,2,2,61.00,36.62,97.62,30.50,1.00,2,0,0.00,7.50,1.50,,0,0.00,2,5.00,0,0.00,0,0.00,2018-07-16,2018-08-22,2,2,2532,0.0005
7963e546f34e098b578f9ad102494601,sao paulo,SP,1,1,1,60.99,21.23,82.22,60.99,1.00,1,0,0.00,18.00,2.00,,0,0.00,1,5.00,0,0.00,0,0.00,2017-11-05,2017-11-05,1,1,2533,0.0005
be7a093e5b4d147b36b72bb1f9e415e5,toledo,PR,1,1,1,60.90,22.36,83.26,60.90,1.00,1,0,0.00,5.00,2.00,,0,0.00,1,5.00,0,0.00,0,0.00,2018-07-07,2018-07-07,1,1,2534,0.0005
83f2b4881141ce3fcd4e985125d3279e,ribeirao preto,SP,3,3,3,60.70,40.68,101.38,20.23,1.00,3,0,0.00,18.00,4.67,,0,0.00,3,5.00,0,0.00,2,66.67,2018-01-24,2018-03-18,3,1,2535,0.0005
9ac75591b69c3402684b6ce0310f22ee,sao paulo,SP,1,1,1,60.50,9.17,69.67,60.50,1.00,1,0,0.00,3.00,2.00,,0,0.00,1,5.00,0,0.00,1,100.00,2018-08-21,2018-08-21,1,1,2536,0.0005
24a6daf925d9d591870a66660416de31,robeirao preto,SP,2,2,2,60.00,30.08,90.08,30.00,1.00,2,0,0.00,13.50,1.00,,0,0.00,2,4.50,0,0.00,1,50.00,2018-01-29,2018-05-06,2,1,2537,0.0005
7c462184585ae80bd6e5774c62ce50f2,campinas,SP,1,1,2,60.00,17.64,77.64,60.00,2.00,1,1,100.00,16.00,14.00,8.00,1,100.00,1,3.00,0,0.00,1,100.00,2018-05-07,2018-05-07,1,1,2537,0.0005
85e7c62c1d6ea078c3897424f867a7c8,itapema,SC,2,2,2,60.00,27.70,87.70,30.00,1.00,2,0,0.00,8.00,4.00,,0,0.00,2,4.50,0,0.00,1,50.00,2017-12-27,2018-01-17,2,1,2537,0.0005
3e46a38ee171c503c3b4a3f23fe3bf0c,sorocaba,SP,1,1,1,59.90,9.11,69.01,59.90,1.00,1,0,0.00,4.00,3.00,,0,0.00,1,5.00,0,0.00,1,100.00,2018-06-22,2018-06-22,1,1,2538,0.0005
9ef932e837d8b7f392c0bfee9d359dc2,ibitinga,SP,1,1,1,59.90,19.66,79.56,59.90,1.00,1,1,100.00,37.00,1.00,9.00,0,0.00,1,3.00,0,0.00,0,0.00,2017-11-20,2017-11-20,1,1,2538,0.0005
c240c4061717ac1806ae6ee72be3533b,rio de janeiro,RJ,1,1,1,59.90,13.99,73.89,59.90,1.00,1,0,0.00,6.00,1.00,,0,0.00,1,4.00,0,0.00,0,0.00,2018-05-08,2018-05-08,1,1,2538,0.0005
6ebf4eceee4dd9847201c82e77ef8123,rio de janeiro,RJ,1,1,1,59.90,22.13,82.03,59.90,1.00,1,0,0.00,15.00,2.00,,0,0.00,1,5.00,0,0.00,0,0.00,2018-04-04,2018-04-04,1,1,2538,0.0005
8fb67a334bacec338885b4e9e1708073,toledo,PR,1,1,1,59.90,38.52,98.42,59.90,1.00,1,0,0.00,8.00,2.00,,0,0.00,1,5.00,0,0.00,0,0.00,2018-07-15,2018-07-15,1,1,2538,0.0005
75fdd0a732287f9497b179f6bd445d32,maua,SP,1,1,1,59.90,16.18,76.08,59.90,1.00,1,0,0.00,10.00,2.00,,0,0.00,1,5.00,0,0.00,0,0.00,2017-09-19,2017-09-19,1,1,2538,0.0005
0ee4fb99ac55ffbbc98795aa01b7f8fa,santana de parnaiba,SP,1,1,1,59.90,11.03,70.93,59.90,1.00,1,0,0.00,7.00,3.00,,0,0.00,1,5.00,0,0.00,1,100.00,2017-05-01,2017-05-01,1,1,2538,0.0005
528ce32f560edd11add4169f6a5b65be,sao roque,SP,2,2,2,59.80,15.30,75.10,29.90,1.00,2,0,0.00,10.00,3.00,,0,0.00,2,5.00,0,0.00,2,100.00,2017-05-02,2017-07-20,2,2,2539,0.0005
3da38366e7bd9baf6369071f782ecdf0,fortaleza,CE,1,1,1,59.47,26.96,86.43,59.47,1.00,1,1,100.00,53.00,23.00,6.00,1,100.00,1,1.00,1,100.00,0,0.00,2018-01-04,2018-01-04,1,1,2540,0.0004
63704069d9bd3a75c1cf59babe56004a,jundiai,SP,1,1,1,59.30,7.39,66.69,59.30,1.00,1,1,100.00,18.00,8.00,7.00,1,100.00,1,1.00,1,100.00,1,100.00,2018-06-08,2018-06-08,1,1,2541,0.0004
db1f0f7c7e5e87f40b62226f020bb297,pinhais,PR,3,3,3,59.01,64.72,123.73,19.67,1.00,3,0,0.00,9.67,2.00,,0,0.00,3,4.67,0,0.00,0,0.00,2017-04-03,2017-05-09,3,1,2542,0.0004
2f1e7b90e01d9f086cbcb301c0c3d406,blumenau,SC,1,1,1,59.00,12.66,71.66,59.00,1.00,1,0,0.00,8.00,1.00,,0,0.00,1,5.00,0,0.00,0,0.00,2017-11-27,2017-11-27,1,1,2543,0.0004
0af2ab31141893d26aca5a404a537dab,sao paulo,SP,1,1,1,59.00,15.51,74.51,59.00,1.00,1,0,0.00,6.00,1.00,,0,0.00,1,5.00,0,0.00,0,0.00,2018-08-23,2018-08-23,1,1,2543,0.0004
dd5450b022b2d00a2145a66331e1aef6,joinville,SC,1,1,1,59.00,22.34,81.34,59.00,1.00,1,0,0.00,7.00,0.00,,0,0.00,1,5.00,0,0.00,0,0.00,2018-06-29,2018-06-29,1,1,2543,0.0004
1d953075c2f0dd990bacf27b83b330f1,belo horizonte,MG,1,1,1,59.00,19.32,78.32,59.00,1.00,1,0,0.00,7.00,1.00,,0,0.00,1,5.00,0,0.00,0,0.00,2018-08-13,2018-08-13,1,1,2543,0.0004
37303482a42fb700d8d127e70a9cd6c8,campinas,SP,1,1,1,58.90,8.11,67.01,58.90,1.00,1,0,0.00,2.00,1.00,,0,0.00,1,5.00,0,0.00,1,100.00,2017-12-11,2017-12-11,1,1,2544,0.0004
d180e07dc1e58c31c3f0cd599dc4d945,belo horizonte,MG,1,1,1,58.80,14.16,72.96,58.80,1.00,1,0,0.00,8.00,0.00,,0,0.00,1,3.00,0,0.00,0,0.00,2018-01-26,2018-01-26,1,1,2545,0.0004
8fff28c4263ddec387f28d237fb42773,sao paulo,SP,2,2,4,58.60,54.03,112.63,29.30,2.00,2,0,0.00,5.50,0.50,,0,0.00,2,5.00,0,0.00,1,50.00,2018-08-14,2018-08-21,2,1,2546,0.0004
cecd97bc34ed8330bd4cd15713eda670,cordilheira alta,SC,1,1,1,57.99,18.51,76.50,57.99,1.00,1,0,0.00,7.00,2.00,,0,0.00,1,1.00,1,100.00,0,0.00,2018-08-13,2018-08-13,1,1,2547,0.0004
cac4e0bc1a3269fa2b6ea5e763f6115b,brusque,SC,2,2,3,57.88,50.14,108.02,28.94,1.50,2,0,0.00,11.00,4.50,,0,0.00,2,5.00,0,0.00,0,0.00,2017-11-26,2018-03-27,2,2,2548,0.0004
48e5ee06fb2dc74df1c711a9b6dfac2a,oliveira,MG,1,1,3,57.00,45.30,102.30,57.00,3.00,1,0,0.00,11.00,3.00,,0,0.00,1,5.00,0,0.00,0,0.00,2018-02-03,2018-02-03,1,1,2549,0.0004
ac9b01377919cdbd2a1bbb8d5837c70b,mogi das cruzes,SP,1,1,1,55.90,23.54,79.44,55.90,1.00,1,0,0.00,10.00,1.00,,0,0.00,1,3.00,0,0.00,0,0.00,2018-08-05,2018-08-05,1,1,2550,0.0004
3e35a8bb43569389d3cebef0ce820f69,sao paulo,SP,1,1,2,55.80,28.88,84.68,55.80,2.00,1,0,0.00,8.00,6.00,,0,0.00,1,5.00,0,0.00,1,100.00,2018-04-12,2018-04-12,1,1,2551,0.0004
ebe3dabc4955c9b0d695e7bda38bf5c3,ribeirao preto,SP,1,1,1,55.00,11.89,66.89,55.00,1.00,1,1,100.00,24.00,8.00,4.00,1,100.00,1,3.00,0,0.00,1,100.00,2018-02-20,2018-02-20,1,1,2552,0.0004
d85efbc8eff2b7adf524e2820569adc8,sao paulo,SP,1,1,1,55.00,8.29,63.29,55.00,1.00,1,0,0.00,3.00,2.00,,0,0.00,1,5.00,0,0.00,1,100.00,2018-05-12,2018-05-12,1,1,2552,0.0004
0b1ca3ef18a63d7eb0c8897fa0849c08,sao roque,SP,1,1,1,55.00,7.87,62.87,55.00,1.00,1,0,0.00,6.00,5.00,,0,0.00,1,5.00,0,0.00,1,100.00,2018-04-12,2018-04-12,1,1,2552,0.0004
c7246702dc991a06d788120dc7544391,fortaleza,CE,1,1,1,54.86,17.66,72.52,54.86,1.00,1,0,0.00,21.00,3.00,,0,0.00,1,5.00,0,0.00,0,0.00,2018-02-19,2018-02-19,1,1,2553,0.0004
26f6b7ab07be3e9e69ce82a6552efc19,rio de janeiro,RJ,2,2,2,54.80,25.95,80.75,27.40,1.00,2,1,50.00,10.50,7.00,1.00,1,50.00,2,3.00,1,50.00,1,50.00,2018-08-14,2018-08-15,2,2,2554,0.0004
c13fb473e7cb8b83ccd543c094df0608,sao paulo,SP,2,2,2,54.80,28.72,83.52,27.40,1.00,2,0,0.00,13.00,3.00,,0,0.00,2,3.50,0,0.00,1,50.00,2017-01-30,2017-03-20,2,2,2554,0.0004
d297f1055de2956aedfd3b04113dce3e,nova odessa,SP,1,1,1,54.30,7.64,61.94,54.30,1.00,1,0,0.00,4.00,3.00,,0,0.00,1,4.00,0,0.00,1,100.00,2018-08-20,2018-08-20,1,1,2555,0.0004
720e6cf846ea7572cbb66b743fb91e6c,mogi das cruzes / sp,SP,1,1,1,54.00,14.55,68.55,54.00,1.00,1,0,0.00,16.00,5.00,,0,0.00,1,5.00,0,0.00,0,0.00,2017-03-18,2017-03-18,1,1,2556,0.0004
c1552b1dab6e6f760950368ae61fb600,sao jose dos campos,SP,2,2,2,53.80,14.89,68.69,26.90,1.00,2,0,0.00,5.00,1.50,,0,0.00,2,2.50,1,50.00,2,100.00,2018-08-22,2018-08-25,2,1,2557,0.0004
a2a41aedb70551d4a85aa04dc2fced48,sao paulo,SP,2,2,2,52.79,26.94,79.73,26.40,1.00,2,0,0.00,8.50,3.50,,0,0.00,2,4.00,0,0.00,1,50.00,2017-11-16,2017-12-03,1,1,2558,0.0004
392f7f2c797e4dc077e4311bde2ab8ce,rio de janeiro,RN,2,2,2,52.00,36.56,88.56,26.00,1.00,2,0,0.00,5.00,1.00,,0,0.00,2,5.00,0,0.00,0,0.00,2018-08-20,2018-08-21,1,1,2559,0.0004
84c945f15571830c1a91a33978e94009,sao paulo,SP,2,2,2,51.98,26.06,78.04,25.99,1.00,2,0,0.00,9.50,3.50,,0,0.00,2,4.50,0,0.00,1,50.00,2017-03-20,2017-05-14,1,1,2560,0.0004
258447aad3f7b01e2643c89f64dc5647,cianorte,PR,1,1,1,51.90,19.55,71.45,51.90,1.00,1,0,0.00,8.00,1.00,,0,0.00,1,5.00,0,0.00,0,0.00,2018-07-24,2018-07-24,1,1,2561,0.0004
07e8e8fc5222bb358e6f259da3197074,sao paulo,SP,2,2,2,51.80,23.06,74.86,25.90,1.00,2,0,0.00,8.50,4.00,,1,50.00,2,4.00,0,0.00,1,50.00,2018-02-21,2018-08-08,2,1,2562,0.0004
e9e446d01bd10a97a8ffcfc4a3a20cb2,sao paulo,SP,3,3,3,51.15,22.17,73.32,17.05,1.00,3,0,0.00,5.33,2.67,,0,0.00,3,4.33,0,0.00,3,100.00,2018-06-05,2018-07-08,3,1,2563,0.0004
eaf6d55068dea77334e8477d3878d89e,sao paulo,SP,3,3,3,51.00,33.01,84.01,17.00,1.00,3,0,0.00,6.00,3.00,,0,0.00,3,5.00,0,0.00,2,66.67,2018-06-26,2018-07-28,2,1,2564,0.0004
535bf14f36346c7f59d87cece104d70c,rio de janeiro,RJ,1,1,1,50.00,7.77,57.77,50.00,1.00,1,0,0.00,4.00,3.00,,0,0.00,1,4.00,0,0.00,1,100.00,2018-08-19,2018-08-19,1,1,2565,0.0004
d4f91e8be86b38da2ee35bc489645a9d,guaratingueta,SP,1,1,1,49.99,11.17,61.16,49.99,1.00,1,0,0.00,17.00,16.00,,1,100.00,1,5.00,0,0.00,1,100.00,2016-10-08,2016-10-08,1,1,2566,0.0004
8cf21434553b02cbd37c0bbd07e041b0,sao jose,SC,1,1,1,49.99,23.22,73.21,49.99,1.00,1,0,0.00,11.00,3.00,,0,0.00,1,4.00,0,0.00,0,0.00,2017-11-24,2017-11-24,1,1,2566,0.0004
217f005bb37ff3aeef5b2ae1788e75ba,osasco,SP,2,2,2,49.98,30.15,80.13,24.99,1.00,2,0,0.00,14.50,6.00,,1,50.00,2,4.50,0,0.00,0,0.00,2017-04-21,2017-05-10,1,1,2567,0.0004
9140ef75cc8211c4035935e80e567204,maringa,PR,1,1,1,49.90,22.28,72.18,49.90,1.00,1,0,0.00,12.00,2.00,,0,0.00,1,5.00,0,0.00,0,0.00,2018-08-01,2018-08-01,1,1,2568,0.0004
58e4b302b54937e55a678c4d15111da4,colombo,PR,1,1,1,49.90,14.52,64.42,49.90,1.00,1,0,0.00,7.00,4.00,,1,100.00,1,5.00,0,0.00,0,0.00,2017-01-26,2017-01-26,1,1,2568,0.0004
fe19dce63ae80346207c6c55713d1023,uberaba,MG,1,1,1,49.90,21.82,71.72,49.90,1.00,1,0,0.00,7.00,1.00,,0,0.00,1,5.00,0,0.00,0,0.00,2017-01-31,2017-01-31,1,1,2568,0.0004
2c2c9832d1bb38c5b0034a3b47d313ee,santa maria,RS,1,1,1,49.90,18.45,68.35,49.90,1.00,1,0,0.00,12.00,5.00,,0,0.00,1,3.00,0,0.00,0,0.00,2018-07-27,2018-07-27,1,1,2568,0.0004
3ded4e2d5f135cb103e5949d7263d2dd,pouso alegre,MG,1,1,1,49.90,12.48,62.38,49.90,1.00,1,0,0.00,5.00,2.00,,0,0.00,1,5.00,0,0.00,1,100.00,2018-02-15,2018-02-15,1,1,2568,0.0004
7b3447b497e55af8c15fc7bd89d7b81a,sao paulo,SP,1,1,1,49.90,20.75,70.65,49.90,1.00,1,0,0.00,13.00,10.00,,1,100.00,1,5.00,0,0.00,0,0.00,2017-11-17,2017-11-17,1,1,2568,0.0004
7315baebc0572ff220d226283dc66728,sao carlos,SP,2,2,2,49.85,26.37,76.22,24.93,1.00,2,0,0.00,8.00,1.50,,0,0.00,2,4.00,0,0.00,1,50.00,2017-04-26,2017-06-28,2,2,2569,0.0004
2c00c85d30361cd2ced2969cffbbffa3,belo horizonte,MG,1,1,1,49.80,7.71,57.51,49.80,1.00,1,0,0.00,2.00,1.00,,0,0.00,1,5.00,0,0.00,1,100.00,2018-04-16,2018-04-16,1,1,2570,0.0004
1b61fb1f0f2185d89e9a126c498e9cc7,maringa,PR,1,1,1,49.70,16.11,65.81,49.70,1.00,1,0,0.00,11.00,4.00,,0,0.00,1,5.00,0,0.00,0,0.00,2017-06-23,2017-06-23,1,1,2571,0.0004
42d4b7e70819438f5ada61c965e92d7e,goiania,GO,1,1,3,49.60,51.18,100.78,49.60,3.00,1,0,0.00,22.00,9.00,,1,100.00,1,1.00,1,100.00,0,0.00,2018-03-20,2018-03-20,2,2,2572,0.0004
e0487761face83d64fcada2408959a36,sao paulo,SP,2,2,2,49.25,14.87,64.12,24.63,1.00,2,0,0.00,3.50,2.00,,0,0.00,2,4.50,0,0.00,2,100.00,2018-08-24,2018-08-27,2,2,2573,0.0004
1f7dfad2cb384ea4d2d7e1ffbd78c407,sao paulo,SP,1,1,1,49.00,8.29,57.29,49.00,1.00,1,0,0.00,6.00,5.00,,0,0.00,1,1.00,1,100.00,1,100.00,2018-05-05,2018-05-05,1,1,2574,0.0004
c963a25b8671419c6ce9eebe8fd03218,angra dos reis rj,RJ,1,1,1,49.00,19.32,68.32,49.00,1.00,1,0,0.00,6.00,1.00,,0,0.00,1,5.00,0,0.00,0,0.00,2018-05-01,2018-05-01,1,1,2574,0.0004
2ef086a599b597572aca4433b7ed6b3d,jaragua do sul,SC,1,1,1,49.00,15.10,64.10,49.00,1.00,1,0,0.00,11.00,1.00,,0,0.00,1,5.00,0,0.00,0,0.00,2018-01-11,2018-01-11,1,1,2574,0.0004
d63f306de130e0391d38a792541723b8,sao paulo,SP,1,1,1,49.00,7.60,56.60,49.00,1.00,1,0,0.00,3.00,2.00,,0,0.00,1,5.00,0,0.00,1,100.00,2018-08-20,2018-08-20,1,1,2574,0.0004
ce33c6211beaa8fef4cae8b52db39862,suzano,SP,1,1,1,49.00,14.52,63.52,49.00,1.00,1,0,0.00,19.00,3.00,,0,0.00,1,3.00,0,0.00,0,0.00,2017-02-12,2017-02-12,1,1,2574,0.0004
29c322e3f09f886f8bacbe91dfbd979e,santa maria,RS,1,1,2,48.98,56.59,105.57,48.98,2.00,1,0,0.00,7.00,2.00,,0,0.00,1,5.00,0,0.00,1,100.00,2018-08-22,2018-08-22,2,1,2575,0.0004
417a1e6c7321084d2a0ae0d023cfad93,imigrante,RS,1,1,1,48.90,12.48,61.38,48.90,1.00,1,0,0.00,6.00,2.00,,0,0.00,1,5.00,0,0.00,1,100.00,2018-01-31,2018-01-31,1,1,2576,0.0004
2e2f44824ab87a0cb961f68bf4073e7f,curitiba,PR,1,1,1,48.00,17.93,65.93,48.00,1.00,1,0,0.00,11.00,9.00,,1,100.00,1,2.00,1,100.00,0,0.00,2018-04-02,2018-04-02,1,1,2577,0.0004
a3fa18b3f688ec0fca3eb8bfcbd2d5b3,são paulo,SP,1,1,2,47.80,36.46,84.26,47.80,2.00,1,0,0.00,14.00,7.00,,1,100.00,1,5.00,0,0.00,0,0.00,2018-04-30,2018-04-30,1,1,2578,0.0004
513a54369b6a8a6602fcb0e129c6d78d,sao bernardo do campo,SP,2,2,2,47.80,14.86,62.66,23.90,1.00,2,0,0.00,3.00,2.00,,0,0.00,2,4.50,0,0.00,2,100.00,2018-08-18,2018-08-26,1,1,2578,0.0004
9d213f303afae4983637247556438ede,ibitinga,SP,2,2,3,47.70,73.11,120.81,23.85,1.50,2,0,0.00,6.50,1.50,,0,0.00,2,5.00,0,0.00,1,50.00,2018-07-14,2018-07-24,2,1,2579,0.0004
ae9690c6e8fee182c28c9ff8e11ca52c,sao paulo,SP,1,1,1,47.40,12.41,59.81,47.40,1.00,1,0,0.00,5.00,5.00,,0,0.00,1,5.00,0,0.00,1,100.00,2016-10-09,2016-10-09,1,1,2580,0.0004
cad10cc982ab6a391570c211b995c17c,avare,SP,1,1,1,47.40,12.79,60.19,47.40,1.00,0,0,,,,,0,0.00,1,5.00,0,0.00,1,100.00,2018-04-22,2018-04-22,1,1,2580,0.0004
baf15155e37ef5492731459bdc05be8a,sao paulo,SP,1,1,1,47.00,8.72,55.72,47.00,1.00,1,0,0.00,33.00,28.00,,1,100.00,1,5.00,0,0.00,1,100.00,2017-03-16,2017-03-16,1,1,2581,0.0004
7494d0dcba8551df6cf37f1b905dc2f7,santos,SP,1,1,1,45.90,17.07,62.97,45.90,1.00,1,0,0.00,6.00,1.00,,0,0.00,1,3.00,0,0.00,1,100.00,2018-05-03,2018-05-03,1,1,2582,0.0003
51e0557bc7b86de13e946c60ee91ce39,belo horizonte,MG,1,1,1,45.80,17.60,63.40,45.80,1.00,1,0,0.00,10.00,2.00,,0,0.00,1,5.00,0,0.00,0,0.00,2017-05-14,2017-05-14,1,1,2583,0.0003
8629a7efec1aab257e58cda559f03ba7,goiania,GO,1,1,1,45.22,18.89,64.11,45.22,1.00,1,1,100.00,59.00,25.00,33.00,1,100.00,1,1.00,1,100.00,0,0.00,2018-02-16,2018-02-16,1,1,2584,0.0003
70ee69419916dc13e3aed619061f996c,mogi das cruzes,SP,1,1,1,45.00,8.72,53.72,45.00,1.00,1,0,0.00,14.00,11.00,,1,100.00,1,3.00,0,0.00,1,100.00,2017-08-07,2017-08-07,1,1,2585,0.0003
2d8cfba3fcd3170555941605edaa196a,osasco,SP,1,1,1,45.00,10.96,55.96,45.00,1.00,1,0,0.00,5.00,1.00,,0,0.00,1,5.00,0,0.00,1,100.00,2017-03-15,2017-03-15,1,1,2585,0.0003
89dda63a3c907c468ec88c310ed91213,maua/sao paulo,SP,1,1,1,44.99,20.40,65.39,44.99,1.00,1,0,0.00,25.00,2.00,,0,0.00,1,5.00,0,0.00,0,0.00,2018-04-08,2018-04-08,1,1,2586,0.0003
1f2eebc0e970fd3c463e4f5d9652687a,sao paulo,SP,1,1,1,44.99,8.48,53.47,44.99,1.00,1,1,100.00,12.00,7.00,5.00,1,100.00,1,5.00,0,0.00,1,100.00,2018-08-09,2018-08-09,1,1,2586,0.0003
5a4236931428800e9d9cc04af0987118,sao paulo,SP,1,1,3,44.97,45.69,90.66,44.97,3.00,1,0,0.00,4.00,1.00,,0,0.00,1,5.00,0,0.00,0,0.00,2018-07-17,2018-07-17,1,1,2587,0.0003
5415337f1863452476d42d9f14a16a61,belo horizonte,MG,1,1,1,44.90,23.45,68.35,44.90,1.00,1,0,0.00,16.00,3.00,,0,0.00,1,3.00,0,0.00,0,0.00,2018-08-04,2018-08-04,1,1,2588,0.0003
da3fede3469bf49b7293ce3fc45b294d,mogi das cruzes,SP,1,1,1,44.90,12.79,57.69,44.90,1.00,1,0,0.00,11.00,6.00,,1,100.00,1,5.00,0,0.00,1,100.00,2018-03-17,2018-03-17,1,1,2588,0.0003
e5545d4d4473876ea78c5bcebca365c3,marilia,SP,1,1,1,44.50,12.97,57.47,44.50,1.00,1,0,0.00,5.00,1.00,,0,0.00,1,5.00,0,0.00,1,100.00,2018-06-27,2018-06-27,1,1,2589,0.0003
42fb44130ac3134cde8e35cf8ec7df25,pinhalzinho,SP,2,2,2,43.80,25.48,69.28,21.90,1.00,2,0,0.00,6.00,1.00,,0,0.00,2,5.00,0,0.00,1,50.00,2017-03-22,2017-03-23,2,1,2590,0.0003
15b3b1b81484422eb41df68ac87f1f50,bauru,SP,1,1,1,43.35,12.69,56.04,43.35,1.00,1,0,0.00,15.00,7.00,,1,100.00,1,1.00,1,100.00,1,100.00,2017-11-24,2017-11-24,1,1,2591,0.0003
05a48cc8859962767935ab9087417fbb,sao paulo,SP,1,1,1,42.90,16.49,59.39,42.90,1.00,1,0,0.00,11.00,6.00,,0,0.00,1,5.00,0,0.00,0,0.00,2018-08-02,2018-08-02,1,1,2592,0.0003
4125d9385a25e82d2f72d3a0fd55bc3f,santos,SP,1,1,1,42.90,18.40,61.30,42.90,1.00,1,0,0.00,9.00,5.00,,0,0.00,1,5.00,0,0.00,0,0.00,2018-08-01,2018-08-01,1,1,2592,0.0003
7f02656561b680def9986c0795a8a080,sao paulo,SP,1,1,1,42.00,11.85,53.85,42.00,1.00,1,0,0.00,14.00,7.00,,0,0.00,1,5.00,0,0.00,1,100.00,2017-08-18,2017-08-18,1,1,2593,0.0003
749e7cdabbaf72f16677859e27874ba5,guarulhos,SP,1,1,1,41.90,19.84,61.74,41.90,1.00,1,0,0.00,11.00,2.00,,0,0.00,1,1.00,1,100.00,0,0.00,2017-09-03,2017-09-03,1,1,2594,0.0003
6561d6bf844e464b4019442692b40e02,franco da rocha,SP,1,1,1,41.90,7.55,49.45,41.90,1.00,1,0,0.00,1.00,0.00,,0,0.00,1,5.00,0,0.00,1,100.00,2018-08-28,2018-08-28,1,1,2594,0.0003
3a3c180dd702a725bd0ba4117689239e,uniao da vitoria,PR,1,1,1,41.90,35.48,77.38,41.90,1.00,1,0,0.00,14.00,3.00,,0,0.00,1,4.00,0,0.00,0,0.00,2018-05-04,2018-05-04,1,1,2594,0.0003
16bdc8cefd0e32a6f0824d296c5ad14a,sp,SP,1,1,1,41.76,19.32,61.08,41.76,1.00,1,0,0.00,9.00,2.00,,0,0.00,1,5.00,0,0.00,0,0.00,2018-04-11,2018-04-11,1,1,2595,0.0003
a213f1bd6458f4a158f3746cb2514559,maringa,PR,1,1,1,41.52,14.43,55.95,41.52,1.00,1,0,0.00,9.00,2.00,,0,0.00,1,5.00,0,0.00,0,0.00,2018-05-30,2018-05-30,1,1,2596,0.0003
9b1f656ca3060f8af17a50d8a024b533,santos,SP,2,2,2,41.00,47.68,88.68,20.50,1.00,2,1,50.00,16.50,1.50,7.00,0,0.00,2,5.00,0,0.00,0,0.00,2018-07-25,2018-08-22,2,2,2597,0.0003
c2bda99904207edd1834f03e0022b007,sao paulo,SP,1,1,1,39.90,7.78,47.68,39.90,1.00,1,0,0.00,12.00,6.00,,0,0.00,1,4.00,0,0.00,1,100.00,2017-09-27,2017-09-27,1,1,2598,0.0003
fedaedd3ca31d56ab33e92035e4b361c,niteroi,RJ,1,1,1,39.90,10.96,50.86,39.90,1.00,1,0,0.00,9.00,6.00,,0,0.00,1,4.00,0,0.00,1,100.00,2016-10-06,2016-10-06,1,1,2598,0.0003
df683dfda87bf71ac3fc63063fba369d,farroupilha,RS,1,1,1,39.90,16.05,55.95,39.90,1.00,1,1,100.00,190.00,4.00,167.00,0,0.00,1,1.00,1,100.00,0,0.00,2017-03-13,2017-03-13,1,1,2598,0.0003
4e2627090e6e5b9fabba883a37897683,belo horizonte,MG,1,1,1,39.90,11.72,51.62,39.90,1.00,1,0,0.00,4.00,3.00,,0,0.00,0,,0,,0,0.00,2018-02-26,2018-02-26,1,1,2598,0.0003
d4828feed4cda2cd9d6b37899a95a71e,juzeiro do norte,CE,1,1,1,39.90,22.21,62.11,39.90,1.00,1,0,0.00,13.00,0.00,,0,0.00,1,2.00,1,100.00,0,0.00,2018-08-07,2018-08-07,1,1,2598,0.0003
edb58a1390adf273840030a3d6253829,piracicaba,SP,1,1,1,39.90,18.38,58.28,39.90,1.00,1,0,0.00,5.00,2.00,,0,0.00,1,5.00,0,0.00,0,0.00,2018-08-25,2018-08-25,1,1,2598,0.0003
389e45560e33d2d0747f949dcddbc08e,sao jose dos campos,SP,1,1,1,39.00,8.43,47.43,39.00,1.00,1,0,0.00,4.00,1.00,,0,0.00,1,5.00,0,0.00,1,100.00,2018-08-16,2018-08-16,1,1,2599,0.0003
c74f14c1e26cf1bd5bd34b6a1e274426,sao miguel do oeste,SC,1,1,1,39.00,16.79,55.79,39.00,1.00,1,0,0.00,25.00,10.00,,0,0.00,1,5.00,0,0.00,0,0.00,2018-01-27,2018-01-27,1,1,2599,0.0003
e595809a6c31ec4314fd06ef198c244d,navegantes,SC,1,1,1,39.00,18.23,57.23,39.00,1.00,1,0,0.00,15.00,1.00,,0,0.00,1,5.00,0,0.00,0,0.00,2018-03-12,2018-03-12,1,1,2599,0.0003
9558aa23f77a9e0a0eca83540999f43b,apucarana,PR,1,1,1,39.00,14.52,53.52,39.00,1.00,1,0,0.00,21.00,14.00,,1,100.00,1,5.00,0,0.00,0,0.00,2017-05-02,2017-05-02,1,1,2599,0.0003
0936e1837d0c79253456bbb2ffaaef10,sao paulo,SP,1,1,2,38.90,31.12,70.02,38.90,2.00,1,0,0.00,19.00,6.00,,0,0.00,1,5.00,0,0.00,0,0.00,2017-04-11,2017-04-11,1,1,2600,0.0003
2eeb6531ee027a48d401e72bebdd87d3,sao jose dos campos,SP,3,3,3,38.70,40.00,78.70,12.90,1.00,3,0,0.00,12.33,2.67,,0,0.00,3,4.33,0,0.00,1,33.33,2017-02-07,2017-02-14,3,1,2601,0.0003
d7ab82074b5f1dfba46db123df101bff,atibaia,SP,2,2,3,38.67,45.30,83.97,19.34,1.50,2,0,0.00,6.00,1.50,,0,0.00,2,4.50,0,0.00,0,0.00,2018-01-03,2018-01-04,2,1,2602,0.0003
e72b4feb7abe210c52aa667abc25a3a2,sao paulo,SP,1,1,2,38.20,17.44,55.64,38.20,2.00,1,0,0.00,4.00,2.00,,0,0.00,1,5.00,0,0.00,1,100.00,2017-06-17,2017-06-17,1,1,2603,0.0003
9200e6ce317b67196b6b0bad4d4bd567,rio de janeiro,RJ,1,1,1,36.90,14.52,51.42,36.90,1.00,1,0,0.00,16.00,3.00,,0,0.00,1,3.00,0,0.00,0,0.00,2017-03-25,2017-03-25,1,1,2604,0.0003
1d139e3a3b14025640d8df1b230aace0,barrinha,SP,2,2,2,36.49,34.69,71.18,18.25,1.00,2,0,0.00,7.50,1.00,,0,0.00,2,3.50,0,0.00,0,0.00,2017-09-13,2017-11-19,2,1,2605,0.0003
c161d1327ebc3a156c09582ab2f59f6c,sao paulo,SP,2,2,2,35.99,15.56,51.55,18.00,1.00,2,0,0.00,3.50,2.50,,0,0.00,2,4.00,0,0.00,2,100.00,2017-08-04,2017-12-04,2,2,2606,0.0003
630008e0f062605a415d694489f6f82e,sao paulo,SP,1,1,1,35.35,15.35,50.70,35.35,1.00,1,0,0.00,17.00,11.00,,0,0.00,1,5.00,0,0.00,0,0.00,2018-07-30,2018-07-30,1,1,2607,0.0003
3a52d63a8f9daf5a28f3626d7eb9bd28,aguas claras df,SP,1,1,1,35.00,17.78,52.78,35.00,1.00,1,0,0.00,6.00,2.00,,0,0.00,1,1.00,1,100.00,0,0.00,2017-02-01,2017-02-01,1,1,2608,0.0003
c716e0b86ed568878475b60fbb6323ad,rio de janeiro,SP,1,1,1,35.00,15.23,50.23,35.00,1.00,1,0,0.00,8.00,2.00,,0,0.00,1,5.00,0,0.00,1,100.00,2018-03-26,2018-03-26,1,1,2608,0.0003
baeda7047354773262ba2405f97038ba,americana,SP,1,1,1,35.00,15.10,50.10,35.00,1.00,1,0,0.00,23.00,17.00,,1,100.00,1,5.00,0,0.00,0,0.00,2017-09-30,2017-09-30,1,1,2608,0.0003
5cf1ec37aea089f45110c70653a166ab,sao paulo,SP,2,2,2,35.00,28.58,63.58,17.50,1.00,2,0,0.00,21.50,4.00,,0,0.00,2,5.00,0,0.00,1,50.00,2017-04-01,2017-12-13,1,1,2608,0.0003
cb162c8eef257253782d245c08d9097c,barueri,SP,1,1,1,34.99,14.13,49.12,34.99,1.00,1,0,0.00,11.00,3.00,,0,0.00,1,5.00,0,0.00,0,0.00,2017-11-19,2017-11-19,1,1,2609,0.0003
84deb808079d1be601c209c1e771b1cc,curitiba,PR,2,2,2,34.93,23.21,58.14,17.47,1.00,2,0,0.00,7.50,2.50,,0,0.00,2,5.00,0,0.00,1,50.00,2017-09-05,2017-11-27,2,1,2610,0.0003
c0e6839516f5398edc34adf5f1d53d1a,guaruja,SP,1,1,1,34.92,14.12,49.04,34.92,1.00,1,0,0.00,5.00,4.00,,0,0.00,1,5.00,0,0.00,1,100.00,2017-05-06,2017-05-06,1,1,2611,0.0003
5a32c398a06c345440bf2a683b017ad3,rio de janeiro,RJ,1,1,1,34.90,15.23,50.13,34.90,1.00,1,0,0.00,12.00,6.00,,0,0.00,1,5.00,0,0.00,0,0.00,2018-03-14,2018-03-14,1,1,2612,0.0003
41958cbd3335433c8740300e8cd600d5,sao paulo,SP,1,1,1,32.99,7.39,40.38,32.99,1.00,1,0,0.00,5.00,4.00,,0,0.00,1,5.00,0,0.00,1,100.00,2018-06-04,2018-06-04,1,1,2613,0.0002
539ed9e19811677513447759be5eccfc,belo horizonte,MG,2,2,2,32.83,31.09,63.92,16.42,1.00,2,0,0.00,5.00,2.00,,0,0.00,2,3.00,1,50.00,0,0.00,2018-06-16,2018-08-26,2,1,2614,0.0002
7d81e74a4755b552267cd5e081563028,sao paulo,SP,1,1,1,32.50,7.49,39.99,32.50,1.00,1,0,0.00,2.00,1.00,,0,0.00,1,4.00,0,0.00,1,100.00,2018-08-20,2018-08-20,1,1,2615,0.0002
eb4a59a06b3948e851a7d7a830bcbc42,salvador,BA,1,1,1,32.00,21.15,53.15,32.00,1.00,1,0,0.00,11.00,5.00,,0,0.00,1,5.00,0,0.00,0,0.00,2018-02-23,2018-02-23,1,1,2616,0.0002
fdf736c18c589ed030e058312203e1b2,pocos de caldas,MG,1,1,1,30.00,14.51,44.51,30.00,1.00,1,0,0.00,5.00,1.00,,0,0.00,1,5.00,0,0.00,1,100.00,2018-08-02,2018-08-02,1,1,2617,0.0002
d7f1cfc638473be93baedbfd02208016,belford roxo,RJ,1,1,1,30.00,17.14,47.14,30.00,1.00,1,0,0.00,12.00,5.00,,0,0.00,1,5.00,0,0.00,0,0.00,2018-07-19,2018-07-19,1,1,2617,0.0002
32f83ffe11cd40f7adcf4eef171f52d9,uruguaiana,RS,1,1,1,29.99,15.10,45.09,29.99,1.00,1,0,0.00,11.00,4.00,,0,0.00,1,5.00,0,0.00,0,0.00,2017-11-19,2017-11-19,1,1,2618,0.0002
9315e491484b1b0081ca166fc164108d,londrina,PR,1,1,1,29.99,30.41,60.40,29.99,1.00,1,0,0.00,7.00,3.00,,0,0.00,1,3.00,0,0.00,0,0.00,2018-07-06,2018-07-06,1,1,2618,0.0002
87b4428a334b8f676fd9a7f3bf544fb5,guaimbe,SP,1,1,1,29.99,18.99,48.98,29.99,1.00,1,0,0.00,7.00,2.00,,0,0.00,1,5.00,0,0.00,1,100.00,2018-08-13,2018-08-13,1,1,2618,0.0002
139157dd4daa45c25b0807ffff348363,sao paulo,SP,1,1,1,29.90,7.78,37.68,29.90,1.00,1,0,0.00,1.00,0.00,,0,0.00,1,4.00,0,0.00,1,100.00,2017-08-31,2017-08-31,1,1,2619,0.0002
455f46ef09a9e45667e2981df84b5cc2,sorocaba,SP,1,1,1,29.90,18.31,48.21,29.90,1.00,1,0,0.00,13.00,9.00,,1,100.00,1,4.00,0,0.00,0,0.00,2018-08-07,2018-08-07,1,1,2619,0.0002
a09a13f18ed27932d08438aa6f12756e,sapiranga,RS,1,1,1,29.90,16.11,46.01,29.90,1.00,1,0,0.00,9.00,2.00,,0,0.00,1,3.00,0,0.00,0,0.00,2017-10-28,2017-10-28,1,1,2619,0.0002
28a26ebce31d5918b181ede016fd693b,belo horizonte,MG,1,1,1,29.90,17.14,47.04,29.90,1.00,1,0,0.00,11.00,3.00,,0,0.00,1,5.00,0,0.00,0,0.00,2018-08-13,2018-08-13,1,1,2619,0.0002
c43d924a0f1688ee9fae0efcd6f539d4,rio de janeiro,RJ,1,1,1,29.90,15.11,45.01,29.90,1.00,1,0,0.00,22.00,16.00,,1,100.00,1,4.00,0,0.00,0,0.00,2016-10-09,2016-10-09,1,1,2619,0.0002
c97aa4ee7420f937da13b7f9e2228b99,novo hamburgo,RS,1,1,1,29.90,6.66,36.56,29.90,1.00,1,0,0.00,11.00,6.00,,1,100.00,1,1.00,1,100.00,0,0.00,2018-08-17,2018-08-17,1,1,2619,0.0002
3aa3c89ae3cd482385568be76120f63c,goiania,GO,1,1,1,29.90,19.04,48.94,29.90,1.00,1,0,0.00,11.00,7.00,,1,100.00,1,4.00,0,0.00,0,0.00,2018-06-07,2018-06-07,1,1,2619,0.0002
436bf27f2f18474fc6047702e9f8a866,campinas,SP,1,1,1,29.90,14.52,44.42,29.90,1.00,1,0,0.00,19.00,5.00,,1,100.00,1,5.00,0,0.00,0,0.00,2017-01-18,2017-01-18,1,1,2619,0.0002
c0e0b73d039eb9a99b6ce4cb7a429cd3,laurentino,SC,1,1,1,29.88,7.68,37.56,29.88,1.00,1,0,0.00,5.00,3.00,,0,0.00,1,5.00,0,0.00,0,0.00,2018-06-15,2018-06-15,1,1,2620,0.0002
0336182e1b3e92f029d5354832045fdf,ibitinga,SP,1,1,2,29.80,17.57,47.37,29.80,2.00,1,0,0.00,13.00,10.00,,1,100.00,1,2.00,1,100.00,1,100.00,2016-10-05,2016-10-05,2,1,2621,0.0002
7b3f6ce5c6c22e9b96e7581ebf0df6e1,tambau,SP,1,1,1,29.80,12.69,42.49,29.80,1.00,1,0,0.00,11.00,4.00,,0,0.00,1,3.00,0,0.00,1,100.00,2017-12-09,2017-12-09,1,1,2621,0.0002
9996ae921c50e8dff411ac69c0b4bb8b,tupa,SP,2,2,3,29.70,43.67,73.37,14.85,1.50,2,0,0.00,14.50,4.50,,1,50.00,2,2.00,1,50.00,1,50.00,2017-10-17,2017-10-22,3,1,2622,0.0002
72c73be2b085b9d57650dd53eb2004c9,sao paulo,SP,1,1,1,29.40,17.92,47.32,29.40,1.00,1,0,0.00,17.00,0.00,,0,0.00,1,5.00,0,0.00,0,0.00,2017-07-24,2017-07-24,1,1,2623,0.0002
c9d2ba8dde44a275ae06475ed1d2fafc,uberlandia,MG,1,1,1,28.79,14.52,43.31,28.79,1.00,1,0,0.00,8.00,1.00,,0,0.00,1,5.00,0,0.00,0,0.00,2017-02-06,2017-02-06,1,1,2624,0.0002
999f6d9a1c7c81f43be44c6b7d076210,sao paulo,SP,2,2,2,28.00,22.83,50.83,14.00,1.00,2,0,0.00,5.00,2.50,,0,0.00,2,4.50,0,0.00,1,50.00,2017-01-26,2017-03-05,1,1,2625,0.0002
8b181ee5518df84f18f4e1a43fe07923,goioere,SP,1,1,1,27.90,27.08,54.98,27.90,1.00,1,0,0.00,14.00,6.00,,1,100.00,1,5.00,0,0.00,0,0.00,2018-05-30,2018-05-30,1,1,2626,0.0002
b026643914f651e8371425e5b8a1e780,rio de janeiro,RJ,1,1,1,27.90,15.10,43.00,27.90,1.00,1,0,0.00,10.00,3.00,,0,0.00,1,5.00,0,0.00,0,0.00,2017-07-07,2017-07-07,1,1,2626,0.0002
f1fdf2d13186575751aa25876536d85c,sao paulo,SP,1,1,1,26.30,8.29,34.59,26.30,1.00,1,0,0.00,7.00,4.00,,0,0.00,1,5.00,0,0.00,1,100.00,2018-03-29,2018-03-29,1,1,2627,0.0002
70c0fda4c313d87115644d39e62eec60,caruaru,PE,1,1,1,25.99,37.09,63.08,25.99,1.00,1,0,0.00,10.00,3.00,,0,0.00,1,5.00,0,0.00,0,0.00,2018-08-04,2018-08-04,1,1,2628,0.0002
c12d7463a579237ffb9248bd7cff378b,sao paulo,SP,1,1,1,25.90,8.72,34.62,25.90,1.00,1,0,0.00,11.00,8.00,,1,100.00,1,4.00,0,0.00,1,100.00,2016-10-06,2016-10-06,1,1,2629,0.0002
7cb946b1ad19faebe28c3e86c2794ec3,sete lagoas,MG,1,1,1,25.00,15.10,40.10,25.00,1.00,1,0,0.00,19.00,1.00,,0,0.00,1,5.00,0,0.00,0,0.00,2017-11-16,2017-11-16,1,1,2630,0.0002
6c9875b2f94ba781186f0c1aed8d1687,brotas,SP,2,2,4,25.00,38.05,63.05,12.50,2.00,2,0,0.00,4.00,1.00,,0,0.00,2,5.00,0,0.00,1,50.00,2017-05-21,2017-08-13,2,1,2630,0.0002
3986c0b54f6b748b75e7bd4e092aa3e5,curitiba,PR,1,1,1,24.99,15.28,40.27,24.99,1.00,1,0,0.00,6.00,3.00,,0,0.00,1,5.00,0,0.00,0,0.00,2018-08-17,2018-08-17,1,1,2631,0.0002
38f276ca6e7cc95a6d1bb55ac9e5550f,marilia,SP,1,1,1,24.99,11.85,36.84,24.99,1.00,1,0,0.00,5.00,2.00,,0,0.00,1,5.00,0,0.00,1,100.00,2017-11-26,2017-11-26,1,1,2631,0.0002
1c83418358f249c9d6affa52d579db0e,sao paulo,SP,1,1,1,24.90,14.52,39.42,24.90,1.00,1,0,0.00,10.00,3.00,,0,0.00,1,5.00,0,0.00,0,0.00,2017-04-29,2017-04-29,1,1,2632,0.0002
33fd411ed63a7c2f9005e3f065d9f85d,condor,RS,1,1,1,24.90,18.23,43.13,24.90,1.00,1,0,0.00,8.00,2.00,,0,0.00,1,4.00,0,0.00,0,0.00,2018-04-11,2018-04-11,1,1,2632,0.0002
cad9969167c09b48ae6f1d123f7fa68d,pocos de caldas,MG,1,1,1,24.00,13.51,37.51,24.00,1.00,1,0,0.00,3.00,1.00,,0,0.00,1,5.00,0,0.00,1,100.00,2018-07-24,2018-07-24,1,1,2633,0.0002
bd43e172d599bed47a85da877172ca8c,sao bento do sul,SC,1,1,1,23.92,18.27,42.19,23.92,1.00,1,0,0.00,13.00,8.00,,1,100.00,1,5.00,0,0.00,0,0.00,2018-07-17,2018-07-17,1,1,2634,0.0002
43753b27d77860f1654aa72e251a7878,barro alto,BA,1,1,1,23.90,42.38,66.28,23.90,1.00,1,0,0.00,27.00,6.00,,0,0.00,1,5.00,0,0.00,0,0.00,2017-09-08,2017-09-08,1,1,2635,0.0002
544863df86ed3b78a04e0820d41430ee,serra,ES,1,1,1,23.90,15.27,39.17,23.90,1.00,0,0,,,,,0,0.00,1,5.00,0,0.00,0,0.00,2018-07-02,2018-07-02,1,1,2635,0.0002
bcd2d7510d58e293f20fad6438c1b314,curitiba,PR,1,1,1,23.90,15.56,39.46,23.90,1.00,1,1,100.00,33.00,22.00,4.00,1,100.00,0,,0,,0,0.00,2017-02-09,2017-02-09,1,1,2635,0.0002
2c54051840f19eca309a5423cf22df36,curitiba,PR,2,2,2,23.70,28.57,52.27,11.85,1.00,2,0,0.00,8.50,5.00,,1,50.00,2,4.50,0,0.00,1,50.00,2017-12-04,2018-04-04,2,1,2636,0.0002
5e063e85d44b0f5c3e6ec3131103a57e,sao paulo,SP,1,1,1,22.90,7.42,30.32,22.90,1.00,1,0,0.00,1.00,0.00,,0,0.00,1,5.00,0,0.00,1,100.00,2018-07-12,2018-07-12,1,1,2637,0.0002
bc8c8d665ec4664d286be0d521722b19,sao paulo,SP,1,1,1,22.50,8.32,30.82,22.50,1.00,1,1,100.00,8.00,7.00,4.00,1,100.00,1,2.00,1,100.00,1,100.00,2018-08-06,2018-08-06,1,1,2638,0.0002
eb1bf309f4f6af9a97e9ddac3fdbeabe,diadema,SP,1,1,1,22.30,8.88,31.18,22.30,1.00,1,0,0.00,8.00,6.00,,1,100.00,1,5.00,0,0.00,1,100.00,2018-05-24,2018-05-24,1,1,2639,0.0002
0bb27263628258b8111a0262769fa9db,sao paulo,SP,1,1,1,22.20,10.96,33.16,22.20,1.00,1,0,0.00,42.00,41.00,,1,100.00,1,5.00,0,0.00,1,100.00,2017-04-01,2017-04-01,1,1,2640,0.0002
34675b28b826facfde119785bf287dc1,cascavael,PR,1,1,1,21.99,15.10,37.09,21.99,1.00,1,0,0.00,6.00,1.00,,0,0.00,1,4.00,0,0.00,0,0.00,2017-08-01,2017-08-01,1,1,2641,0.0002
f09b760d23495ac9a7e00d29b769007c,catanduva,SP,1,1,1,21.90,17.19,39.09,21.90,1.00,1,0,0.00,24.00,18.00,,0,0.00,1,4.00,0,0.00,0,0.00,2016-10-03,2016-10-03,1,1,2642,0.0002
98f52e1020fe788c10c0418de4393fec,macae,RJ,1,1,1,21.60,15.10,36.70,21.60,1.00,1,0,0.00,9.00,2.00,,0,0.00,1,4.00,0,0.00,0,0.00,2017-08-09,2017-08-09,1,1,2643,0.0002
ed49da7cadefc454d6a67de249eab240,sao paulo,SP,1,1,1,21.50,8.72,30.22,21.50,1.00,1,0,0.00,7.00,4.00,,0,0.00,1,5.00,0,0.00,1,100.00,2016-10-08,2016-10-08,1,1,2644,0.0002
b77a27b1864483e721dc831d5ba4afa0,duque de caxias,RJ,1,1,1,20.90,14.52,35.42,20.90,1.00,1,0,0.00,8.00,4.00,,0,0.00,1,5.00,0,0.00,0,0.00,2017-03-30,2017-03-30,1,1,2645,0.0002
e64ddbe1cbcf4f2fc3092b7c481f3f9d,sao paulo,SP,1,1,1,20.90,7.39,28.29,20.90,1.00,1,0,0.00,6.00,3.00,,0,0.00,1,5.00,0,0.00,1,100.00,2018-03-30,2018-03-30,1,1,2645,0.0002
e76ecc7e9a1a1e3c6df9d2a8261c423d,belo horizonte,MG,1,1,1,20.00,14.10,34.10,20.00,1.00,1,0,0.00,12.00,4.00,,1,100.00,1,5.00,0,0.00,0,0.00,2017-08-13,2017-08-13,1,1,2646,0.0002
e0b162a693bc7f9eab00f783a31d60ea,pelotas,RS,1,1,1,20.00,29.69,49.69,20.00,1.00,1,0,0.00,11.00,0.00,,0,0.00,1,5.00,0,0.00,0,0.00,2018-05-04,2018-05-04,1,1,2646,0.0002
455befea1bb853c75ccbca94cff26e5c,resende,RJ,1,1,1,19.99,22.06,42.05,19.99,1.00,1,0,0.00,12.00,5.00,,0,0.00,1,3.00,0,0.00,0,0.00,2018-06-07,2018-06-07,1,1,2647,0.0002
bb7ad8a45c027be8ab075b8e465f8ca0,floranopolis,SC,2,2,2,19.98,32.64,52.62,9.99,1.00,2,0,0.00,6.00,2.00,,0,0.00,2,5.00,0,0.00,0,0.00,2018-07-22,2018-07-28,1,1,2648,0.0002
668bf321538e5072858eaef6087ce027,pinhais,PR,1,1,1,19.90,8.11,28.01,19.90,1.00,1,0,0.00,4.00,3.00,,0,0.00,1,5.00,0,0.00,1,100.00,2018-02-26,2018-02-26,1,1,2649,0.0002
0b46f784306be7200ca1700aa55d819f,belo horizonte,MG,1,1,1,19.90,10.96,30.86,19.90,1.00,1,0,0.00,3.00,1.00,,0,0.00,1,5.00,0,0.00,1,100.00,2017-03-19,2017-03-19,1,1,2649,0.0002
d93b8458c6fe139d85cfa5eadbf55bd2,sao paulo,SP,1,1,1,19.90,14.10,34.00,19.90,1.00,1,0,0.00,6.00,2.00,,0,0.00,1,5.00,0,0.00,0,0.00,2017-11-19,2017-11-19,1,1,2649,0.0002
bac44fa8e13424950488659b5f765c41,sao paulo,SP,1,1,1,19.90,14.52,34.42,19.90,1.00,1,0,0.00,9.00,6.00,,0,0.00,1,5.00,0,0.00,0,0.00,2016-10-04,2016-10-04,1,1,2649,0.0002
698624c6632eeba1774924dbea24c700,sao paulo,SP,1,1,1,19.90,15.23,35.13,19.90,1.00,1,0,0.00,7.00,2.00,,0,0.00,1,5.00,0,0.00,0,0.00,2018-04-05,2018-04-05,1,1,2649,0.0002
87f3e35268860433e13d577825aada95,bom jesus dos perdoes,SP,1,1,1,19.90,14.52,34.42,19.90,1.00,1,0,0.00,52.00,47.00,,1,100.00,0,,0,,0,0.00,2016-10-05,2016-10-05,1,1,2649,0.0002
7caa63f175b1cecbfaadd8b5ab9998c7,sao paulo,SP,1,1,1,19.90,7.74,27.64,19.90,1.00,1,0,0.00,2.00,1.00,,0,0.00,1,1.00,1,100.00,1,100.00,2018-01-02,2018-01-02,1,1,2649,0.0002
bd65d163ded559eb90a10cd09fec178f,sao paulo,SP,1,1,2,19.80,18.68,38.48,19.80,2.00,1,0,0.00,4.00,1.00,,0,0.00,1,4.00,0,0.00,1,100.00,2017-08-21,2017-08-21,2,1,2650,0.0001
9d69ba0a7a626a64dc5db08e529559cf,ribeirao preto,SP,1,1,1,19.30,18.24,37.54,19.30,1.00,1,0,0.00,14.00,5.00,,0,0.00,1,5.00,0,0.00,0,0.00,2018-07-13,2018-07-13,1,1,2651,0.0001
ab75b89cc49c9ab3160d0c91565a442a,tupa,SP,1,1,1,18.99,0.75,19.74,18.99,1.00,1,0,0.00,9.00,6.00,,1,100.00,1,1.00,1,100.00,0,0.00,2017-07-05,2017-07-05,1,1,2652,0.0001
82921991ff5b557b045605b8bbf08d49,sao paulo,SP,1,1,1,18.90,18.23,37.13,18.90,1.00,1,0,0.00,4.00,1.00,,0,0.00,1,5.00,0,0.00,0,0.00,2018-08-05,2018-08-05,1,1,2653,0.0001
ce4755084bc097113867e6454f8f5e52,ribeirao preto,SP,1,1,1,18.90,12.79,31.69,18.90,1.00,1,0,0.00,6.00,2.00,,0,0.00,1,5.00,0,0.00,1,100.00,2018-06-12,2018-06-12,1,1,2653,0.0001
6c77cd583b36a13aacccf2b3ee23e233,marilia,SP,1,1,1,18.90,12.79,31.69,18.90,1.00,1,0,0.00,6.00,1.00,,0,0.00,1,5.00,0,0.00,1,100.00,2018-08-23,2018-08-23,1,1,2653,0.0001
804287717b9156fb7a787acd9af4fac1,maringa,PR,1,1,1,18.80,15.10,33.90,18.80,1.00,1,0,0.00,9.00,5.00,,0,0.00,1,5.00,0,0.00,0,0.00,2017-06-07,2017-06-07,1,1,2654,0.0001
13e85aac53340018b40c2af68001b7e0,pedreira,SP,1,1,1,17.80,14.12,31.92,17.80,1.00,1,0,0.00,18.00,13.00,,1,100.00,1,5.00,0,0.00,1,100.00,2016-10-08,2016-10-08,1,1,2655,0.0001
bee36b4f9a2b9fdcaff6ec05df202ed0,sao paulo,SP,1,1,1,16.90,10.96,27.86,16.90,1.00,1,0,0.00,14.00,9.00,,1,100.00,1,5.00,0,0.00,1,100.00,2017-02-11,2017-02-11,1,1,2656,0.0001
6bcb2352a2a0c38b845f598298ab9d26,maringa,PR,1,1,1,15.90,15.10,31.00,15.90,1.00,1,0,0.00,11.00,3.00,,0,0.00,1,5.00,0,0.00,0,0.00,2017-06-16,2017-06-16,1,1,2657,0.0001
eae9af4811c294c56795d70e715b7337,sao paulo,SP,1,1,1,15.90,11.11,27.01,15.90,1.00,1,0,0.00,2.00,0.00,,0,0.00,1,5.00,0,0.00,1,100.00,2017-10-17,2017-10-17,1,1,2657,0.0001
f3862c2188522d89860c38a3ea8b550d,ribeirao preto,SP,1,1,1,15.50,12.79,28.29,15.50,1.00,1,0,0.00,6.00,1.00,,0,0.00,1,5.00,0,0.00,1,100.00,2018-05-15,2018-05-15,1,1,2658,0.0001
b2f4d63c7203f539a78252565ca32257,armacao dos buzios,RJ,1,1,1,14.90,20.84,35.74,14.90,1.00,1,0,0.00,13.00,2.00,,0,0.00,1,5.00,0,0.00,0,0.00,2017-09-09,2017-09-09,1,1,2659,0.0001
c3e2398fcc7e581cda2e546557bf6968,sao paulo,SP,1,1,1,14.90,15.23,30.13,14.90,1.00,1,0,0.00,12.00,6.00,,0,0.00,1,5.00,0,0.00,0,0.00,2018-06-23,2018-06-23,1,1,2659,0.0001
20f0aeea30bc3b8c4420be8ced4226c0,santa barbara d'oeste,SP,1,1,1,14.90,14.52,29.42,14.90,1.00,1,1,100.00,45.00,39.00,13.00,1,100.00,0,,0,,0,0.00,2017-02-05,2017-02-05,1,1,2659,0.0001
a61cc04793308395a840807104365121,jarinu,SP,1,1,1,14.63,23.74,38.37,14.63,1.00,1,0,0.00,8.00,1.00,,0,0.00,1,5.00,0,0.00,1,100.00,2018-05-03,2018-05-03,1,1,2660,0.0001
20d53aad4fe5ee93a64f8839609d3586,santa rita do sapucai,MG,1,1,1,14.50,12.48,26.98,14.50,1.00,1,1,100.00,39.00,1.00,17.00,0,0.00,1,1.00,1,100.00,0,0.00,2017-11-26,2017-11-26,1,1,2661,0.0001
5b92bfa4120daa27c574daa2e386c693,sorocaba,SP,1,1,1,14.00,10.96,24.96,14.00,1.00,1,0,0.00,16.00,10.00,,1,100.00,1,3.00,0,0.00,1,100.00,2017-02-20,2017-02-20,1,1,2662,0.0001
fb503a924a0b9db19d83dd0ac6dbef8c,pelotas,RS,1,1,1,13.90,17.92,31.82,13.90,1.00,1,0,0.00,6.00,2.00,,0,0.00,1,5.00,0,0.00,0,0.00,2017-05-16,2017-05-16,1,1,2663,0.0001
6614814a00d344b846ae209f95ee7e3f,macatuba,SP,1,1,1,13.00,12.69,25.69,13.00,1.00,1,0,0.00,5.00,4.00,,0,0.00,1,1.00,1,100.00,1,100.00,2017-06-08,2017-06-08,1,1,2664,0.0001
b5f0712d22a873b6797ab6cc65c3fcba,sao paulo,SP,1,1,1,12.99,8.29,21.28,12.99,1.00,1,0,0.00,3.00,2.00,,0,0.00,1,4.00,0,0.00,1,100.00,2018-08-13,2018-08-13,1,1,2665,0.0001
7ab0dd5487bab2dc835337b244f689fb,sao jose do rio preto,SP,1,1,1,12.50,10.96,23.46,12.50,1.00,1,0,0.00,6.00,1.00,,0,0.00,1,5.00,0,0.00,1,100.00,2017-04-05,2017-04-05,1,1,2666,0.0001
c1d1ebb4745cc43cb6f05e9c8a705c9a,sao paulo,SP,1,1,1,12.50,19.21,31.71,12.50,1.00,1,1,100.00,27.00,14.00,5.00,1,100.00,1,1.00,1,100.00,0,0.00,2017-04-20,2017-04-20,1,1,2666,0.0001
c1dde11f12d05c478f5de2d7319ad3b2,sao paulo,SP,1,1,1,12.50,7.39,19.89,12.50,1.00,1,0,0.00,3.00,2.00,,0,0.00,1,1.00,1,100.00,1,100.00,2018-08-19,2018-08-19,1,1,2666,0.0001
9e25199f6ef7e7c347120ff175652c3b,taubate,SP,1,1,1,12.50,14.52,27.02,12.50,1.00,1,0,0.00,8.00,1.00,,0,0.00,1,4.00,0,0.00,0,0.00,2017-03-27,2017-03-27,1,1,2666,0.0001
3d62f86afa7c73be2628a3be1423f5a0,jacarei,SP,2,2,2,12.00,42.42,54.42,6.00,1.00,2,0,0.00,17.00,4.50,,1,50.00,2,4.00,0,0.00,0,0.00,2017-12-13,2018-01-09,1,1,2667,0.0001
3ac588cd562971392504a9e17130c40b,limeira,SP,1,1,1,11.90,7.39,19.29,11.90,1.00,1,0,0.00,7.00,6.00,,0,0.00,1,5.00,0,0.00,1,100.00,2018-08-17,2018-08-17,1,1,2668,0.0001
cc1f04647be106ba74e62b21f358af25,sao paulo,SP,1,1,1,11.90,8.29,20.19,11.90,1.00,1,0,0.00,13.00,5.00,,0,0.00,1,1.00,1,100.00,1,100.00,2018-06-22,2018-06-22,1,1,2668,0.0001
f9f68daa2af419d38f745478bcb3da1a,sumare,SP,1,1,1,11.20,18.00,29.20,11.20,1.00,1,0,0.00,12.00,5.00,,0,0.00,1,5.00,0,0.00,1,100.00,2017-01-27,2017-01-27,1,1,2669,0.0001
344223b2a90784f64136a8a5da012e7f,gaspar,SC,1,1,1,10.90,16.79,27.69,10.90,1.00,1,0,0.00,33.00,6.00,,0,0.00,1,2.00,1,100.00,0,0.00,2018-01-17,2018-01-17,1,1,2670,0.0001
95cca791657aabeff15a07eb152d7841,palotina,PR,1,1,1,9.99,18.23,28.22,9.99,1.00,1,0,0.00,4.00,2.00,,0,0.00,1,5.00,0,0.00,0,0.00,2018-06-30,2018-06-30,1,1,2671,0.0001
c18309219e789960add0b2255ca4b091,rio de janeiro,RJ,1,1,1,9.90,14.10,24.00,9.90,1.00,1,0,0.00,14.00,1.00,,0,0.00,1,5.00,0,0.00,0,0.00,2017-12-05,2017-12-05,1,1,2672,0.0001
0f94588695d71662beec8d883ffacf09,florianopolis,SC,1,1,1,9.00,18.59,27.59,9.00,1.00,1,0,0.00,15.00,0.00,,0,0.00,1,5.00,0,0.00,0,0.00,2017-03-01,2017-03-01,1,1,2673,0.0001
4965a7002cca77301c82d3f91b82e1a9,sorocaba,SP,1,1,1,8.49,7.87,16.36,8.49,1.00,1,0,0.00,6.00,4.00,,0,0.00,1,5.00,0,0.00,1,100.00,2018-04-21,2018-04-21,1,1,2674,0.0001
ad14615bdd492b01b0d97922e87cb87f,tubarao,SC,1,1,1,8.25,10.96,19.21,8.25,1.00,1,0,0.00,14.00,1.00,,0,0.00,1,5.00,0,0.00,1,100.00,2017-02-10,2017-02-10,1,1,2675,0.0001
702835e4b785b67a084280efca355756,juiz de fora,MG,1,1,1,7.60,10.96,18.56,7.60,1.00,1,0,0.00,2.00,1.00,,0,0.00,1,5.00,0,0.00,1,100.00,2017-02-13,2017-02-13,1,1,2676,0.0001
1fa2d3def6adfa70e58c276bb64fe5bb,sao paulo,SP,1,1,1,6.90,9.00,15.90,6.90,1.00,0,0,,,,,0,0.00,1,1.00,1,100.00,0,0.00,2018-08-24,2018-08-24,1,1,2677,0.0001
77128dec4bec4878c37ab7d6169d6f26,sao paulo,SP,1,1,1,6.50,8.72,15.22,6.50,1.00,1,0,0.00,12.00,6.00,,0,0.00,1,5.00,0,0.00,1,100.00,2017-03-15,2017-03-15,1,1,2678,0.0000
