seller_id,seller_city,seller_state,completed_order_count,customer_count,item_count,item_price_total,valid_delivery_order_count,late_delivery_rate_pct,average_delivery_days,shipping_limit_breach_rate_pct,reviewed_order_count,average_review_score,low_review_rate_pct,seller_revenue_rank,seller_revenue_share_pct,late_delivery_quartile,shipping_breach_quartile,low_review_quartile,operational_risk_score,is_high_value_seller,seller_risk_segment
1900267e848ceeba8fa32d80c1a5f5a8,ibitinga,SP,406,398,523,24639.57,405,8.15,13.08,5.42,399,3.87,18.80,103,0.1864,3,3,4,10,f,High Risk
dc4a0fc896dc34b0d5bfec8438291c80,ibitinga,SP,225,224,242,23655.98,225,6.67,13.84,6.22,225,3.82,20.44,106,0.1789,3,3,4,10,f,High Risk
710e3548e02bc1d2831dfc4f1b5b14d4,rolandia,PR,131,129,137,22369.25,129,3.88,14.57,24.43,130,3.43,30.77,112,0.1692,2,4,4,10,f,High Risk
7ad32824caee82087b3e2e5f33b1bf32,ibitinga,SP,147,145,180,22018.10,142,13.38,12.20,3.40,144,3.86,19.44,114,0.1665,4,2,4,10,f,High Risk
897060da8b9a21f655304d50fd935913,ribeirao preto,SP,304,300,413,21740.51,302,10.60,14.89,6.58,301,3.71,23.26,117,0.1644,4,3,4,11,f,High Risk
8444e55c1f13cd5c179851e5ca5ebd00,congonhal,MG,92,91,102,21480.96,92,6.52,21.00,23.91,92,3.37,32.61,120,0.1625,3,4,4,11,f,High Risk
8f2ce03f928b567e3d56181ae20ae952,pirituba,SP,151,150,172,21213.20,150,12.67,14.35,5.30,150,4.15,12.00,122,0.1604,4,3,3,10,f,High Risk
d2374cbcbb3ca4ab1086534108cc3ab7,ibitinga,SP,514,500,620,20926.02,512,5.27,14.61,9.53,509,3.78,19.45,124,0.1583,3,3,4,10,f,High Risk
96493fab2fbb13a14d0c0e8772eef5c3,sao paulo,SP,63,63,64,18969.00,63,6.35,13.37,25.40,62,4.06,14.52,131,0.1435,3,4,3,10,f,High Risk
0dd184061fb0eaa7ca37932c68ab91c5,guarulhos,SP,161,160,193,18446.92,156,10.90,11.88,9.32,160,4.03,13.75,133,0.1395,4,3,3,10,f,High Risk
cd68562d3f44870c08922d380acae552,ribeirao preto,SP,122,122,129,18119.70,122,15.57,16.18,14.75,121,4.02,16.53,136,0.1370,4,4,3,11,f,High Risk
a888faf2d1baececa6baf9c3d603ee1f,umuarama,PR,53,53,54,17564.80,53,9.43,18.06,28.30,53,4.09,15.09,139,0.1329,4,4,3,11,f,High Risk
165fc07beebdcb6190fba8a06db2a449,maringa,PR,50,50,64,17481.40,50,8.00,12.84,8.00,50,3.80,22.00,142,0.1322,3,3,4,10,f,High Risk
4a3ccda38b2129705f3fb522db62ca31,marilia,SP,64,64,73,16169.09,64,6.25,13.27,14.06,64,3.93,20.31,153,0.1223,3,4,4,11,f,High Risk
7aa4334be125fcdd2ba64b3180029f14,laranjal paulista,SP,214,211,237,16012.95,213,11.74,15.98,35.98,213,4.13,14.08,156,0.1211,4,4,3,11,f,High Risk
0adac9fbd9a2b63cccaac4f8756c1ca8,louveira,SP,106,106,134,15557.60,105,5.71,13.12,15.09,106,4.09,12.26,162,0.1177,3,4,3,10,f,High Risk
213b25e6f54661939f11710a6fddb871,salto,SP,152,152,190,15105.95,150,6.67,15.33,34.87,151,3.81,20.53,169,0.1143,3,4,4,11,f,High Risk
4c2b230173bb36f9b240f2b8ac11786e,sao paulo,SP,258,253,343,14474.57,258,9.30,12.76,31.78,254,3.98,18.11,176,0.1095,4,4,4,12,f,High Risk
8e6d7754bc7e0f22c96d255ebda59eba,sao jose dos campos,SP,84,84,129,14107.38,84,13.10,15.19,36.90,84,3.60,26.19,181,0.1067,4,4,4,12,f,High Risk
2e90cb1677d35cfe24eef47d441b7c87,sao paulo,SP,127,124,137,13894.71,125,12.80,12.42,5.51,127,4.12,14.17,185,0.1051,4,3,3,10,f,High Risk
6039e27294dc75811c0d8a39069f52c0,osasco,SP,63,63,74,13500.80,63,17.46,17.90,34.92,63,3.73,19.05,192,0.1021,4,4,4,12,f,High Risk
a3e9a2c700480d9bb01fba070ba80a0e,ibitinga,SP,129,129,143,13371.80,127,9.45,13.20,7.75,127,4.00,16.54,196,0.1011,4,3,3,10,f,High Risk
a673821011d0cec28146ea42f5ab767f,sao paulo,SP,125,124,141,13366.00,124,10.48,12.94,16.80,121,4.04,15.70,197,0.1011,4,4,3,11,f,High Risk
0b35c634521043bf4b47e21547b99ab5,teixeira soares,PR,50,49,77,13235.65,50,16.00,19.20,8.00,49,3.41,34.69,202,0.1001,4,3,4,11,f,High Risk
05f51e13da97139648b8125c31e5f51b,belo horizonte,MG,57,57,60,13100.31,57,15.79,12.37,19.30,57,4.23,14.04,204,0.0991,4,4,3,11,f,High Risk
440dd6ab244315c632130ecfb63827b1,votuporanga,SP,91,91,92,13089.00,91,13.19,16.52,9.89,91,3.89,15.38,205,0.0990,4,3,3,10,f,High Risk
c31eff8334d6b3047ed34bebd4d62c36,salto,SP,120,120,121,12991.61,119,11.76,12.71,26.67,119,3.87,17.65,207,0.0983,4,4,4,12,f,High Risk
431af27f296bc6519d890aa5a05fdb11,ribeirao preto,SP,116,116,124,12974.60,116,13.79,17.19,25.86,115,3.80,23.48,208,0.0981,4,4,4,12,f,High Risk
75d34ebb1bd0bd7dde40dd507b8169c3,salvador,BA,57,57,67,12656.33,57,12.28,16.11,19.30,57,3.93,19.30,216,0.0957,4,4,4,12,f,High Risk
99eaacc9e6046db1c82b163c5f84869f,franca,SP,63,63,67,12642.28,63,11.11,15.00,14.29,63,4.00,17.46,217,0.0956,4,4,4,12,f,High Risk
cfb1a033743668a192316f3c6d1d2671,votorantim,SP,143,143,179,12609.54,142,9.86,12.19,11.19,142,4.04,16.20,219,0.0954,4,3,3,10,f,High Risk
1ca7077d890b907f89be8c954a02686a,santana de parnaiba,SP,108,106,127,12474.64,108,16.67,15.48,50.93,107,2.39,59.81,220,0.0944,4,4,4,12,f,High Risk
056b4ada5bbc2c50cc7842547dda6b51,queimados,RJ,64,64,65,12203.40,61,11.48,13.02,9.38,63,4.21,12.70,227,0.0923,4,3,3,10,f,High Risk
66e0557ecc2b4dbea057e93f215f68d8,sao paulo,SP,30,30,30,12141.00,30,20.00,31.63,26.67,30,4.03,13.33,231,0.0918,4,4,3,11,f,High Risk
70c27847eca8195c983ed7e798c56743,rio de janeiro,RJ,77,77,98,12077.52,76,6.58,11.20,22.08,77,4.23,18.18,235,0.0913,3,4,4,11,f,High Risk
a7f13822ceb966b076af67121f87b063,itaquaquecetuba,SP,73,73,84,12017.69,73,4.11,22.82,60.27,72,3.40,27.78,237,0.0909,2,4,4,10,f,High Risk
09f952a5f58d2285b0372551ae8f9b01,sao bernardo do campo,SP,50,50,56,11821.50,49,6.12,13.18,10.00,50,3.84,18.00,241,0.0894,3,3,4,10,f,High Risk
48436dade18ac8b2bce089ec2a041202,volta redonda,SP,134,134,147,11821.11,134,7.46,14.28,20.90,134,4.10,12.69,242,0.0894,3,4,3,10,f,High Risk
adbc26658d6c7b4b6219f9d934598091,curitiba,PR,88,88,92,11806.40,85,14.12,17.38,23.86,88,4.13,15.91,243,0.0893,4,4,3,11,f,High Risk
ce7d1888639e6fb06b2749cbfdac1ff7,baependi,MG,78,78,84,11793.89,77,9.09,14.62,2.56,78,4.17,16.67,246,0.0892,4,2,4,10,f,High Risk
c60b801f2d52c7f7f91de00870882a75,guarulhos,SP,39,39,39,11296.50,39,15.38,16.00,38.46,39,3.44,28.21,255,0.0854,4,4,4,12,f,High Risk
1d8dbc4f32378d715c717c1c1fc57bae,arapongas,PR,91,90,97,11205.99,91,8.79,15.56,15.38,89,4.06,14.61,257,0.0848,3,4,3,10,f,High Risk
82e0a475a88cc9595229d8029273f045,sao paulo,SP,41,41,79,10748.02,41,9.76,16.02,9.76,41,3.63,29.27,267,0.0813,4,3,4,11,f,High Risk
23d7c96d4a1160db1c726b248601b25a,capivari,SP,50,50,52,10658.24,50,10.00,13.04,10.00,48,3.93,16.67,268,0.0806,4,3,4,11,f,High Risk
dd2bdf855a9172734fbc3744021ae9b9,belo horizonte,MG,105,104,110,10607.00,105,5.71,15.28,15.24,101,3.87,17.82,270,0.0802,3,4,4,11,f,High Risk
6973a06f484aacf400ece213dbf3d946,sao jose dos campos,SP,89,88,108,10418.72,89,14.61,14.84,25.84,88,3.75,21.59,273,0.0788,4,4,4,12,f,High Risk
54965bbe3e4f07ae045b90b0b8541f52,foz do iguacu,PR,73,73,81,10351.70,71,30.99,26.54,53.42,69,3.14,40.58,274,0.0783,4,4,4,12,f,High Risk
ea566164622c6b439516ab18062c42cd,sao  paulo,SP,50,50,52,10309.42,48,18.75,14.31,8.00,50,3.78,24.00,275,0.0780,4,3,4,11,f,High Risk
b499c00f28f4b7069ff6550af8c1348a,limeira,SP,147,144,182,10162.18,144,13.19,11.34,18.37,147,4.23,10.20,279,0.0769,4,4,2,10,f,High Risk
5343d0649eca2a983820bfe93fc4d17e,santo andre,SP,70,69,110,9819.02,70,10.00,11.20,1.43,69,3.87,23.19,287,0.0743,4,2,4,10,f,High Risk
5058e8c1e82653974541e83690655b4a,itaquaquecetuba,SP,62,62,77,9812.83,62,11.29,26.69,24.19,61,3.25,31.15,289,0.0742,4,4,4,12,f,High Risk
3db66a856d18a9cba7c9241fc5221c50,ponte nova,MG,94,93,97,9478.30,94,10.64,15.91,24.47,94,4.19,10.64,299,0.0717,4,4,2,10,f,High Risk
d71d863e5ef30d94e440c11be17dcd8f,osasco,SP,23,23,30,9246.90,23,13.04,19.09,43.48,21,3.33,38.10,312,0.0699,4,4,4,12,f,High Risk
7040e82f899a04d1b434b795a43b4617,sao paulo,SP,208,208,223,9213.70,208,7.69,10.41,4.81,206,3.65,25.73,313,0.0697,3,3,4,10,f,High Risk
dd7ddc04e1b6c2c614352b383efe2d36,sao paulo,SP,121,121,142,9148.61,119,12.61,15.13,36.36,120,3.88,18.33,315,0.0692,4,4,4,12,f,High Risk
8b28d096634035667e8263d57ba3368c,sao jose dos campos,SP,139,138,151,9025.30,136,11.03,14.15,5.76,137,4.01,14.60,323,0.0683,4,3,3,10,f,High Risk
f27e33c6d29b5138fa9967bcd445b6d5,sao paulo,SP,93,92,98,8888.30,93,8.60,12.00,19.35,93,4.10,16.13,326,0.0672,3,4,3,10,f,High Risk
f80edd2c5aaa505cc4b0a3b219abf4b8,sao paulo,SP,116,115,125,8855.50,114,5.26,12.22,16.38,115,4.15,13.91,330,0.0670,3,4,3,10,f,High Risk
af4a0e4cfe1d9c26b6712b1be25a72e5,mateus leme,MG,21,21,26,8757.98,21,4.76,13.33,28.57,21,3.43,38.10,332,0.0662,2,4,4,10,f,High Risk
a49928bcdf77c55c6d6e05e09a9b4ca5,sao paulo,SP,96,96,104,8646.90,96,21.88,16.77,55.21,96,3.03,40.63,338,0.0654,4,4,4,12,f,High Risk
17306570e772e7718c92a562d33f5f1d,bariri,SP,27,27,30,8640.00,27,7.41,14.37,18.52,27,3.78,18.52,339,0.0653,3,4,4,11,f,High Risk
fffd5413c0700ac820c7069d66d98c89,amparo,SP,57,57,58,8535.00,56,12.50,13.89,5.26,56,3.89,21.43,340,0.0646,4,3,4,11,f,High Risk
054694fa03fe82cec4b7551487331d74,itajobi,SP,20,20,21,8286.10,20,30.00,30.90,60.00,20,3.40,30.00,343,0.0627,4,4,4,12,f,High Risk
db2956745b3a8e9f3785c99f34b5d25e,sao sebastiao,SP,45,45,46,8261.00,44,9.09,14.41,48.89,45,3.84,20.00,344,0.0625,4,4,4,12,f,High Risk
93dc87703c046b603023e75222018b45,belo horizonte,MG,33,33,34,8149.35,33,9.09,20.00,24.24,31,4.13,9.68,354,0.0616,4,4,2,10,f,High Risk
b1fc4f64df5a0e8b6913ab38803c57a9,sao goncalo,RJ,107,107,121,7994.74,107,12.15,15.81,38.32,105,3.86,20.95,362,0.0605,4,4,4,12,f,High Risk
903037660cf848a717166eb7a06d616e,sao paulo,SP,44,44,59,7935.18,42,11.90,12.14,9.09,44,3.95,18.18,363,0.0600,4,3,4,11,f,High Risk
972d0f9cf61b499a4812cf0bfa3ad3c4,brusque,SC,81,80,86,7910.42,81,11.11,18.12,33.33,79,3.03,41.77,366,0.0598,4,4,4,12,f,High Risk
6fd52c528dcb38be2eea044946b811f8,sao paulo,SP,67,67,84,7743.02,67,13.43,21.48,28.36,66,3.39,36.36,375,0.0586,4,4,4,12,f,High Risk
2089a6d640999f9b9141ac719b2af596,sao carlos,SP,41,39,41,7676.02,40,12.50,19.83,24.39,41,3.93,24.39,379,0.0581,4,4,4,12,f,High Risk
4e17c65a516f69d023a2ae78b84f28d6,suzano,SP,61,61,74,7639.26,60,5.00,13.47,13.11,61,4.23,18.03,382,0.0578,2,4,4,10,f,High Risk
e5a3438891c0bfdb9394643f95273d8e,limeira,SP,216,209,247,7549.96,216,15.74,15.63,17.59,215,4.00,17.21,388,0.0571,4,4,4,12,f,High Risk
4aba391bc3b88717ce08eb11e44937b2,arraial d'ajuda (porto seguro),BA,27,27,28,7286.88,27,14.81,16.81,7.41,27,4.00,18.52,407,0.0551,4,3,4,11,f,High Risk
6a51fc556dab5f766ced6fbc860bc613,marilia,SP,24,24,31,7217.87,24,8.33,14.00,25.00,24,4.00,16.67,412,0.0546,3,4,4,11,f,High Risk
cee48807215b30a12ca2ca10ffb5f250,guaruja,SP,39,39,40,7212.23,39,12.82,23.56,25.64,39,3.77,23.08,413,0.0545,4,4,4,12,f,High Risk
dd55f1bb788714a40e7954c3be6df745,sao paulo,SP,35,35,37,7041.76,35,17.14,18.29,8.57,35,3.74,20.00,425,0.0533,4,3,4,11,f,High Risk
36a968b544695394e4e9d7572688598f,santos,SP,148,148,156,6864.47,145,3.45,10.78,20.27,148,3.75,20.95,432,0.0519,2,4,4,10,f,High Risk
ff1fb4c404b2efe68b03350a8dc24122,mogi das cruzes,SP,46,45,49,6771.00,44,13.64,10.00,17.39,46,4.00,17.39,438,0.0512,4,4,4,12,f,High Risk
63b464dbf392c7b80d12d932fa7cafed,sao paulo,SP,36,36,38,6622.00,36,5.56,13.03,8.33,36,3.86,16.67,452,0.0501,3,3,4,10,f,High Risk
34056b8b55c1775a22af2331670a799c,penapolis,SP,77,77,77,6398.70,77,11.69,12.83,6.49,77,4.04,14.29,467,0.0484,4,3,3,10,f,High Risk
1da366cade6d8276e7d8beea7af5d4bf,uba,MG,42,42,48,6348.59,41,7.32,17.80,52.38,41,3.98,17.07,473,0.0480,3,4,4,11,f,High Risk
6f892e20a171e98efe17fdb971ff319b,sao paulo,SP,41,41,50,6049.00,41,9.76,17.29,14.63,40,4.15,10.00,487,0.0458,4,4,2,10,f,High Risk
ad781527c93d00d89a11eecd9dcad7c1,sao jose do rio preto,SP,38,38,38,6039.63,38,31.58,25.42,47.37,38,3.34,34.21,488,0.0457,4,4,4,12,f,High Risk
8e6cc767478edae941d9bd9eb778d77a,araguari,MG,100,97,108,5929.35,100,6.00,16.60,37.00,98,4.07,15.31,496,0.0448,3,4,3,10,f,High Risk
f84a00e60c73a49e7e851c9bdca3a5bb,rio de janeiro,RJ,88,88,97,5849.24,88,10.23,11.72,3.41,88,3.90,19.32,499,0.0442,4,2,4,10,f,High Risk
688756f717c462a206ad854c5027a64a,guarulhos,SP,81,81,99,5837.67,81,3.70,10.72,12.35,80,3.89,17.50,500,0.0442,2,4,4,10,f,High Risk
0bf0150d5b9d60d9cd2906003332f085,sao paulo,SP,39,39,62,5774.60,38,15.79,14.34,28.21,38,3.79,21.05,503,0.0437,4,4,4,12,f,High Risk
f46490624488d3ff7ce78613913a7711,guarulhos,SP,80,80,87,5690.95,80,11.25,10.21,22.50,80,3.76,23.75,505,0.0430,4,4,4,12,f,High Risk
b14db04aa7881970e83ffa9426897925,sorocaba,SP,78,78,105,5595.90,78,10.26,16.00,37.18,75,3.77,17.33,514,0.0423,4,4,4,12,f,High Risk
e2aee0892199b1d92530e371abd825bf,rolandia,PR,36,36,39,5392.77,36,13.89,15.36,11.11,36,3.89,22.22,522,0.0408,4,3,4,11,f,High Risk
2a261b5b644fa05f4f2700eb93544f2c,porto ferreira,SP,51,50,82,5355.00,49,16.33,14.31,1.96,51,3.86,21.57,526,0.0405,4,2,4,10,f,High Risk
e62b2d6ac10570a035a30bafcf01d263,sao paulo,SP,62,61,71,5340.39,62,11.29,14.05,30.65,59,3.97,15.25,528,0.0404,4,4,3,11,f,High Risk
e06f09ec0a4aca210779cf1cfc63cf19,sao paulo,SP,29,29,31,5279.49,29,6.90,14.76,6.90,29,3.95,17.24,532,0.0399,3,3,4,10,f,High Risk
3be634553519fb6536a03e1358e9fdc7,sao paulo,SP,80,79,95,5231.02,80,7.50,10.06,12.50,80,4.03,15.00,537,0.0396,3,4,3,10,f,High Risk
5b179e9e8cc7ab6fd113a46ca584da81,sao paulo,SP,34,34,36,5173.50,34,5.88,13.03,35.29,33,3.67,21.21,540,0.0391,3,4,4,11,f,High Risk
e0878efa0e0b7e5313ac0b43bc04c081,curitiba,PR,26,26,28,5025.40,25,16.00,18.40,3.85,26,3.62,26.92,553,0.0380,4,2,4,10,f,High Risk
f84fa566034f5e8e880a07ec624c56af,indaiatuba,SP,89,89,100,4993.91,87,10.34,11.99,21.35,89,4.25,11.24,556,0.0378,4,4,2,10,f,High Risk
835f0f7810c76831d6c7d24c7a646d4d,sao paulo,SP,42,42,48,4990.20,42,26.19,18.02,73.81,42,3.36,30.95,557,0.0377,4,4,4,12,f,High Risk
e9d99831abad74458942f21e16f33f92,sao paulo,SP,130,130,149,4922.48,129,10.08,12.87,13.08,129,3.93,16.28,561,0.0372,4,4,3,11,f,High Risk
8931a84a914b3fe9b1ddaa4d704947ca,sao paulo,SP,29,28,32,4668.30,28,7.14,12.14,27.59,28,4.07,17.86,585,0.0353,3,4,4,11,f,High Risk
b2479f944e1b90cf8a5de1bbfde284d6,ibitinga,SP,101,99,129,4666.53,101,11.88,15.30,11.88,100,3.50,28.00,586,0.0353,4,3,4,11,f,High Risk
bbad7e518d7af88a0897397ffdca1979,sao paulo,SP,68,67,84,4426.32,67,16.42,13.40,36.76,67,3.18,40.30,611,0.0335,4,4,4,12,f,High Risk
beadbee30901a7f61d031b6b686095ad,guarulhos,SP,64,64,68,4373.98,64,23.44,14.03,28.13,64,3.91,18.75,616,0.0331,4,4,4,12,f,High Risk
834f8533b2ecb6598dd004ff3de7203a,sao paulo,SP,41,41,45,4324.35,41,14.63,14.59,48.78,41,3.95,17.07,622,0.0327,4,4,4,12,f,High Risk
23613d49c3ac2bd302259e55c06c050c,porto ferreira,SP,69,68,79,4193.10,69,8.70,13.93,39.13,68,3.87,23.53,632,0.0317,3,4,4,11,f,High Risk
f76a3b1349b6df1ee875d1f3fa4340f0,sao paulo,SP,24,24,24,4160.79,24,29.17,16.88,37.50,24,3.46,29.17,637,0.0315,4,4,4,12,f,High Risk
8b9d6eec4a7eb7d0f9d579ce0b38324d,mesquita,RJ,48,47,52,4159.55,47,14.89,10.49,20.83,48,4.06,16.67,638,0.0315,4,4,4,12,f,High Risk
cac4c8e7b1ca6252d8f20b2fc1a2e4af,indaiatuba,SP,74,74,82,4128.19,73,17.81,18.29,29.73,73,3.58,27.40,642,0.0312,4,4,4,12,f,High Risk
681fce914360217db47784ae28905a96,araucaria,PR,23,22,24,4127.33,22,13.64,12.50,13.04,22,4.00,22.73,643,0.0312,4,4,4,12,f,High Risk
98dac6635aee4995d501a3972e047414,sao paulo,SP,89,89,190,4115.75,88,4.55,9.68,25.84,88,4.15,18.18,645,0.0311,2,4,4,10,f,High Risk
99002261c568a84cce14d43fcffb43ea,cuiaba,MT,36,36,36,4088.00,36,5.56,16.72,47.22,36,3.72,16.67,649,0.0309,3,4,4,11,f,High Risk
6b3bd31ad8fcda4b2635ec9f3ff2ecdf,rio de janeiro,RJ,35,35,42,4063.90,35,8.57,13.14,14.29,35,4.09,17.14,650,0.0307,3,4,4,11,f,High Risk
50c9975695009e5e6473912e83a6d1da,claudio,MG,50,50,68,3964.40,50,14.00,16.38,8.00,49,3.94,18.37,661,0.0300,4,3,4,11,f,High Risk
11bfa66332777660bd0640ee84d47006,ribeirao preto,SP,76,76,102,3925.87,76,14.47,16.46,3.95,76,3.89,22.37,666,0.0297,4,2,4,10,f,High Risk
d20b021d3efdf267a402c402a48ea64b,ibitinga,SP,86,85,102,3922.30,84,16.67,17.12,18.60,85,3.75,20.00,667,0.0297,4,4,4,12,f,High Risk
7f152321c60a266edc53af1925ef96c1,criciuma,SC,20,20,20,3919.80,20,30.00,23.35,15.00,20,3.80,25.00,669,0.0296,4,4,4,12,f,High Risk
d5ba419e26d246a0719437cf37d9b46d,sao paulo,SP,33,33,34,3911.50,33,9.09,9.82,18.18,32,4.00,15.63,670,0.0296,4,4,3,11,f,High Risk
6a0cbc8af2e8abd1bdfb777943d174c6,batatais,SP,34,34,34,3788.15,34,8.82,15.38,26.47,33,4.03,12.12,688,0.0287,3,4,3,10,f,High Risk
f0b47fbbc6dee9aafe415a6e33051b3f,maua,SP,67,66,85,3766.92,66,10.61,10.17,17.91,67,4.25,11.94,692,0.0285,4,4,3,11,f,High Risk
7d76b645482be4a332374e8223836592,sao paulo,SP,172,172,183,3765.74,171,9.36,13.49,12.21,170,4.00,14.12,693,0.0285,4,4,3,11,f,High Risk
891071be6ba827b591264c90c2ae8a63,sao paulo,SP,85,85,90,3763.35,84,14.29,13.70,17.65,85,3.95,20.00,694,0.0285,4,4,4,12,f,High Risk
23a0ffca143a15b9b5bbdb7d552f626a,sao pedro,SP,23,23,24,3718.51,23,13.04,11.39,8.70,23,3.91,21.74,703,0.0281,4,3,4,11,f,High Risk
c0563dd588b775f2e37747ef6ad6c92c,santo andre,SP,28,28,28,3697.20,28,10.71,10.75,10.71,28,4.36,14.29,708,0.0280,4,3,3,10,f,High Risk
2745f798279e0ed033addcc1474776d7,sao paulo,SP,32,31,32,3668.53,32,9.38,13.22,15.63,31,3.97,12.90,712,0.0277,4,4,3,11,f,High Risk
271c58a1d139c45eaf3316107c6d3a3b,sao paulo,SP,27,27,27,3597.63,27,7.41,13.11,37.04,27,4.19,14.81,725,0.0272,3,4,3,10,f,High Risk
99a54764c341d5dc80b4a8fac4eba3fb,sao paulo,SP,44,42,66,3578.76,43,11.63,7.60,9.09,43,3.67,20.93,728,0.0271,4,3,4,11,f,High Risk
f3da5b2ff499efb8d4a6d371d175d7dd,sao paulo,SP,77,77,82,3540.89,72,12.50,11.42,6.49,76,3.91,17.11,737,0.0268,4,3,4,11,f,High Risk
71039d19d4303bf9054d69e9a9236699,sao paulo,SP,35,34,38,3537.20,35,20.00,13.83,5.71,35,3.80,20.00,738,0.0268,4,3,4,11,f,High Risk
e7d5b006eb624f13074497221eb37807,santo andre,SP,28,27,63,3478.93,28,7.14,11.04,10.71,28,3.93,21.43,743,0.0263,3,3,4,10,f,High Risk
b17b679f4f5ce2e03ce6968c62648246,ribeirao preto,SP,50,50,51,3424.18,50,16.00,19.30,18.00,50,3.98,16.00,751,0.0259,4,4,3,11,f,High Risk
070d165398b553f3b4b851c216b8a358,sao paulo,SP,31,30,38,3333.17,31,12.90,12.10,19.35,30,3.37,33.33,758,0.0252,4,4,4,12,f,High Risk
a938325a4b357fd23a6a4d5bb126408e,nilopolis,RJ,24,24,25,3231.00,24,4.17,13.08,29.17,24,3.83,20.83,769,0.0244,2,4,4,10,f,High Risk
e89c4adbe7b1d0819dbb636e16461cf1,indaiatuba,SP,24,24,25,3181.30,24,12.50,15.00,4.17,24,3.83,16.67,776,0.0241,4,2,4,10,f,High Risk
5c6d4016c2a288f074fa0848a2b653d2,sao paulo,SP,31,31,34,3100.00,31,9.68,10.55,6.45,31,4.16,12.90,786,0.0234,4,3,3,10,f,High Risk
95f83f51203c626648c875dd41874c7f,borda da mata,MG,50,50,65,3077.66,49,4.08,11.76,12.00,50,3.70,28.00,788,0.0233,2,4,4,10,f,High Risk
2d50d6282f8aa2257819a77bfaa0efe0,ibitinga,SP,42,42,43,3008.48,41,9.76,13.76,4.76,42,3.81,19.05,798,0.0228,4,2,4,10,f,High Risk
f4aba7c0bca51484c30ab7bdc34bcdd1,sao paulo,SP,108,108,115,2951.90,108,5.56,11.06,44.44,108,3.94,15.74,807,0.0223,3,4,3,10,f,High Risk
a6fe7de3d16f6149ffe280349a8535a0,franca,SP,50,50,51,2844.90,50,12.00,14.88,22.00,49,4.04,16.33,821,0.0215,4,4,3,11,f,High Risk
977f9f63dd360c2a32ece2f93ad6d306,tabatinga,SP,23,23,24,2730.07,23,8.70,12.74,17.39,23,3.87,17.39,841,0.0206,3,4,4,11,f,High Risk
2a1348e9addc1af5aaa619b1a3679d6b,belo horizonte,MG,48,48,51,2697.40,48,27.08,27.33,41.67,47,3.17,36.17,850,0.0204,4,4,4,12,f,High Risk
d93919c944be9cff128f6c9cb899eacb,mombuca,SP,33,33,33,2666.70,33,15.15,22.82,45.45,33,4.00,18.18,856,0.0202,4,4,4,12,f,High Risk
157c3e4b42f81ac4a44e8b1ca2fe9876,sao paulo,SP,23,23,31,2548.50,22,9.09,11.09,13.04,23,3.70,21.74,878,0.0193,3,4,4,11,f,High Risk
318f287a62ab7ac10b703ac37435a231,sao paulo,SP,51,50,61,2432.48,51,9.80,11.47,19.61,51,3.92,19.61,894,0.0184,4,4,4,12,f,High Risk
ede0c03645598cdfc63ca8237acbe73d,ribeirao preto,SP,43,43,47,2352.15,43,32.56,18.44,18.60,42,3.57,28.57,914,0.0178,4,4,4,12,f,High Risk
dd533b429f380718b70ad9922c294bae,barretos,SP,39,39,43,2244.88,39,10.26,17.21,20.51,39,3.92,15.38,929,0.0170,4,4,3,11,f,High Risk
fb89df7f89fd1b8f03fa2acca1ba7364,foz do iguacu,PR,22,22,25,2220.00,22,9.09,16.09,31.82,22,3.86,18.18,937,0.0168,4,4,4,12,f,High Risk
850913d59ce317156b00f3705f1c3edb,atibaia,SP,29,29,30,2183.00,29,17.24,13.41,41.38,29,3.59,31.03,944,0.0165,4,4,4,12,f,High Risk
e8f6dc8e6a1dcde89d20e3995c8d90b3,sao paulo,SP,35,35,44,2148.74,35,8.57,12.80,20.00,35,4.00,14.29,955,0.0163,3,4,3,10,f,High Risk
bf84056e679dbe9c69929847a40e338f,sao paulo,SP,35,35,38,1918.08,35,5.71,12.51,17.14,35,3.77,17.14,1003,0.0145,3,4,4,11,f,High Risk
4e5725ba188db8252977a4f0227bd462,ribeirao preto,SP,21,21,24,1865.09,21,23.81,20.86,4.76,21,3.52,33.33,1018,0.0141,4,2,4,10,f,High Risk
c8467937e403e76a8ee9f0ab13f6f5ef,pocos de caldas,MG,30,30,33,1853.79,30,13.33,16.87,20.00,28,4.07,14.29,1022,0.0140,4,4,3,11,f,High Risk
d97df38225e5abadaff1e72cb72b823c,sao caetano do sul,SP,28,28,28,1776.00,28,14.29,12.11,3.57,27,3.93,22.22,1047,0.0134,4,2,4,10,f,High Risk
dc8798cbf453b7e0f98745e396cc5616,sao paulo,SP,35,35,43,1733.00,35,5.71,13.37,34.29,35,3.37,31.43,1058,0.0131,3,4,4,11,f,High Risk
d3674f271c91f824f82d24d92011f669,brasilia,DF,20,20,20,1718.30,20,10.00,13.75,5.00,20,4.10,15.00,1061,0.0130,4,3,3,10,f,High Risk
7139dc5186aa238b006e066d8fbab2e4,amparo,SP,22,22,24,1712.00,22,13.64,14.73,27.27,21,4.00,19.05,1064,0.0129,4,4,4,12,f,High Risk
2a6fbeaa7ab9e5d59a35841a8da71ce4,jaragua do sul,SC,30,30,30,1632.79,30,6.67,14.43,13.33,29,3.93,17.24,1092,0.0123,3,4,4,11,f,High Risk
39d54ff918774174706fb065d7f9dc07,sao paulo,SP,22,22,24,1554.69,22,9.09,13.73,9.09,22,4.05,22.73,1118,0.0118,3,3,4,10,f,High Risk
7ecd59e5e20407131822c1a68ac59c1f,brasilia,DF,24,24,29,1466.71,24,12.50,17.13,50.00,24,4.42,8.33,1150,0.0111,4,4,2,10,f,High Risk
3771c85bac139d2344864ede5d9341e3,sorocaba,SP,26,26,30,1433.30,26,11.54,13.23,3.85,26,3.85,23.08,1166,0.0108,4,2,4,10,f,High Risk
002100f778ceb8431b7a1020ff7ab48f,franca,SP,50,50,54,1216.60,50,18.00,16.20,8.00,50,3.96,14.00,1264,0.0092,4,3,3,10,f,High Risk
0afccdb8a34ee5c79f7c06faf2b4d56e,uberlandia,MG,24,24,24,1185.60,24,8.33,13.46,12.50,23,4.09,13.04,1284,0.0090,3,4,3,10,f,High Risk
2709af9587499e95e803a6498a5a56e9,sao paulo,SP,25,25,46,1180.56,25,12.00,11.12,8.00,24,3.96,20.83,1288,0.0089,4,3,4,11,f,High Risk
bc47d5d1490df2b36add65d733eafaba,santo andre,SP,21,21,22,929.80,21,9.52,12.90,9.52,21,3.52,28.57,1418,0.0070,4,3,4,11,f,High Risk
4ebdc7e6cd6102a022dadc49156d4ea8,sao paulo,SP,29,29,32,928.70,29,3.45,10.00,13.79,29,3.79,20.69,1419,0.0070,2,4,4,10,f,High Risk
4869f7a5dfa277a7dca6462dcf3b52b2,guariba,SP,1124,1117,1148,226987.93,1112,10.61,15.04,5.52,1116,4.15,13.08,1,1.7168,4,3,3,10,t,High-Value At Risk
4a3ca9315b744ce9f8e9374361493884,ibitinga,SP,1772,1759,1949,196882.12,1756,9.79,14.49,8.69,1753,3.85,18.43,3,1.4891,4,3,4,11,t,High-Value At Risk
7c67e1448b00f6e969d365cea6b010ab,itaquaquecetuba,SP,973,962,1355,186570.05,972,9.16,22.31,29.70,967,3.50,25.44,5,1.4111,4,4,4,12,t,High-Value At Risk
1025f0e2d44d7041d6cf58b6550e0bfa,sao paulo,SP,910,894,1420,138208.56,898,7.91,12.38,17.80,902,4.01,16.74,9,1.0453,3,4,4,11,t,High-Value At Risk
7d13fca15225358621be4086e1eb0964,ribeirao preto,SP,558,557,571,112436.18,549,11.66,15.73,14.87,555,4.04,17.12,14,0.8504,4,4,4,12,t,High-Value At Risk
04308b1ee57b6625f47df1d56f00eedf,bombinhas,SC,92,92,92,58991.80,91,7.69,18.97,28.26,92,3.95,19.57,26,0.4462,3,4,4,11,t,High-Value At Risk
522620dcb18a6b31cd7bdf73665113a9,cascavel,PR,172,171,178,56690.49,171,8.77,15.47,5.23,169,3.91,18.93,27,0.4288,3,3,4,10,t,High-Value At Risk
25c5c91f63607446a97b143d2d535d31,itauna,MG,156,150,266,54208.78,156,7.05,14.36,16.03,155,3.83,19.35,32,0.4100,3,4,4,11,t,High-Value At Risk
b2ba3715d723d245138f291a6fe42594,sao paulo,SP,324,323,350,49302.18,322,6.83,14.08,23.77,321,4.20,11.84,39,0.3729,3,4,3,10,t,High-Value At Risk
8160255418d5aaa7dbdc9f4c64ebda44,ibitinga,SP,380,378,424,46368.39,377,13.79,16.24,24.47,376,3.95,17.02,41,0.3507,4,4,4,12,t,High-Value At Risk
4e922959ae960d389249c378d1c939f5,jacarei,SP,412,411,446,45338.42,407,9.09,14.51,10.92,408,3.96,18.14,44,0.3429,3,3,4,10,t,High-Value At Risk
712e6ed8aa4aa1fa65dab41fed5737e4,videira,SC,77,77,85,39385.00,77,20.78,24.60,19.48,76,3.39,35.53,58,0.2979,4,4,4,12,t,High-Value At Risk
634964b17796e64304cadf1ad3050fb7,rio de janeiro,RJ,265,259,323,39114.10,265,9.43,14.54,10.19,265,4.06,15.09,59,0.2958,4,3,3,10,t,High-Value At Risk
2eb70248d66e0e3ef83659f71b244378,campinas,SP,187,186,197,38990.72,187,11.23,17.93,32.09,184,2.79,47.28,60,0.2949,4,4,4,12,t,High-Value At Risk
06a2c3af7b3aee5d69171b0e14f0ee87,sao luis,MA,389,385,402,36097.98,370,20.00,18.01,31.11,385,4.01,16.10,66,0.2730,4,4,3,11,t,High-Value At Risk
e9bc59e7b60fc3063eb2290deda4cced,maringa,PR,209,206,260,33543.69,209,7.66,14.17,26.32,209,4.08,14.35,69,0.2537,3,4,3,10,t,High-Value At Risk
1835b56ce799e6a4dc4eddc053f04066,ibitinga,SP,417,415,551,33005.32,404,10.64,13.29,2.40,414,3.66,23.91,70,0.2496,4,2,4,10,t,High-Value At Risk
76d5af76d0271110f9af36c92573f765,sao paulo,SP,128,122,155,31944.60,126,9.52,11.97,13.28,127,4.13,14.17,75,0.2416,4,4,3,11,t,High-Value At Risk
88460e8ebdecbfecb5f9601833981930,maringa,PR,246,240,300,31320.40,243,17.28,17.91,47.56,245,3.44,30.20,78,0.2369,4,4,4,12,t,High-Value At Risk
855668e0971d4dfd7bef1b6a4133b41b,itatiba,SP,300,297,311,30849.22,298,12.75,16.23,18.33,296,3.85,20.61,81,0.2333,4,4,4,12,t,High-Value At Risk
70a12e78e608ac31179aea7f8422044b,jacarei,SP,312,311,323,29963.53,310,9.35,14.74,17.31,310,3.81,19.68,83,0.2266,4,4,4,12,t,High-Value At Risk
900ba814c251a692506d7834c1218441,salto,SP,86,86,86,28833.03,86,13.95,12.37,17.44,84,4.23,8.33,87,0.2181,4,4,2,10,t,High-Value At Risk
59b22a78efb79a4797979612b885db36,uberlandia,MG,125,125,133,27184.50,121,11.57,12.69,4.80,124,3.98,20.16,89,0.2056,4,3,4,11,t,High-Value At Risk
a416b6a846a11724393025641d4edd5e,sao paulo,SP,157,156,176,24930.24,155,10.97,12.57,12.10,157,4.22,14.01,99,0.1886,4,4,3,11,t,High-Value At Risk
53243585a1d6dc2643021fd1853d8905,lauro de freitas,BA,348,340,400,217940.44,348,3.45,13.34,6.90,346,4.19,10.40,2,1.6484,2,3,2,7,t,Monitor
fa1c13f2614d7b5c4749cbc52fecda94,sumare,SP,578,575,579,190917.14,574,9.23,13.33,7.96,574,4.37,9.58,4,1.4440,4,3,2,9,t,Monitor
7e93a43ef30c4f03f38b393420bc753a,barueri,SP,319,319,322,165981.49,313,4.79,11.30,7.84,318,4.36,8.18,6,1.2554,2,3,2,7,t,Monitor
da8622b14eb17ae2831f4ac5b9dab84a,piracicaba,SP,1311,1272,1548,159816.87,1285,6.77,11.21,4.50,1305,4.18,11.80,7,1.2088,3,2,3,8,t,Monitor
46dc3b2cc0980fb8ec44634e21d2718e,rio de janeiro,RJ,503,503,523,122811.38,500,5.80,11.86,10.34,497,4.27,11.07,11,0.9289,3,3,2,8,t,Monitor
6560211a19b47992c3666cc44a7e94c0,sao paulo,SP,1819,1790,1996,120702.83,1768,5.32,9.58,0.55,1805,3.98,16.07,12,0.9129,3,1,3,7,t,Monitor
620c87c171fb2a6dd6e8bb4dec959fc6,petropolis,RJ,722,708,778,112461.50,717,8.79,12.90,7.48,716,4.31,11.17,13,0.8506,3,3,2,8,t,Monitor
5dceca129747e92ff8ef7a997dc4f8ca,santa barbara d´oeste,SP,322,318,343,111126.73,322,5.59,11.62,4.35,318,4.01,19.18,15,0.8405,3,2,4,9,t,Monitor
1f50f920176fa81dab994f9023523100,sao jose do rio preto,SP,1399,1383,1926,106655.71,1391,8.91,15.75,10.86,1394,4.14,13.99,16,0.8067,3,3,3,9,t,Monitor
cc419e0650a3c5ba77189a1882b7556a,santo andre,SP,1651,1607,1719,101090.96,1646,5.29,11.54,0.73,1647,4.15,12.75,17,0.7646,3,1,3,7,t,Monitor
3d871de0142ce09b7081e2b9d1733cb1,campo limpo paulista,SP,1064,1058,1131,93407.40,1057,5.49,13.47,12.88,1053,4.19,10.45,19,0.7065,3,4,2,9,t,Monitor
ccc4bbb5f32a6ab2b7066a4130f114e3,curitiba,PR,184,183,189,72926.72,182,6.04,15.50,4.89,183,4.32,10.93,21,0.5516,3,3,2,8,t,Monitor
f7ba60f8c3f99e7ee4042fdef03b70c4,sao bernardo do campo,SP,218,218,229,68070.00,216,13.89,13.39,0.92,218,4.22,10.55,22,0.5148,4,1,2,7,t,Monitor
fe2032dab1a61af8794248c8196565c9,campinas,SP,293,292,305,65689.71,286,9.09,10.81,6.48,289,4.39,9.69,23,0.4968,4,3,2,9,t,Monitor
8581055ce74af1daba164fdbd55a40de,guarulhos,SP,380,371,427,64011.22,376,8.24,13.09,5.00,379,4.31,9.50,24,0.4841,3,3,2,8,t,Monitor
cca3071e3e9bb7d12640c9fbe2301306,ibitinga,SP,699,688,817,63035.16,697,4.88,14.16,6.72,688,3.88,18.90,25,0.4768,2,3,4,9,t,Monitor
17e34d8224d27a541263c4c64b11a56b,riberao preto,SP,247,246,260,54440.28,245,7.76,14.29,8.91,245,4.25,11.02,30,0.4118,3,3,2,8,t,Monitor
7ddcbb64b5bc1ef36ca8c151f6ec77df,sao paulo,SP,325,324,334,54435.66,320,8.44,12.58,0.92,322,4.03,14.91,31,0.4117,3,1,3,7,t,Monitor
218d46b86c1881d022bce9c68a7d4b15,ribeirao preto,SP,382,373,420,53710.30,380,8.42,13.71,4.19,380,4.19,12.11,33,0.4062,3,2,3,8,t,Monitor
f5a590cf36251cf1162ea35bef76fe84,sao bernardo do campo,SP,113,113,118,51232.78,108,7.41,11.89,11.50,113,4.27,10.62,35,0.3875,3,3,2,8,t,Monitor
2bf6a2c1e71bbd29a4ad64e6d3c3629f,nova friburgo,RJ,30,30,31,50628.90,30,6.67,13.57,0.00,30,4.17,13.33,37,0.3829,3,1,3,7,t,Monitor
17f51e7198701186712e53a39c564617,sao paulo,SP,56,56,61,48019.00,56,8.93,23.29,14.29,56,4.34,8.93,40,0.3632,3,4,2,9,t,Monitor
77530e9772f57a62c906e1c21538ab82,curitiba,PR,312,308,381,45676.60,305,9.51,15.15,1.60,312,4.15,14.74,43,0.3455,4,2,3,9,t,Monitor
c826c40d7b19f62a09e2d7c5e7295ee2,guarulhos,SP,346,346,365,44653.04,343,7.58,13.18,6.65,345,4.13,14.20,46,0.3377,3,3,3,9,t,Monitor
b33e7c55446eabf8fe1a42d037ac7d6d,pradopolis,SP,149,149,152,44215.17,146,11.64,16.39,0.67,149,4.20,12.75,47,0.3344,4,1,3,8,t,Monitor
4d6d651bd7684af3fffabd5f08d12e5a,jau,SP,363,350,389,42999.00,360,3.89,12.99,11.57,362,4.22,11.88,51,0.3252,2,3,3,8,t,Monitor
b839e41795b7f3ad94cc2014a52f6796,sao caetano do sul,SP,33,33,36,42829.00,31,3.23,6.58,3.03,33,4.09,18.18,52,0.3239,2,2,4,8,t,Monitor
e9779976487b77c6d4ac45f75ec7afe9,praia grande,SP,645,632,738,42229.69,634,6.15,9.86,6.36,642,4.26,10.59,53,0.3194,3,3,2,8,t,Monitor
17a053fcb14bd219540cbde0df490be0,mogi guacu,SP,124,123,148,40353.24,122,5.74,12.33,16.94,122,4.25,9.84,54,0.3052,3,4,2,9,t,Monitor
d91fb3b7d041e83b64a00a3edfb37e4f,praia grande,SP,524,481,525,39926.39,514,3.89,11.30,9.92,520,4.14,13.46,55,0.3020,2,3,3,8,t,Monitor
834f3294fba9f932f56edc879193f925,araraquara,SP,66,66,66,39907.50,66,6.06,14.18,6.06,66,4.55,4.55,56,0.3018,3,3,1,7,t,Monitor
391fc6631aebcf3004804e51b40bcf1e,ibitinga,SP,521,518,605,39475.30,512,8.79,14.46,6.14,518,4.05,14.67,57,0.2986,3,3,3,9,t,Monitor
7142540dd4c91e2237acb7e911c4eba2,penapolis,SP,316,313,328,37181.94,316,7.28,14.67,6.01,314,4.05,13.69,61,0.2812,3,3,3,9,t,Monitor
7178f9f4dd81dcef02f62acdf8151e01,videira,SC,202,202,215,36795.40,202,3.47,15.61,9.41,201,4.06,14.43,62,0.2783,2,3,3,8,t,Monitor
ea8482cd71df3c1969d7b9473ff13abc,sao paulo,SP,1132,1119,1188,36696.76,1107,8.67,13.32,7.69,1126,4.03,14.56,63,0.2776,3,3,3,9,t,Monitor
c70c1b0d8ca86052f45a432a38b73958,hortolandia,SP,260,252,336,36289.15,254,5.51,7.94,23.46,258,4.37,8.91,65,0.2745,3,4,2,9,t,Monitor
c3867b4666c7d76867627c2f7fb22e21,guara,SP,228,226,241,34666.90,228,10.96,15.32,4.39,226,4.08,15.49,67,0.2622,4,2,3,9,t,Monitor
9c0e69c7bf2619675bbadf47b43f655a,sao jose dos campos,SP,151,150,200,32720.40,151,8.61,14.54,23.18,150,4.17,10.67,73,0.2475,3,4,2,9,t,Monitor
2528513dd95219a6013d4d05176e391a,osasco,SP,160,160,166,32660.20,157,3.82,10.55,11.25,157,3.97,17.20,74,0.2470,2,3,4,9,t,Monitor
7681ef142fd2c19048da7430856b5588,guarulhos,SP,58,57,76,31211.81,56,8.93,10.84,3.45,57,4.23,12.28,79,0.2361,3,2,3,8,t,Monitor
e59aa562b9f8076dd550fcddf0e73491,curitiba,PR,69,69,82,30716.30,68,8.82,13.99,5.80,69,4.26,10.14,82,0.2323,3,3,2,8,t,Monitor
53e4c6e0f4312d4d2107a8c9cddf45cd,pedreira,SP,463,454,512,29587.77,461,4.77,12.00,20.95,461,4.13,12.80,84,0.2238,2,4,3,9,t,Monitor
1554a68530182680ad5c8b042c3ab563,monte siao,MG,246,242,267,28979.64,242,6.20,14.35,2.44,244,4.33,10.25,86,0.2192,3,2,2,7,t,Monitor
0b90b6df587eb83608a64ea8b390cf07,maringa,PR,163,162,209,28492.76,158,3.80,14.53,3.07,162,4.03,16.67,88,0.2155,2,2,3,7,t,Monitor
d1c281d3ae149232351cd8c8cc885f0d,ibitinga,SP,214,211,239,26833.61,213,6.57,12.73,2.34,212,3.81,21.70,90,0.2030,3,2,4,9,t,Monitor
b32be1695eb7ec5f10f72d9610a12527,caxias do sul,RS,44,44,45,26575.00,44,4.55,12.20,18.18,43,4.14,11.63,91,0.2010,2,4,2,8,t,Monitor
7e1fb0a3ebfb01ffb3a7dae98bf3238d,franca,SP,155,145,169,26169.53,155,11.61,15.50,1.29,153,4.19,10.46,94,0.1979,4,1,2,7,t,Monitor
de23c3b98a88888289c6f5cc1209054a,sao paulo,SP,161,157,178,25933.67,160,7.50,10.84,2.48,161,4.29,10.56,95,0.1961,3,2,2,7,t,Monitor
16090f2ca825584b5a147ab24aa30c86,atibaia,SP,398,396,406,25579.16,392,8.16,9.16,5.28,396,4.09,13.13,97,0.1935,3,3,3,9,t,Monitor
1c68394e931a64f90ea236c5ea590300,sarandi,PR,142,138,171,24832.75,141,3.55,16.03,9.86,142,3.90,16.20,101,0.1878,2,3,3,8,f,Monitor
f62d7bb4a613ec758a03342d46b580b2,vicosa,MG,32,32,32,24665.00,32,9.38,13.88,15.63,32,4.38,6.25,102,0.1866,4,4,1,9,f,Monitor
001cca7ae9ae17fb1caed9dfb1094831,cariacica,ES,195,195,234,24487.03,195,6.15,13.40,5.64,192,4.06,14.06,104,0.1852,3,3,3,9,f,Monitor
7b0df942f46435babab05d49b744b2c4,braganca paulista,SP,32,32,32,22600.63,32,9.38,11.03,3.13,31,4.39,6.45,110,0.1709,4,2,1,7,f,Monitor
1a3df491d1c4f1589fc2b934ada68bf2,joinville,SC,160,160,171,22472.40,158,3.80,14.87,8.13,160,4.27,9.38,111,0.1700,2,3,2,7,f,Monitor
ff69aa92bb6b1bf9b8b7a51c2ed9cf8b,sao paulo,SP,20,20,20,21940.80,20,20.00,11.50,0.00,20,3.65,30.00,115,0.1659,4,1,4,9,f,Monitor
f45122a9ab94eb4f3f8953578bc0c560,piracicaba,SP,184,183,197,21764.68,181,7.18,12.77,0.54,184,3.97,17.39,116,0.1646,3,1,4,8,f,Monitor
06e5eefc71ec47ae763c5c6f8db7064f,porto alegre,RS,90,90,93,21648.67,89,0.00,10.90,7.78,88,3.98,13.64,118,0.1637,1,3,3,7,f,Monitor
59fb871bf6f4522a87ba567b42dafecf,sao paulo,SP,123,123,125,21178.60,122,5.74,11.98,13.82,123,4.28,7.32,123,0.1602,3,4,1,8,f,Monitor
729f06993dac8e860d4f02d7088ca48a,limeira,SP,94,94,113,19885.18,92,9.78,11.84,2.13,93,4.22,10.75,127,0.1504,4,2,2,8,f,Monitor
004c9cd9d87a3c30c522c48c4fc07416,ibitinga,SP,156,155,168,19569.73,156,6.41,14.79,0.00,154,4.16,11.69,128,0.1480,3,1,3,7,f,Monitor
dc317f341ab0e22f39acbd9dbf9b4a1f,cachoeirinha,RS,55,54,58,18988.40,55,5.45,12.38,3.64,55,4.15,16.36,130,0.1436,3,2,3,8,f,Monitor
f457c46070d02cadd8a68551231220dd,maringa,PR,195,189,230,18798.30,194,5.67,14.47,3.59,194,3.87,20.10,132,0.1422,3,2,4,9,f,Monitor
44073f8b7e41514de3b7815dd0237f4f,brasilia,DF,142,142,151,18380.64,141,3.55,13.13,11.27,141,3.74,20.57,134,0.1390,2,3,4,9,f,Monitor
527801b552d0077ffd170872eb49683b,garca,SP,90,89,92,17942.80,83,10.84,13.61,4.44,89,4.47,7.87,137,0.1357,4,2,2,8,f,Monitor
821fb029fc6e495ca4f08a35d51e53a5,sao paulo,SP,24,24,25,17851.62,23,34.78,17.17,0.00,23,3.48,30.43,138,0.1350,4,1,4,9,f,Monitor
94144541854e298c2d976cb893b81343,viamao,RS,68,68,76,17286.28,68,4.41,12.87,25.00,67,4.25,11.94,143,0.1307,2,4,3,9,f,Monitor
8b321bb669392f5163d04c59e235e066,sao paulo,SP,930,925,1005,17262.94,918,8.82,12.67,4.73,926,4.10,14.15,144,0.1306,3,2,3,8,f,Monitor
0c8380b62e38e8a1e6adbeba7eb9688c,tres coracoes,MG,180,178,218,17228.99,180,5.00,13.02,10.00,178,4.07,13.48,146,0.1303,2,3,3,8,f,Monitor
54a1852d1b8f10312c55e906355666ee,santa barbara d'oeste,SP,198,196,202,17056.46,195,7.69,11.42,2.53,197,4.36,8.12,147,0.1290,3,2,2,7,f,Monitor
abe42c5d03695b4257b5c6cbf4e6784e,rio de janeiro,RJ,49,49,49,17000.00,49,16.33,14.29,0.00,48,3.96,16.67,148,0.1286,4,1,4,9,f,Monitor
76d64c4aca3a7baf218bf93ef7fa768d,curitiba,PR,64,63,69,16911.80,64,3.13,10.88,1.56,64,4.23,14.06,149,0.1279,2,2,3,7,f,Monitor
41b39e28db005d9731d9d485a83b4c38,santo andre,SP,187,185,223,16306.75,185,4.86,12.34,5.35,187,4.18,12.30,152,0.1233,2,3,3,8,f,Monitor
ef0ace09169ac090589d85746e3e036f,sao goncalo,RJ,128,128,139,16105.40,128,7.81,12.77,10.16,128,4.40,7.81,154,0.1218,3,3,2,8,f,Monitor
fa40cc5b934574b62717c68f3d678b6d,sao paulo,SP,304,299,337,15900.48,302,5.30,11.29,4.93,303,4.48,7.26,157,0.1203,3,3,1,7,f,Monitor
4b9750c8ad28220fe6702d4ecb7c898f,limeira,SP,217,216,221,15815.40,214,6.07,9.43,5.53,217,4.36,6.91,159,0.1196,3,3,1,7,f,Monitor
c33847515fa6305ce6feb1e818569f13,brusque,SC,114,114,128,15519.85,111,3.60,9.26,0.88,114,3.85,21.05,164,0.1174,2,1,4,7,f,Monitor
e5a38146df062edaf55c38afa99e42dc,sao paulo,SP,120,120,124,15270.89,117,7.69,12.30,4.17,119,3.98,16.81,166,0.1155,3,2,4,9,f,Monitor
c847e075301870dd144a116762eaff9a,uberaba,MG,41,41,42,15248.80,41,7.32,16.98,0.00,40,4.20,15.00,167,0.1153,3,1,3,7,f,Monitor
85d9eb9ddc5d00ca9336a2219c97bb13,belo horizonte,MG,499,497,512,15107.24,499,2.20,14.63,13.23,496,4.22,9.27,168,0.1143,1,4,2,7,f,Monitor
79ebd9a61bac3eaf882805ed4ecfa12a,cascavel,PR,133,132,140,14783.09,132,4.55,15.33,30.83,133,4.05,13.53,174,0.1118,2,4,3,9,f,Monitor
66922902710d126a0e7d26b0e3805106,belo horizonte,MG,150,150,155,14267.30,150,7.33,11.25,8.00,149,4.50,5.37,180,0.1079,3,3,1,7,f,Monitor
aba1721a889e04decc910aa13b768ef4,sao paulo,SP,83,81,92,14103.30,81,7.41,9.32,4.82,83,4.45,9.64,182,0.1067,3,3,2,8,f,Monitor
c6bda72e4dbf5c5866b13cb1810c6d03,sao paulo,SP,59,59,59,14059.38,59,3.39,10.14,5.08,59,4.40,8.47,184,0.1063,2,3,2,7,f,Monitor
3b15288545f8928d3e65a8f949a28291,ibitinga,SP,101,101,118,13764.82,101,6.93,14.41,1.98,100,4.08,12.00,186,0.1041,3,2,3,8,f,Monitor
ce248b21cb2adc36282ede306b7660e5,jaragua do sul,SC,64,61,65,13560.19,64,7.81,15.64,3.13,64,4.23,12.50,191,0.1026,3,2,3,8,f,Monitor
6d66611d7c44cc30ce351abc49a68421,sao paulo,SP,164,163,174,13428.60,164,5.49,11.95,10.37,162,3.97,15.43,193,0.1016,3,3,3,9,f,Monitor
1f9ab4708f3056ede07124aad39a2554,tupa,SP,76,76,77,13312.93,76,5.26,14.50,13.16,75,4.09,8.00,199,0.1007,2,4,2,8,f,Monitor
d05ae8f7a5bd1d2a690a44cd079e4e27,rio de janeiro,RJ,77,74,80,13244.00,77,6.49,11.22,1.30,76,3.89,21.05,201,0.1002,3,1,4,8,f,Monitor
669ae81880e08f269a64487cfb287169,rio do sul,SC,161,161,185,13133.87,158,4.43,12.23,2.48,160,4.26,11.88,203,0.0993,2,2,3,7,f,Monitor
9e6229250fedbe05838fef417b74e7fb,mirandopolis,SP,73,73,77,12962.30,71,2.82,11.99,10.96,73,3.89,15.07,210,0.0980,1,3,3,7,f,Monitor
e24fc9fcd865784fb25705606fe3dfe7,braganca paulista,SP,51,51,55,12768.00,51,7.84,12.55,0.00,51,4.16,11.76,212,0.0966,3,1,3,7,f,Monitor
ed4acab38528488b65a9a9c603ff024a,sao paulo,SP,32,32,40,12759.45,30,0.00,9.77,6.25,32,3.72,21.88,213,0.0965,1,3,4,8,f,Monitor
2b1a40c1daabc6ca280c4b815c101841,divinopolis,MG,22,22,33,12342.60,22,4.55,13.36,0.00,22,3.82,18.18,223,0.0934,2,1,4,7,f,Monitor
2e1c9f22be269ef4643f826c9e650a52,sao paulo,SP,161,159,167,12170.24,161,6.21,9.73,3.11,160,4.24,11.25,229,0.0920,3,2,2,7,f,Monitor
c8b0e2b0a7095e5d8219575d5e7e1181,itaquaquecetuba,SP,84,83,85,12170.21,81,7.41,10.23,0.00,83,4.08,14.46,230,0.0920,3,1,3,7,f,Monitor
2138ccb85b11a4ec1e37afbd1c8eda1f,sao paulo,SP,388,385,419,12089.22,387,4.65,11.35,4.90,387,3.96,16.54,233,0.0914,2,3,3,8,f,Monitor
7202e2ba20579a9bd1acb29e61fe71f6,franca,SP,51,51,53,12085.70,48,4.17,13.77,3.92,50,3.98,16.00,234,0.0914,2,2,3,7,f,Monitor
ff063b022a9a0aab91bad2c9088760b7,santo andre,SP,94,94,96,12076.50,88,3.41,8.89,6.38,93,4.31,8.60,236,0.0913,2,3,2,7,f,Monitor
701938c450705b8ae65fc923b70f35c7,s jose do rio preto,SP,74,73,111,11879.29,74,4.05,13.00,13.51,73,4.00,12.33,239,0.0898,2,4,3,9,f,Monitor
7901646fdd36a55f564ffaf2dbccaaf7,rio de janeiro,RJ,22,21,27,11857.08,22,9.09,9.77,4.55,22,4.50,9.09,240,0.0897,3,2,2,7,f,Monitor
128639473a139ac0f3e5f5ade55873a5,maringa,PR,527,526,554,11795.85,525,4.19,14.28,8.73,521,4.21,10.56,245,0.0892,2,3,2,7,f,Monitor
e8b3a3a38279a82f0e5d006d5e5b7d2c,jussara,PR,80,80,85,11762.40,80,3.75,17.20,15.00,80,4.01,16.25,247,0.0890,2,4,3,9,f,Monitor
0be8ff43f22e456b4e0371b2245e4d01,sao paulo,SP,156,155,175,11336.00,154,6.49,10.35,4.49,156,4.03,17.31,254,0.0857,3,2,4,9,f,Monitor
5a8e7d5003a1f221f9e1d6e411de7c23,campinas,SP,137,136,179,11042.10,137,3.65,10.18,5.84,137,4.17,12.41,262,0.0835,2,3,3,8,f,Monitor
8d956fec2e4337affcb520f56fd8cbfd,sao bernardo do campo,SP,210,210,227,10988.20,207,6.28,9.26,4.29,210,4.21,9.52,263,0.0831,3,2,2,7,f,Monitor
813348c996469b40f2e028d5429d3495,jundiai,SP,172,171,195,10813.53,172,4.65,10.15,2.33,169,4.07,14.79,266,0.0818,2,2,3,7,f,Monitor
c9c7905cffc4ef9ff9f113554423e671,itapecerica da serra,SP,127,127,139,10657.18,126,7.94,11.08,4.72,127,4.14,11.02,269,0.0806,3,2,2,7,f,Monitor
f262cbc1c910c83959f849465454ddd3,sao paulo,SP,189,188,204,10199.86,185,7.57,9.10,1.59,188,4.18,13.83,277,0.0771,3,2,3,8,f,Monitor
9d5a9018aee56acb367ba9c3f05d1d6a,aparecida de goiania,GO,66,66,78,10119.98,66,1.52,15.00,16.67,66,4.45,10.61,281,0.0765,1,4,2,7,f,Monitor
7b1222c3624aa89b9558b50a2594188c,sao jose do rio preto,SP,22,22,22,10103.52,22,13.64,17.59,4.55,22,4.45,9.09,282,0.0764,4,2,2,8,f,Monitor
17ca9b9e9b9ef8fdb529001b49ebb50f,betim,MG,115,115,128,9649.86,107,0.93,8.33,8.70,115,4.07,13.91,291,0.0730,1,3,3,7,f,Monitor
e96498ed8daaa3e9c23f7a62da76591c,sao paulo,SP,34,34,34,9619.09,34,14.71,15.15,0.00,34,3.94,20.59,292,0.0728,4,1,4,9,f,Monitor
e7df4cd29ab5abab70fb0783ddb53987,sao paulo,SP,23,23,24,9608.70,23,8.70,10.04,21.74,23,4.30,8.70,293,0.0727,3,4,2,9,f,Monitor
b2ac621f0d0322434d04a12b078b9369,curitiba,PR,30,30,30,9575.50,30,10.00,14.63,6.67,30,4.40,6.67,295,0.0724,4,3,1,8,f,Monitor
ef506c96320abeedfb894c34db06f478,sao paulo,SP,316,315,332,9556.50,316,7.91,13.46,8.23,314,3.96,16.24,296,0.0723,3,3,3,9,f,Monitor
1c129092bf23f28a5930387c980c0dfc,sao paulo,SP,200,199,219,9528.62,200,4.50,11.70,25.00,199,4.25,11.56,297,0.0721,2,4,2,8,f,Monitor
01cf7e3d21494c41fb86034f2e714fa1,francisco beltrao,PR,59,59,65,9439.56,58,5.17,11.79,1.69,58,4.12,12.07,301,0.0714,2,2,3,7,f,Monitor
3c487ae8f8d7542beff5788e2e0aea83,gama,DF,30,27,33,9385.70,30,3.33,13.63,13.33,30,4.20,10.00,303,0.0710,2,4,2,8,f,Monitor
31344c16881c08a8a72c6d2eb29918c1,uba,MG,42,42,42,9365.80,41,4.88,15.95,7.14,42,4.43,9.52,304,0.0708,2,3,2,7,f,Monitor
ca3bd7cd9f149df75950150d010fe4a2,sao paulo,SP,68,67,135,9253.47,67,1.49,13.64,11.76,68,4.09,14.71,310,0.0700,1,3,3,7,f,Monitor
0db783cfcd3b73998abc6e10e59a102f,santos,SP,132,132,137,9077.40,132,3.79,11.58,10.61,131,4.21,12.98,317,0.0687,2,3,3,8,f,Monitor
048c2757535328e0d7dac690ad3c0aae,franca,SP,50,50,50,9065.08,50,12.00,18.42,2.00,49,4.24,14.29,319,0.0686,4,2,3,9,f,Monitor
5b8154610ebb21fb90eb587365e673df,sao jose dos campos,SP,37,37,40,9048.05,37,10.81,13.03,2.70,37,4.16,13.51,320,0.0684,4,2,3,9,f,Monitor
624f4ece8da4aafb77699233d480f8ef,sao paulo,SP,52,51,54,9046.00,52,7.69,13.54,15.38,52,4.25,11.54,321,0.0684,3,4,2,9,f,Monitor
4e7c18b98d84e05cbae3ff0ff03846c2,jaboticabal,SP,81,81,88,9038.90,80,3.75,12.18,3.70,80,4.21,17.50,322,0.0684,2,2,4,8,f,Monitor
066a6914e1ebf3ea95a216c73a986b91,foz do iguacu,PR,66,66,72,8956.38,65,3.08,13.51,12.12,66,4.09,12.12,325,0.0677,1,4,3,8,f,Monitor
5f2684dab12e59f83bef73ae57724e45,sao paulo,SP,67,67,73,8870.97,67,5.97,10.55,1.49,67,3.79,23.88,328,0.0671,3,2,4,9,f,Monitor
8e8a7ce9f2f970dc00e2acf6f6e199f6,sao goncalo,RJ,63,63,64,8821.00,62,6.45,12.19,1.59,63,4.00,12.70,331,0.0667,3,2,3,8,f,Monitor
9b013e03b2ab786505a1d3b5c0756754,vicente de carvalho,SP,170,169,220,8714.55,167,4.19,8.51,4.12,169,4.22,12.43,333,0.0659,2,2,3,7,f,Monitor
1da3aeb70d7989d1e6d9b0e887f97c23,sao paulo,SP,261,253,324,8691.56,258,4.65,8.56,3.45,260,4.17,12.31,335,0.0657,2,2,3,7,f,Monitor
b92e3c8f9738272ff7c59e111e108d7c,uba,MG,62,62,70,8231.09,61,3.28,16.67,9.68,62,4.16,17.74,345,0.0623,2,3,4,9,f,Monitor
cbd996ad3c1b7dc71fd0e5f5df9087e2,sao jose do rio preto,SP,160,160,189,8217.50,160,8.13,12.82,3.13,157,4.21,11.46,346,0.0622,3,2,2,7,f,Monitor
fdb9095204a334cd8872252ffec6f2db,sao paulo,SP,46,46,61,8156.00,46,6.52,8.65,0.00,46,4.18,13.04,351,0.0617,3,1,3,7,f,Monitor
4bfc7a4a1cf8d4d2121c27422d9e50b5,sao paulo,SP,26,26,40,8124.40,25,4.00,8.08,15.38,26,4.54,7.69,356,0.0614,2,4,1,7,f,Monitor
6c177e38df6d3f34182b1f1d427231bf,curitiba,PR,53,53,54,8112.89,53,1.89,14.38,33.96,53,4.15,13.21,359,0.0614,1,4,3,8,f,Monitor
fcb5ace8bcc92f75707dc0f01a27d269,guarulhos,SP,59,58,70,8009.35,57,3.51,10.74,11.86,58,3.98,13.79,361,0.0606,2,3,3,8,f,Monitor
5656537e588803a555b8eb41f07a944b,brasilia,DF,171,170,185,7931.26,167,5.99,11.13,4.68,171,3.89,18.71,364,0.0600,3,2,4,9,f,Monitor
b18dc380845b24038cfc48006478f099,diadema,SP,43,43,48,7753.96,43,11.63,12.77,4.65,42,4.21,9.52,372,0.0586,4,2,2,8,f,Monitor
ebd2d60905fb58271facef5596b620d3,lencois paulista,SP,82,82,85,7713.02,81,3.70,12.98,4.88,82,4.23,9.76,377,0.0583,2,3,2,7,f,Monitor
3bb548e3cb7f70f28e3f11ee9dce0e59,maringa,PR,46,46,53,7690.02,40,0.00,11.20,8.70,46,4.20,13.04,378,0.0582,1,3,3,7,f,Monitor
062ce95fa2ad4dfaedfc79260130565f,lajeado,RS,54,54,59,7479.10,54,3.70,13.56,20.37,54,4.09,9.26,393,0.0566,2,4,2,8,f,Monitor
a420f60ff1aa9acc80d0e42959f2b313,sao paulo,SP,67,67,69,7443.30,65,7.69,11.66,0.00,65,3.95,15.38,395,0.0563,3,1,3,7,f,Monitor
7a241947449cc45dbfda4f9d0798d9d0,jacutinga,MG,56,56,66,7434.66,55,7.27,13.27,23.21,55,4.15,10.91,396,0.0562,3,4,2,9,f,Monitor
18a349e75d307f4b4cc646a691ed4216,sao paulo,SP,109,108,128,7425.21,108,5.56,11.11,4.59,108,3.60,26.85,398,0.0562,3,2,4,9,f,Monitor
a2e874074c877c5a05abae80ad6e488f,sao jose do rio preto,SP,40,40,42,7355.00,40,5.00,19.20,15.00,40,4.25,7.50,404,0.0556,2,4,1,7,f,Monitor
8648b1e89e9b349e32d3741b30ec737e,jacarei,SP,93,91,100,7228.75,92,9.78,9.01,2.15,93,4.16,13.98,411,0.0547,4,2,3,9,f,Monitor
dbb9b48c841a0e39e21f98e1a6b2ec3e,sao paulo,SP,108,108,118,7186.85,107,3.74,9.84,5.56,108,4.27,11.11,416,0.0544,2,3,2,7,f,Monitor
d13e50eaa47b4cbe9eb81465865d8cfc,santo andre,SP,66,66,68,7073.05,64,9.38,5.05,13.64,66,4.82,3.03,421,0.0535,4,4,1,9,f,Monitor
40d54b51e962dbe09cabbcfd33298dee,santo andre,SP,30,30,31,6785.56,28,0.00,7.50,6.67,30,4.00,20.00,437,0.0513,1,3,4,8,f,Monitor
ececbfcff9804a2d6b40f589df8eef2b,franca,SP,97,96,103,6714.15,95,9.47,13.16,1.03,97,4.11,13.40,446,0.0508,4,1,3,8,f,Monitor
fa1a9dec3a9940c072684a46728bf1fc,icara,SC,55,55,60,6674.00,55,0.00,14.33,36.36,54,4.11,12.96,447,0.0505,1,4,3,8,f,Monitor
5670f4db5b62c43d542e1b2d56b0cf7c,sao paulo,SP,22,22,22,6630.09,20,5.00,9.05,18.18,22,4.41,9.09,451,0.0501,2,4,2,8,f,Monitor
609e1a9a6c2539919b8205cf7c4e6ff0,brusque,SC,87,87,130,6595.23,82,1.22,10.28,9.20,85,3.81,21.18,453,0.0499,1,3,4,8,f,Monitor
aac29b1b99776be73c3049939652091d,uberlandia,MG,94,94,131,6563.66,93,8.60,14.76,6.38,93,4.17,9.68,455,0.0496,3,3,2,8,f,Monitor
5d0363b33554b373851fc1622e4d5f3c,atibaia,SP,93,93,94,6548.79,93,8.60,12.37,9.68,93,4.08,11.83,456,0.0495,3,3,3,9,f,Monitor
11305281b50fff20ae8bb473f8e11876,uba,MG,35,35,40,6528.70,35,11.43,13.57,5.71,35,4.31,8.57,457,0.0494,4,3,2,9,f,Monitor
751bdc4d83a466c7206cd42e8f426b03,ribeirao pires,SP,51,51,68,6520.96,51,1.96,10.76,7.84,49,3.94,22.45,458,0.0493,1,3,4,8,f,Monitor
e5e33c0d8e7e002f398f5dc4cbbb338f,bauru,SP,26,26,27,6494.90,26,7.69,12.15,7.69,26,4.58,3.85,460,0.0491,3,3,1,7,f,Monitor
92eb0f42c21942b6552362b9b114707d,sao paulo,SP,334,332,358,6416.41,333,4.80,13.72,26.65,332,4.02,14.16,464,0.0485,2,4,3,9,f,Monitor
7dc8c42cc750eeafea6c85712ffee9bf,sao paulo,SP,41,41,50,6409.68,40,5.00,9.15,14.63,41,4.20,12.20,465,0.0485,2,4,3,9,f,Monitor
4b5f66b7adcf57f1ecc0d3c07dd6b177,vendas@creditparts.com.br,PR,23,22,38,6381.78,23,4.35,14.13,26.09,22,4.09,13.64,469,0.0483,2,4,3,9,f,Monitor
ea67327e24487bdfac5fbfa37ea124df,ibitinga,SP,32,31,34,6250.18,30,3.33,8.87,3.13,32,3.53,25.00,477,0.0473,2,2,4,8,f,Monitor
dfc5fb7259bb2b599ca565e6e9448f0f,sao bernardo do campo,SP,33,33,34,6124.63,33,3.03,13.24,12.12,33,4.12,9.09,482,0.0463,1,4,2,7,f,Monitor
8a32e327fe2c1b3511609d81aaf9f042,sao paulo,SP,126,124,169,6101.12,126,3.17,8.87,3.17,125,3.94,16.00,483,0.0461,2,2,3,7,f,Monitor
f12ff17ad8bbf01ec5c33b17e506649b,sao paulo,SP,28,28,28,6101.00,28,10.71,13.82,3.57,28,3.86,14.29,484,0.0461,4,2,3,9,f,Monitor
2c9e548be18521d1c43cde1c582c6de8,mogi das cruzes,SP,124,123,171,6013.56,123,15.45,13.72,2.42,122,4.13,13.11,489,0.0455,4,2,3,9,f,Monitor
ba143b05f0110f0dc71ad71b4466ce92,sao paulo,SP,83,82,84,5998.70,79,12.66,10.49,7.23,83,4.46,8.43,490,0.0454,4,3,2,9,f,Monitor
37515688008a7a40ac93e3b2e4ab203f,dracena,SP,227,227,239,5954.10,226,7.96,15.15,35.24,225,4.10,10.22,494,0.0450,3,4,2,9,f,Monitor
26d8a1c7c75d513045798992ead43aa2,apucarana,PR,34,34,36,5937.13,34,8.82,12.65,11.76,34,4.41,8.82,495,0.0449,3,3,2,8,f,Monitor
6a8b085f816a1f75f92dbac6eb545f8f,bebedouro,SP,125,124,133,5884.17,122,7.38,14.67,2.40,125,4.17,9.60,497,0.0445,3,2,2,7,f,Monitor
0691148aee60ca47977c187804f935ae,londrina,PR,47,47,53,5868.51,46,2.17,12.00,6.38,47,4.18,14.89,498,0.0444,1,3,3,7,f,Monitor
e8b4225284fbb02d16f200513f1f395d,novo horizonte,SP,30,30,30,5638.62,29,10.34,10.24,3.33,30,4.30,3.33,511,0.0426,4,2,1,7,f,Monitor
94e93ce877be27a515118dbfd2c2be41,votuporanga,SP,29,28,34,5436.58,29,0.00,13.72,6.90,28,4.04,14.29,518,0.0411,1,3,3,7,f,Monitor
575df70bde3f9f2b30bf8d2e9910d725,sao jose do rio preto,SP,27,27,34,5410.05,27,3.70,13.41,25.93,27,4.07,14.81,519,0.0409,2,4,3,9,f,Monitor
3ade81dab5a172b88e1871c28ae05260,sao jose do rio preto,SP,28,28,30,5383.60,28,10.71,14.11,3.57,27,4.19,14.81,523,0.0407,4,2,3,9,f,Monitor
23c38debaffe4a25a30fdbd9b586a13f,votorantim,SP,41,41,46,5382.18,41,12.20,11.46,4.88,41,4.32,2.44,524,0.0407,4,3,1,8,f,Monitor
83deb69e889cf80f82be1dc6d5f2d486,florianopolis,SC,40,40,42,5363.01,40,5.00,15.95,22.50,40,4.33,15.00,525,0.0406,2,4,3,9,f,Monitor
b6d44737c043328708f6749c2dbe50bd,santo andre,SP,61,59,79,5284.60,60,6.67,8.20,1.64,61,4.52,8.20,531,0.0400,3,2,2,7,f,Monitor
4917cee8d902e13428c3ec4b1ca6f315,blumenau,SC,31,31,31,5103.90,31,3.23,18.06,19.35,31,4.16,12.90,545,0.0386,2,4,3,9,f,Monitor
45ba18c210d42734ec52c0c1c574e9ee,sao roque,SP,35,35,38,5099.44,30,6.67,7.50,0.00,35,4.11,14.29,546,0.0386,3,1,3,7,f,Monitor
b39d7fe263ef469605dbb32608aee0af,ibitinga,SP,43,43,48,5063.20,43,4.65,13.16,4.65,42,3.93,14.29,547,0.0383,2,2,3,7,f,Monitor
0cbcee27c791afa0cdcb08587a2013a8,tres coracoes,MG,37,37,39,5054.15,37,10.81,12.73,2.70,37,4.00,13.51,549,0.0382,4,2,3,9,f,Monitor
e067ad2c1c0b48758eb1b5228bcf7a68,santos,SP,54,54,61,5042.55,54,7.41,14.87,33.33,54,4.15,11.11,550,0.0381,3,4,2,9,f,Monitor
afe0067131b73e40875c9b6c10bd2e21,lagoa da prata,MG,45,45,45,5040.50,45,4.44,15.42,20.00,44,4.27,9.09,551,0.0381,2,4,2,8,f,Monitor
3df020b72d3d44b3af9d110fa3940b65,jales,SP,55,53,101,5039.90,54,9.26,13.41,1.82,55,4.05,14.55,552,0.0381,4,2,3,9,f,Monitor
9674754b5a0cb32b638cec001178f799,sao paulo,SP,84,80,95,4941.73,82,2.44,8.37,5.95,84,4.11,15.48,559,0.0374,1,3,3,7,f,Monitor
3ab971ce71839580d2ae5b4e40fe8044,sao paulo,SP,35,35,37,4917.00,34,5.88,6.91,2.86,34,3.91,20.59,562,0.0372,3,2,4,9,f,Monitor
1bb2bdb95f4841f1bba2c0d2cd83d3c9,sao paulo,SP,79,78,83,4905.76,79,6.33,12.35,20.25,78,4.63,3.85,564,0.0371,3,4,1,8,f,Monitor
f789d2c4f2c2eb38fc4373e7a4b35264,juiz de fora,MG,44,43,49,4864.24,43,4.65,11.05,2.27,44,4.16,13.64,565,0.0368,2,2,3,7,f,Monitor
0d85bbda9889ce1f7e63778d24f346eb,uberlandia,MG,51,51,58,4845.20,51,11.76,15.69,1.96,50,4.20,12.00,566,0.0366,4,2,3,9,f,Monitor
f7496d659ca9fdaf323c0aae84176632,sao paulo,SP,25,25,26,4837.67,24,4.17,12.58,16.00,25,4.56,8.00,567,0.0366,2,4,2,8,f,Monitor
1336efc61c316ddf92c899eb817f7cae,assis,SP,74,73,85,4837.31,74,8.11,11.74,5.41,74,4.00,14.86,568,0.0366,3,3,3,9,f,Monitor
2a7dc43cecabf23403078e2188437d1d,sao paulo,SP,52,52,54,4795.91,51,5.88,13.00,13.46,52,4.10,11.54,574,0.0363,3,4,2,9,f,Monitor
ad420dd0c4f92f8af951ac24b86d0cf5,fronteira,MG,42,39,46,4705.29,41,7.32,15.17,4.76,40,4.13,15.00,582,0.0356,3,3,3,9,f,Monitor
0176f73cc1195f367f7b32db1e5b3aa8,ibitinga,SP,37,37,38,4643.20,36,11.11,13.39,0.00,37,4.11,16.22,589,0.0351,4,1,3,8,f,Monitor
ef990a83bbea832f36ebe81376335aa8,joinville,SC,43,43,44,4642.59,43,20.93,16.98,0.00,43,3.63,25.58,590,0.0351,4,1,4,9,f,Monitor
06579cb253ecd5a3a12a9e6eb6bf8f47,sao paulo - sp,SP,61,59,70,4587.40,61,6.56,9.87,4.92,61,4.13,14.75,594,0.0347,3,3,3,9,f,Monitor
4c498c7345e89aebad651544829beca0,carapicuiba,SP,47,46,47,4570.27,45,11.11,11.02,8.51,47,4.28,8.51,596,0.0346,4,3,2,9,f,Monitor
45d33f715e24d15a6ccf5c17b3a23e3c,sorocaba,SP,56,56,58,4518.49,56,5.36,11.48,21.43,56,4.14,10.71,603,0.0342,3,4,2,9,f,Monitor
b561927807645834b59ef0d16ba55a24,sao paulo,SP,85,85,95,4501.99,85,14.12,12.53,9.41,85,4.34,9.41,605,0.0341,4,3,2,9,f,Monitor
b4a476fbd28de64b1e347abf9089366a,itapevi,SP,30,29,35,4479.04,30,6.67,12.70,6.67,29,4.14,10.34,607,0.0339,3,3,2,8,f,Monitor
d379f449f2a3b271bc01c0782020f705,divinopolis,MG,28,28,29,4423.06,28,3.57,13.25,0.00,28,3.89,21.43,612,0.0335,2,1,4,7,f,Monitor
15aac934c58d886785ac1b17953ea898,muqui,ES,25,25,26,4353.90,25,12.00,14.20,4.00,25,4.24,8.00,617,0.0329,4,2,2,8,f,Monitor
eed78ac17f7f795a19a709745f00cd4e,botucatu,SP,22,20,56,4349.50,22,0.00,9.91,4.55,22,3.77,22.73,618,0.0329,1,2,4,7,f,Monitor
3c03b12bab54d8b37d79d914bfdb1aa0,sao joao de meriti,RJ,37,37,43,4236.34,37,16.22,13.51,0.00,36,3.83,19.44,629,0.0320,4,1,4,9,f,Monitor
8a130737016f838139d31878787a39c9,sao paulo,SP,56,56,62,4222.03,54,7.41,10.20,5.36,56,4.45,5.36,630,0.0319,3,3,1,7,f,Monitor
6fc26fe110feebd80a433e1f012a84f9,fernandopolis,SP,35,33,72,4150.87,35,11.43,12.80,2.86,34,3.91,14.71,640,0.0314,4,2,3,9,f,Monitor
e883aa812c37a7413226856f4579fe91,itapevi,SP,26,26,29,4097.10,25,4.00,9.92,15.38,26,4.15,11.54,646,0.0310,2,4,2,8,f,Monitor
42b729f859728f5079499127a9c2ef37,sao paulo,SP,103,101,131,4096.96,100,8.00,7.85,10.68,102,4.48,6.86,648,0.0310,3,3,1,7,f,Monitor
382229d1e840115ffe3dbf5ff460e417,rio de janeiro,RJ,45,45,48,4037.06,45,6.67,9.20,2.22,45,4.27,11.11,653,0.0305,3,2,2,7,f,Monitor
3c7c4a49ec3c6550809089c6a2ca9370,sao paulo,SP,139,138,158,4002.75,139,5.76,9.48,2.16,139,3.69,27.34,655,0.0303,3,2,4,9,f,Monitor
6ec1a01e866584bb679eb9b098345919,santos,SP,30,30,31,3998.91,30,20.00,13.63,0.00,29,4.24,13.79,657,0.0302,4,1,3,8,f,Monitor
951e8cef368f09bb3f3d03c00ca4702c,ibitinga,SP,62,62,69,3993.31,62,6.45,9.35,1.61,60,4.13,13.33,658,0.0302,3,2,3,8,f,Monitor
ec8879960bd2221d5c32f8e12f7da711,itatiba,SP,35,35,35,3957.50,35,17.14,16.31,0.00,34,4.29,11.76,662,0.0299,4,1,3,8,f,Monitor
81f89e42267213cb94da7ddc301651da,presidente prudente,SP,46,46,52,3955.00,46,0.00,7.37,2.17,46,3.67,21.74,665,0.0299,1,2,4,7,f,Monitor
d673a59aac7a70d8b01e6902bf090a11,ibitinga,SP,79,79,84,3908.94,77,7.79,14.29,1.27,79,3.91,15.19,671,0.0296,3,1,3,7,f,Monitor
3361277dc30b7cccdb0c286b24219756,maringa,PR,29,28,42,3905.05,29,6.90,13.28,6.90,29,4.34,6.90,673,0.0295,3,3,1,7,f,Monitor
14d7985702e72162bbf13b6beb74ab2b,santo andre,SP,37,37,38,3887.00,37,10.81,10.95,5.41,37,4.32,8.11,675,0.0294,4,3,2,9,f,Monitor
6860153b69cc696d5dcfe1cdaaafcf62,capivari,SP,74,74,84,3827.63,73,8.22,10.19,1.35,73,4.10,15.07,683,0.0290,3,1,3,7,f,Monitor
2e13c71026e1a39ba5cc1b86dcb679aa,sao paulo,SP,24,24,28,3793.00,23,4.35,9.91,4.17,24,4.38,12.50,686,0.0287,2,2,3,7,f,Monitor
3f3486b61f45078d4f31ee5e43d8c5bb,sao paulo,SP,39,39,39,3769.73,39,10.26,13.77,5.13,39,4.33,7.69,690,0.0285,4,3,1,8,f,Monitor
edf96ef93ed595084bbcbd9224bd2894,sao paulo,SP,25,25,28,3757.00,25,8.00,13.88,8.00,25,3.88,12.00,696,0.0284,3,3,3,9,f,Monitor
13d058e4eeac2ce8217660b2f8a05812,osasco,SP,22,22,22,3739.78,22,9.09,11.36,9.09,22,4.18,13.64,701,0.0283,3,3,3,9,f,Monitor
822166ed1e47908f7cfb49946d03c726,tres rios,RJ,69,68,108,3714.83,69,1.45,12.68,13.04,68,3.99,19.12,704,0.0281,1,4,4,9,f,Monitor
33ac3e28642ab8bda860a2f693000e78,cotia,SP,34,34,35,3661.03,34,0.00,8.68,5.88,34,4.21,11.76,714,0.0277,1,3,3,7,f,Monitor
8b2492b7ff4468839593fafeed55bad9,sao goncalo,RJ,29,29,45,3660.08,28,7.14,12.64,3.45,29,4.17,13.79,715,0.0277,3,2,3,8,f,Monitor
56642bcb79900e777d68e91915cb4267,sao paulo,SP,48,47,56,3657.64,48,8.33,12.48,10.42,48,4.06,14.58,716,0.0277,3,3,3,9,f,Monitor
7f2617c58d5d06806987308b45654351,sao paulo,SP,22,22,23,3656.80,22,9.09,12.45,0.00,22,3.82,13.64,717,0.0277,3,1,3,7,f,Monitor
5d3bb11474a06bdc23fb9e89f1164ee0,assis,SP,31,31,32,3654.60,31,3.23,9.68,3.23,31,3.90,16.13,718,0.0276,2,2,3,7,f,Monitor
1eade46fba20122dc4aefb379f8c636b,sao paulo,SP,58,55,75,3635.37,55,12.73,12.44,0.00,58,4.43,8.62,723,0.0275,4,1,2,7,f,Monitor
8f119a0aee85c0c8fc534629734e94fd,barueri,SP,75,75,81,3578.88,74,4.05,10.11,12.00,75,4.28,8.00,727,0.0271,2,4,2,8,f,Monitor
602044f2c16190c2c6e45eb35c2e21cb,ibitinga,SP,48,48,55,3559.17,46,17.39,15.15,0.00,47,3.28,34.04,731,0.0269,4,1,4,9,f,Monitor
406822777a0b9eb5c50e442dd4cd3ec5,tatui,SP,44,44,46,3548.09,44,11.36,13.25,2.27,43,4.33,9.30,734,0.0268,4,2,2,8,f,Monitor
96804ea39d96eb908e7c3afdb671bb9e,ibia,MG,37,37,39,3530.75,37,2.70,12.92,10.81,37,4.14,13.51,739,0.0267,1,3,3,7,f,Monitor
3d8fa2f5b647373c8620330c4e077a9f,sao paulo,SP,42,42,47,3501.74,41,2.44,9.12,7.14,41,4.23,12.20,741,0.0265,1,3,3,7,f,Monitor
4559697a8f7e637227c2eeaed843baff,presidente prudente,SP,39,37,39,3486.30,39,7.69,12.87,5.13,39,4.21,12.82,742,0.0264,3,3,3,9,f,Monitor
df560393f3a51e74553ab94004ba5c87,loanda,PR,26,26,27,3429.78,26,7.69,18.54,23.08,26,3.88,7.69,749,0.0259,3,4,1,8,f,Monitor
276677b5d08786d5dce7c2149dcce48b,belo horizonte,MG,31,30,45,3424.20,29,6.90,11.97,3.23,31,4.03,19.35,750,0.0259,3,2,4,9,f,Monitor
827f8f69dfa529c561901c4f2e0f332f,curitiba,PR,91,91,104,3408.39,91,6.59,13.67,34.07,89,4.29,11.24,754,0.0258,3,4,2,9,f,Monitor
994f04b3718c2bab35c2adfa8afecd2a,jaguariuna,SP,47,46,55,3289.80,47,6.38,14.00,23.40,47,4.30,4.26,762,0.0249,3,4,1,8,f,Monitor
643214e62b870443ccbe55ab29a4dccf,sao paulo,SP,65,65,66,3229.23,64,10.94,9.55,9.23,65,4.40,4.62,770,0.0244,4,3,1,8,f,Monitor
4c18691b6037662be2df78a765d98ab5,sao paulo,SP,63,63,67,3195.52,62,6.45,9.19,3.17,63,3.87,17.46,773,0.0242,3,2,4,9,f,Monitor
870d0118f7a9d85960f29ad89d5d989a,pocos de caldas,MG,45,43,61,3157.20,45,4.44,14.42,6.67,45,4.04,8.89,777,0.0239,2,3,2,7,f,Monitor
238fac594e170b59c6d228f5a4f4f1d9,dois corregos,SP,29,29,30,3126.00,28,10.71,11.89,0.00,28,4.00,14.29,783,0.0236,4,1,3,8,f,Monitor
f61c63d13f7cd800549d5acdd390ae72,pilar do sul,SP,26,26,26,3072.30,26,7.69,11.73,11.54,26,4.00,11.54,789,0.0232,3,3,2,8,f,Monitor
aae3bfea055532c57fb453ed3ec80b30,santo andre,SP,48,48,50,3057.92,48,0.00,12.52,8.33,47,3.60,21.28,790,0.0231,1,3,4,8,f,Monitor
55f7a3319d80f7fdf078b8f03e6725fe,osasco,SP,22,21,22,3013.78,22,4.55,6.68,9.09,22,3.77,18.18,797,0.0228,2,3,4,9,f,Monitor
0c7533c71df861ec58ad7ff999ed0e8d,valinhos,SP,61,61,73,2989.30,61,4.92,10.74,14.75,61,4.15,14.75,801,0.0226,2,4,3,9,f,Monitor
8cbac7e12637ed9cffa18c7875207478,jaragua do sul,SC,66,66,81,2955.98,65,6.15,14.00,6.06,66,4.17,10.61,806,0.0224,3,3,2,8,f,Monitor
2156f2671501a81034d7d07f217609d0,sp,SP,21,21,21,2909.50,20,15.00,15.65,4.76,21,4.00,14.29,813,0.0220,4,2,3,9,f,Monitor
df56d7b40d437f88407c5f78b63bc328,cascavel,PR,22,22,25,2791.28,22,4.55,12.45,4.55,22,4.09,13.64,828,0.0211,2,2,3,7,f,Monitor
cb3dd9ce66268c7a3ca7241ac70ab58c,sao paulo,SP,48,45,50,2788.32,48,4.17,13.94,6.25,48,4.20,12.50,829,0.0211,2,3,3,8,f,Monitor
f7ccf836d21b2fb1de37564105216cc1,ibitinga,SP,69,69,73,2748.40,67,7.46,11.15,1.45,67,3.85,19.40,838,0.0208,3,2,4,9,f,Monitor
3fd1e727ba94cfe122d165e176ce7967,araraquara,SP,35,35,36,2747.40,35,20.00,15.63,0.00,35,3.94,17.14,839,0.0208,4,1,4,9,f,Monitor
3b872fd4747f01cc56206f2934198618,ibitinga,SP,25,25,27,2726.74,25,16.00,14.36,4.00,25,3.88,16.00,842,0.0206,4,2,3,9,f,Monitor
33576ec5412fb5905d876f12f33bfde6,curitiba,PR,31,31,32,2718.00,31,3.23,14.71,22.58,31,4.10,9.68,844,0.0206,2,4,2,8,f,Monitor
432c37c9dfba871172ec162e20118b8c,brasilia,DF,44,44,55,2679.87,44,9.09,14.57,15.91,44,4.25,11.36,853,0.0203,3,4,2,9,f,Monitor
a17f621c590ea0fab3d5d883e1630ec6,sorocaba,SP,63,62,78,2677.92,62,6.45,11.44,3.17,61,4.16,14.75,854,0.0203,3,2,3,8,f,Monitor
c9aafcd0621b2207c10e32c649cada4d,sao paulo,SP,40,40,47,2671.26,40,7.50,8.70,12.50,40,4.33,10.00,855,0.0202,3,4,2,9,f,Monitor
8d79c8a04e42d722a75097ce5cbcf2ef,caucaia,CE,26,23,27,2627.82,26,7.69,19.19,7.69,26,4.58,7.69,864,0.0199,3,3,1,7,f,Monitor
e99e927c81e3f51739c94fcdfca9f10f,uberlandia,MG,21,21,24,2597.85,21,4.76,14.48,4.76,21,3.71,19.05,868,0.0196,2,3,4,9,f,Monitor
244c2f1bff6afe1f2eaf9bfe9b2aed38,mogi das cruzes,SP,23,22,27,2580.00,23,8.70,13.83,0.00,23,3.78,17.39,872,0.0195,3,1,4,8,f,Monitor
1ce3ae5a399804d1a87e706f8a813c3e,jaguaruna,SC,40,40,44,2563.00,39,7.69,14.56,2.50,40,3.75,20.00,876,0.0194,3,2,4,9,f,Monitor
cd06602b43d8800bd0afad514919d35c,sao paulo,SP,43,43,52,2555.31,42,4.76,12.83,9.30,43,3.74,25.58,877,0.0193,2,3,4,9,f,Monitor
b335c59ab742f751a85db9c411a86739,araguari,MG,30,30,31,2494.11,30,3.33,16.07,26.67,30,4.03,6.67,883,0.0189,2,4,1,7,f,Monitor
cce6ab8d1682639fe45ab70234f1665f,curitiba,SP,61,61,64,2442.70,61,3.28,15.28,13.11,61,4.51,4.92,892,0.0185,2,4,1,7,f,Monitor
82bd0703a4aefd6b599e5bfdaed378fb,marilia,SP,20,20,23,2394.28,20,5.00,11.65,10.00,20,4.00,20.00,901,0.0181,2,3,4,9,f,Monitor
323ce52b5b81df2cd804b017b7f09aa7,sao paulo,SP,29,29,29,2374.30,29,13.79,17.03,34.48,28,4.43,7.14,908,0.0180,4,4,1,9,f,Monitor
d3f39f05462b79a4562d35893a28f159,mococa,SP,33,33,37,2363.40,33,12.12,11.85,0.00,33,3.61,33.33,910,0.0179,4,1,4,9,f,Monitor
fd386aa7bed2af3c7035c65506c9b4a3,sao paulo,SP,69,69,76,2304.15,66,10.61,8.48,4.35,69,4.35,14.49,921,0.0174,4,2,3,9,f,Monitor
b83cedfb587e7911540e3f576d6917ce,sao paulo,SP,24,24,25,2224.95,24,4.17,10.00,4.17,24,4.21,12.50,935,0.0168,2,2,3,7,f,Monitor
77a515caa36327151d1cc6c32a9f00e1,diadema,SP,26,26,26,2217.39,24,12.50,10.88,7.69,26,4.42,7.69,939,0.0168,4,3,1,8,f,Monitor
14a08204d03bb6b6bde8029f801ae0eb,sao paulo,SP,28,28,38,2185.40,27,0.00,8.63,7.14,28,3.89,17.86,942,0.0165,1,3,4,8,f,Monitor
b74d1c09cb380e1d03a6f859c6f4224b,rio de janeiro,RJ,30,30,38,2174.61,30,13.33,10.77,0.00,30,4.30,10.00,946,0.0164,4,1,2,7,f,Monitor
4992e76a42cb3aad7a7047e0d3d7e729,sao paulo,SP,56,56,73,2171.20,53,5.66,7.25,3.57,56,3.96,16.07,947,0.0164,3,2,3,8,f,Monitor
0ffa40d54288e4f3499b8780dd0f144f,presidente prudente,SP,33,33,35,2162.80,33,12.12,13.39,0.00,33,4.48,9.09,950,0.0164,4,1,2,7,f,Monitor
f214d28e8d8e3ef068748498ccc2f813,sao paulo,SP,52,52,57,2152.43,52,7.69,10.44,7.69,51,4.27,9.80,953,0.0163,3,3,2,8,f,Monitor
b56906f7fd1696e043f1bcce164c487b,echapora,SP,40,40,42,2148.49,39,5.13,12.95,10.00,40,4.00,20.00,956,0.0163,2,3,4,9,f,Monitor
e38db885400cd35c71dfd162f2c1dbcf,brasilia,DF,30,30,32,2066.80,30,10.00,12.70,10.00,30,4.47,6.67,975,0.0156,4,3,1,8,f,Monitor
f615fe7efbef0f4f08fd3086bc7a3e60,atibaia,SP,22,22,23,2061.37,21,9.52,7.67,0.00,22,4.50,13.64,978,0.0156,4,1,3,8,f,Monitor
78c99c6dff4eeae5be99bf635ed21e3f,marilia,SP,31,31,39,2030.88,31,6.45,13.42,9.68,31,4.42,9.68,985,0.0154,3,3,2,8,f,Monitor
0ed6ce5d87fd9c69eaacaeb778d67235,americana,SP,42,42,42,2026.52,42,14.29,15.93,23.81,41,4.39,4.88,987,0.0153,4,4,1,9,f,Monitor
daeb5653dd96c1b11860f72209795012,belo horizonte,MG,38,38,39,1864.10,37,8.11,11.68,5.26,38,4.25,10.53,1019,0.0141,3,3,2,8,f,Monitor
272f092de69afedd4d2969440b37f18f,sao paulo,SP,25,22,39,1846.33,25,0.00,10.16,16.00,24,3.94,20.83,1027,0.0140,1,4,4,9,f,Monitor
a36b125ac6d5fdbc7f50de85c9157bdc,ribeirao preto,SP,23,23,25,1793.65,23,8.70,12.91,4.35,23,3.96,13.04,1043,0.0136,3,2,3,8,f,Monitor
3481aa57cd91f9f9d3fa1fa12d9a3bf7,capivari,SP,25,24,25,1773.03,25,0.00,10.20,52.00,25,3.88,20.00,1048,0.0134,1,4,4,9,f,Monitor
198c7ea11960a9844b544d9bcdca860c,jacutinga,MG,25,25,25,1733.75,25,8.00,14.56,4.00,25,3.88,24.00,1057,0.0131,3,2,4,9,f,Monitor
1dfe5347016252a7884b694d4f10f5c4,ibitinga,SP,20,20,26,1632.50,20,25.00,18.90,0.00,20,3.40,30.00,1093,0.0123,4,1,4,9,f,Monitor
af3ef48d0e13835e529c29ac573c63e5,araraquara,SP,21,21,21,1405.63,21,4.76,7.95,9.52,21,3.76,23.81,1174,0.0106,2,3,4,9,f,Monitor
542917da124346b47ea1ac79a93ce454,curitiba,PR,20,20,20,1303.90,20,5.00,11.50,10.00,20,4.15,15.00,1222,0.0099,2,3,3,8,f,Monitor
e63e8bfa530fb16910dd6956e592bb81,guarulhos,SP,41,41,42,1282.80,41,4.88,9.24,4.88,41,4.32,9.76,1230,0.0097,2,3,2,7,f,Monitor
57c764b4a836300be881e2ff86e449f9,ribeirao preto,SP,28,28,29,1156.10,28,14.29,15.36,0.00,27,4.22,11.11,1295,0.0087,4,1,2,7,f,Monitor
7c5b05cbdb5542049f38d90d7815b97d,sao paulo,SP,21,21,23,993.97,20,5.00,7.40,9.52,21,4.52,9.52,1383,0.0075,2,3,2,7,f,Monitor
4e06067cc08b3f41d837768d392c3ee3,betim,MG,31,31,46,941.72,29,3.45,10.59,0.00,31,4.13,19.35,1414,0.0071,2,1,4,7,f,Monitor
20cb7c2fde3e5bf10f0bbe7394e1c6a9,andira-pr,PR,31,31,50,845.00,31,9.68,12.42,3.23,31,4.10,12.90,1472,0.0064,4,2,3,9,f,Monitor
28f10b1c5e5abb9d4857745bede6147c,sao paulo,SP,28,28,28,835.00,28,14.29,7.61,0.00,28,4.00,17.86,1483,0.0063,4,1,4,9,f,Monitor
e21a1e8be4715b0fcfd5385643bc49c4,jaguaruna,SC,20,19,23,673.70,20,0.00,16.55,55.00,20,3.70,25.00,1622,0.0051,1,4,4,9,f,Monitor
e6a69c4a27dfdd98ffe5aa757ad744bc,sao paulo,SP,21,21,23,508.51,21,0.00,10.71,14.29,21,4.29,9.52,1766,0.0038,1,4,2,7,f,Monitor
916748bc99315c2d202898ae58b1617e,sorocaba,SP,25,25,32,369.40,25,0.00,10.48,12.00,25,4.28,8.00,1921,0.0028,1,4,2,7,f,Monitor
5c853bb56f70f4d14218944bae111d7a,cotia,SP,23,23,24,263.13,23,0.00,8.65,4.35,23,4.00,21.74,2082,0.0020,1,2,4,7,f,Monitor
7a67c85e85bb2ce8582c35f2203ad736,sao paulo,SP,1145,1140,1155,139658.69,1132,5.21,11.15,2.79,1137,4.27,9.85,8,1.0563,2,2,2,6,t,Stable
955fee9216a65b617aa5c0531780ce60,sao paulo,SP,1261,1256,1472,131836.71,1232,6.25,10.75,0.71,1253,4.20,10.22,10,0.9971,3,1,2,6,t,Stable
a1043bafd471dff536d0c462352beb48,ilicinea,MG,702,698,752,99309.23,683,4.83,13.66,0.71,700,4.28,9.43,18,0.7511,2,1,2,5,t,Stable
edb1ef5e36e0c8cd84eb3c9b003e486d,teresopolis,RJ,165,163,174,79144.90,161,7.45,11.94,0.61,165,4.44,7.27,20,0.5986,3,1,1,5,t,Stable
de722cd6dad950a92b7d4f82673f8833,recife,PE,337,336,377,55126.30,330,3.64,12.70,2.37,336,4.30,9.23,28,0.4169,2,2,2,6,t,Stable
37be5a7c751166fbc5f8ccba4119e043,sao paulo,SP,269,265,278,54735.55,269,2.60,10.57,3.35,266,4.32,9.02,29,0.4140,1,2,2,5,t,Stable
ceaec5548eefc6e23e6607c5435102e7,sao paulo,SP,198,196,206,51478.18,196,5.10,13.04,1.52,195,4.20,11.28,34,0.3894,2,2,2,6,t,Stable
e882b2a25a10b9c057cc49695f222c19,teresopolis,RJ,57,56,58,51057.54,57,0.00,9.54,10.53,57,4.58,5.26,36,0.3862,1,3,1,5,t,Stable
f8db351d8c4c4c22c6835c19a46f01b0,salto,SP,659,657,714,50082.60,647,4.33,9.90,1.97,656,4.27,9.60,38,0.3788,2,2,2,6,t,Stable
966cb4760537b1404caedd472cc610a5,diadema,SP,67,66,67,45928.26,66,3.03,10.05,4.48,67,4.12,11.94,42,0.3474,1,2,3,6,t,Stable
850f4f8af5ea87287ac68de36e29107f,sao paulo,SP,186,186,191,45285.37,184,4.89,10.13,0.00,183,4.30,9.29,45,0.3425,2,1,2,5,t,Stable
ba90964cff9b9e0e6f32b23b82465f7b,guarulhos,SP,38,38,38,44212.50,38,5.26,9.97,0.00,38,4.42,5.26,48,0.3344,2,1,1,4,t,Stable
eeb6de78f79159600292e314a77cbd18,lages,SC,82,81,83,43510.84,80,3.75,12.33,0.00,82,4.44,6.10,49,0.3291,2,1,1,4,t,Stable
c3cfdc648177fdbbbb35635a37472c53,curitiba,PR,278,266,307,43048.18,275,1.45,9.74,1.08,277,4.47,7.58,50,0.3256,1,1,1,3,t,Stable
7299e27ed73d2ad986de7f7c77d919fa,araguari,MG,335,333,358,34107.44,324,3.70,11.35,1.49,335,4.43,6.57,68,0.2580,2,2,1,5,t,Stable
5c243662ce92d84573bfaff24c3e3700,sao paulo,SP,98,98,100,32862.02,98,1.02,10.95,5.10,97,4.14,10.31,71,0.2486,1,3,2,6,t,Stable
dbc22125167c298ef99da25668e1011f,borda da mata,MG,394,393,417,32829.12,383,2.35,11.48,1.27,393,4.32,7.63,72,0.2483,1,1,1,3,t,Stable
70eea00b476a314817cefde4aad4f89a,itatiba,SP,106,105,112,31424.75,104,6.73,13.45,3.77,105,4.41,6.67,76,0.2377,3,2,1,6,t,Stable
0241d4d5d36f10f80c644447315af0bd,curitiba,PR,238,235,246,31397.70,233,4.72,11.09,3.78,237,4.35,10.55,77,0.2375,2,2,2,6,t,Stable
87142160b41353c4e5fca2360caf6f92,porto alegre,RS,305,302,339,31095.98,300,4.00,10.92,7.21,304,4.41,6.25,80,0.2352,2,3,1,6,t,Stable
d23019c84ffae2d5ef2270367b8605fc,londrina,PR,39,39,39,29205.10,39,2.56,11.21,2.56,39,4.41,5.13,85,0.2209,1,2,1,4,t,Stable
12b9676b00f60f3b700e83af21824c0e,montenegro,RS,133,133,133,26376.00,133,0.75,15.02,0.75,132,4.54,3.79,92,0.1995,1,1,1,3,t,Stable
a3a38f4affed601eb87a97788c949667,joinville,SC,251,249,260,26294.62,247,4.45,12.56,1.20,249,4.40,8.03,93,0.1989,2,1,2,5,t,Stable
9f505651f4a6abe901a56cdc21508025,sao paulo,SP,393,390,426,25912.84,378,4.23,8.08,0.51,390,4.37,9.49,96,0.1960,2,1,2,5,t,Stable
b94cc9f10ddc85e4ba73a6f7974e7101,macae,RJ,39,39,39,25346.10,39,5.13,10.46,0.00,37,4.30,13.51,98,0.1917,2,1,3,6,t,Stable
c003204e1ab016dfa150abc119207b24,cajamar,SP,195,195,200,24904.29,190,5.26,9.63,1.03,195,4.47,4.62,100,0.1884,2,1,1,4,t,Stable
2b3e4a2a3ea8e01938cabda2a3e5cc79,sao paulo,SP,52,52,54,23629.15,50,0.00,8.86,7.69,52,4.37,7.69,107,0.1787,1,3,1,5,f,Stable
612170e34b97004b3ba37eae81836b4c,novo hamburgo,RS,107,107,110,23065.02,106,0.94,10.88,2.80,107,4.43,7.48,109,0.1745,1,2,1,4,f,Stable
744dac408745240a2c2528fb1b6028f3,colombo,PR,78,78,83,22322.60,77,1.30,11.05,3.85,78,4.58,3.85,113,0.1688,1,2,1,4,f,Stable
05ff92fedb5be47920fea08e501238b9,santo angelo,RS,57,56,60,21235.98,56,3.57,12.45,1.75,57,4.32,5.26,121,0.1606,2,2,1,5,f,Stable
00ee68308b45bc5e2660cd833c3f81cc,sao paulo,SP,135,134,172,20260.00,130,6.92,9.64,0.74,134,4.30,11.19,125,0.1532,3,1,2,6,f,Stable
48162d548f5b1b11b9d29d1e01f75a61,piracicaba,SP,66,64,89,20109.39,66,1.52,11.59,0.00,66,3.98,16.67,126,0.1521,1,1,4,6,f,Stable
bfd27a966d91cfaafdb25d076585f0da,serra negra,SP,114,114,115,19225.00,113,5.31,12.46,0.88,113,4.32,10.62,129,0.1454,3,1,2,6,f,Stable
d650b663c3b5f6fb392b6326366efa9a,cotia,SP,57,56,57,18335.90,56,5.36,9.86,0.00,57,4.37,7.02,135,0.1387,3,1,1,5,f,Stable
9de4643a8dbde634fe55621059d92273,joinville,SC,72,72,81,17560.34,72,2.78,14.61,5.56,72,4.53,5.56,140,0.1328,1,3,1,5,f,Stable
1e8b33f18b4f7598d87f5cbee2282cc2,sao paulo,SP,122,122,139,17233.56,114,3.51,7.67,2.46,120,4.40,10.83,145,0.1303,2,2,2,6,f,Stable
8ae520247981aa06bc94abddf5f46d34,navegantes,SC,65,65,65,16320.99,61,0.00,11.21,0.00,65,4.45,9.23,151,0.1234,1,1,2,4,f,Stable
1f1bb1f0859883505541bdd6606193e5,sao paulo,SP,27,27,29,16040.84,27,11.11,13.78,0.00,27,4.33,7.41,155,0.1213,4,1,1,6,f,Stable
86ccac0b835037332a596a33b6949ee1,blumenau,SC,178,177,208,15894.34,177,2.26,12.00,2.25,177,4.23,11.86,158,0.1202,1,2,3,6,f,Stable
d921b68bf747894be13a97ae52b0f386,formiga,MG,77,77,77,15645.80,73,1.37,9.79,2.60,77,4.56,5.19,160,0.1183,1,2,1,4,f,Stable
6061155addc1e54b4cfb51c1c2a32ad8,campinas,SP,28,27,33,15633.40,28,3.57,5.71,0.00,28,4.64,3.57,161,0.1182,2,1,1,4,f,Stable
2a5b78b41cd05baeac8df54c6606b92c,formiga,MG,46,44,56,15554.28,46,2.17,8.96,2.17,46,4.54,4.35,163,0.1176,1,2,1,4,f,Stable
229c3efbfb0ea2058de4ccdfbc3d784a,belo horizonte,MG,118,117,145,15479.00,117,1.71,10.75,0.85,117,3.62,25.64,165,0.1171,1,1,4,6,f,Stable
f9244d45189d3a3605499abddeade7d5,sao paulo,SP,20,20,20,15081.44,20,0.00,15.15,5.00,20,4.35,5.00,170,0.1141,1,3,1,5,f,Stable
2a84855fd20af891be03bc5924d2b453,belo horizonte,MG,155,154,159,14989.00,142,2.82,8.82,3.23,154,4.38,7.79,172,0.1134,1,2,2,5,f,Stable
01fdefa7697d26ad920e9e0346d4bd1b,londrina,PR,128,128,130,14802.53,127,5.51,10.62,0.00,127,4.38,5.51,173,0.1120,3,1,1,5,f,Stable
080199a181c46c657dc5aa235411be3b,osasco,SP,79,79,83,14504.20,77,1.30,8.03,2.53,78,4.62,1.28,175,0.1097,1,2,1,4,f,Stable
a5cba26a62b8b4d0145b68b841e62e7f,campo mourao,PR,53,53,54,14438.84,52,1.92,13.08,13.21,53,4.57,3.77,177,0.1092,1,4,1,6,f,Stable
1b4c3a6f53068f0b6944d2d005c9fc89,sao ludgero,SC,111,111,115,14420.50,108,4.63,14.64,0.90,110,4.25,10.00,178,0.1091,2,1,2,5,f,Stable
5cf13accae3222c70a9cac40818ae839,patos de minas,MG,148,148,155,14293.30,147,2.04,10.59,0.68,147,4.48,7.48,179,0.1081,1,1,1,3,f,Stable
b8bc237ba3788b23da09c0f1f3a3288c,itajai,SC,45,45,47,13685.71,45,2.22,11.58,2.22,44,4.32,6.82,187,0.1035,1,2,1,4,f,Stable
d94a40fd42351c259927028d163af842,baependi,MG,100,99,109,13674.80,98,3.06,14.03,7.00,98,4.21,10.20,188,0.1034,1,3,2,6,f,Stable
34d1ca11b242c0fee2c834ae8d788566,congonhas,MG,40,40,41,13422.24,39,0.00,13.21,2.50,39,4.33,5.13,194,0.1015,1,2,1,4,f,Stable
289cdb325fb7e7f891c38608bf9e0962,belo horizonte,SP,109,108,125,13410.55,104,1.92,6.63,0.92,109,4.59,5.50,195,0.1014,1,1,1,3,f,Stable
240b9776d844d37535668549a396af32,niteroi,RJ,35,35,35,13332.09,35,2.86,11.34,11.43,35,4.34,8.57,198,0.1008,1,3,2,6,f,Stable
8cc6a0e5738e61a87b03c78b2ba9db4b,andradas,MG,23,23,24,13272.70,23,8.70,16.96,0.00,23,4.48,4.35,200,0.1004,3,1,1,5,f,Stable
d50d79cb34e38265a8649c383dcffd48,sao paulo,SP,70,69,70,13012.42,69,4.35,13.29,2.86,69,4.25,8.70,206,0.0984,2,2,2,6,f,Stable
6edacfd9f9074789dad6d62ba7950b9c,guarulhos,SP,205,205,216,12966.40,201,4.48,9.15,2.93,205,4.39,8.29,209,0.0981,2,2,2,6,f,Stable
00fc707aaaad2d31347cf883cd2dfe10,maringa,PR,103,102,135,12684.90,103,3.88,15.05,0.00,102,4.06,15.69,214,0.0959,2,1,3,6,f,Stable
530ec6109d11eaaf87999465c6afee01,cascavel,PR,94,93,101,12682.11,90,1.11,10.98,6.38,94,4.34,8.51,215,0.0959,1,3,2,6,f,Stable
b372ee768ed69e46ca8cdbd267aa7a38,sao jose do rio preto,SP,63,57,69,12630.00,61,0.00,12.36,0.00,63,4.44,9.52,218,0.0955,1,1,2,4,f,Stable
ac3508719a1d8f5b7614b798f70af136,canoas,RS,101,101,101,12446.14,101,1.98,9.35,0.99,100,4.64,3.00,222,0.0941,1,1,1,3,f,Stable
d6b1ce66b035a475f00c017792ff9769,salto,SP,92,92,108,12277.40,91,5.49,10.18,3.26,90,4.28,7.78,224,0.0929,3,2,1,6,f,Stable
6e386f64c84e482f0b9abf960797ee1b,sao paulo,SP,29,29,29,12209.30,28,7.14,10.57,0.00,28,4.61,3.57,226,0.0923,3,1,1,5,f,Stable
c66dccfb3f109511246da627dd5a2498,registro,SP,44,44,44,12182.55,43,4.65,11.12,2.27,44,4.57,6.82,228,0.0921,2,2,1,5,f,Stable
72c5da29406b4234927b81855e7b64f6,guarulhos,SP,31,31,31,11798.69,27,3.70,10.93,0.00,31,4.13,12.90,244,0.0892,2,1,3,6,f,Stable
e26901d5ab434ce92fd9b5c256820a4e,maua,SP,197,197,215,11601.50,197,1.52,9.31,2.03,197,4.20,10.15,249,0.0877,1,2,2,5,f,Stable
25e6ffe976bd75618accfe16cefcbd0d,sao paulo,SP,106,106,115,11552.62,105,2.86,10.12,5.66,106,4.44,7.55,250,0.0874,1,3,1,5,f,Stable
d1b65fc7debc3361ea86b5f14c68d2e2,mogi guacu,SP,39,39,40,11413.17,39,2.56,9.15,5.13,39,4.64,2.56,252,0.0863,1,3,1,5,f,Stable
6cd68b3ed6d59aaa9fece558ad360c0a,belo horizonte,MG,149,149,157,11188.57,149,1.34,10.48,0.00,149,4.46,3.36,258,0.0846,1,1,1,3,f,Stable
cab85505710c7cb9b720bceb52b01cee,sao paulo,SP,201,199,204,11124.60,201,1.99,10.03,11.44,200,4.33,6.50,259,0.0841,1,3,1,5,f,Stable
80e6699fe29150b372a0c8a1ebf7dcc8,pinhais,PR,96,96,98,11119.66,96,3.13,11.54,3.13,95,4.34,8.42,260,0.0841,2,2,2,6,f,Stable
95e03ca3d4146e4011985981aeb959b9,rio de janeiro,RJ,172,171,190,10865.16,169,3.55,12.49,0.00,170,4.03,13.53,264,0.0822,2,1,3,6,f,Stable
7ea5bfa6c340f58f8e71fc1f0412b0d6,belo horizonte,MG,96,96,102,10838.41,95,6.32,13.02,1.04,95,4.19,9.47,265,0.0820,3,1,2,6,f,Stable
0ea22c1cfbdc755f86b9b54b39c16043,sete lagoas,MG,234,219,265,10592.10,230,0.87,11.05,2.14,231,4.41,6.06,271,0.0801,1,2,1,4,f,Stable
c864036feaab8c1659f65ea4faebe1da,campo largo,PR,58,58,58,10454.20,58,3.45,12.26,0.00,58,4.57,5.17,272,0.0791,2,1,1,4,f,Stable
33a6f4b1e7cdc205511e76ba1b6e0186,guarulhos,SP,105,104,126,10295.01,100,2.00,8.60,1.90,105,4.41,8.57,276,0.0779,1,2,2,5,f,Stable
0df3984f9dfb3d49ac6366acbd3bbb85,betim,MG,86,84,88,9891.49,86,1.16,9.48,2.33,86,4.38,9.30,284,0.0748,1,2,2,5,f,Stable
9d4db00d65d7760644ac0c14edb5fd86,sorocaba,SP,97,97,99,9845.71,90,4.44,8.33,1.03,96,4.54,4.17,285,0.0745,2,1,1,4,f,Stable
f3b80352b986ab4d1057a4b724be19d0,brasilia,DF,86,85,91,9815.10,84,0.00,10.44,1.16,86,4.21,11.63,288,0.0742,1,1,3,5,f,Stable
bd23da7354813347129d751591d1a6e2,sao paulo,SP,86,86,87,9704.60,85,2.35,9.88,3.49,85,4.12,15.29,290,0.0734,1,2,3,6,f,Stable
4830e40640734fc1c52cd21127c341d4,sao paulo,SP,204,204,212,9490.50,203,4.93,9.92,2.45,204,4.23,10.29,298,0.0718,2,2,2,6,f,Stable
ce27a3cc3c8cc1ea79d11e561e9bebb6,sao paulo,SP,122,122,151,9465.45,118,1.69,10.03,3.28,117,4.19,11.11,300,0.0716,1,2,2,5,f,Stable
aaed1309374718fdd995ee4c58c9dfcd,timbo,SC,104,102,111,9345.45,104,2.88,12.20,2.88,104,4.06,13.46,306,0.0707,1,2,3,6,f,Stable
81a1104df0f08b59c68aa5b03cfe398e,sao jose dos pinhais,PR,72,72,72,9320.98,72,4.17,12.79,4.17,70,4.31,7.14,308,0.0705,2,2,1,5,f,Stable
7b07b3c7487f0ea825fc6df75abd658b,sao paulo,SP,91,91,96,9259.47,91,4.40,9.57,1.10,91,4.42,9.89,309,0.0700,2,1,2,5,f,Stable
aafe36600ce604f205b86b5084d3d767,sao jose,SC,129,129,131,9251.40,128,3.91,12.48,4.65,129,4.40,9.30,311,0.0700,2,2,2,6,f,Stable
cb8bcce248bb1fb274ba762d8b971456,santa rita do sapucai,MG,66,66,67,9152.40,65,1.54,12.66,1.52,66,4.33,4.55,314,0.0692,1,2,1,4,f,Stable
06df0c10d34e459d9672bc77388742eb,maringa,PR,26,26,30,9070.00,26,3.85,10.08,0.00,26,4.35,7.69,318,0.0686,2,1,1,4,f,Stable
32b8764b4ef628b53608fc34011fcc13,lages,SC,36,36,38,8884.00,32,3.13,11.28,5.56,36,4.19,5.56,327,0.0672,1,3,1,5,f,Stable
6d803cb79cc31c41c4c789a75933b3c7,sao joaquim da barra,SP,58,56,66,8711.40,58,6.90,13.14,0.00,58,4.25,8.62,334,0.0659,3,1,2,6,f,Stable
b1a81260566c1bac3114a6d124413f27,carazinho,RS,51,49,54,8684.69,45,0.00,8.49,0.00,51,4.27,13.73,336,0.0657,1,1,3,5,f,Stable
562fc2f2c2863ab7e79a9e4388a58a14,campinas,SP,255,253,265,8659.25,247,3.24,11.23,2.75,253,4.23,9.88,337,0.0655,2,2,2,6,f,Stable
6c7d50c24b3ccd2fd83b44d8bb34e073,presidente prudente,SP,112,112,126,8445.96,112,1.79,12.18,0.00,111,4.45,6.31,341,0.0639,1,1,1,3,f,Stable
259f7b5e6e482c230e5bfaa670b6bb8f,poa,SP,136,136,162,8393.14,132,1.52,8.81,0.74,135,4.36,9.63,342,0.0635,1,1,2,4,f,Stable
4371b634e0efc0e22b09b52907d9d469,sao paulo,SP,101,100,111,8168.00,99,7.07,11.18,2.97,100,4.48,7.00,348,0.0618,3,2,1,6,f,Stable
33a17d60c64393351ebf1ef860f4e0f2,porto alegre,RS,43,43,47,8152.48,42,2.38,10.55,2.33,43,4.63,2.33,353,0.0617,1,2,1,4,f,Stable
7d456afc660226829370f3173d14520c,mogi das cruzes,SP,55,54,89,8118.25,53,3.77,8.40,1.82,55,4.35,9.09,358,0.0614,2,2,2,6,f,Stable
3078096983cf766a32a06257648502d1,scao jose do rio pardo,SP,56,56,61,7910.84,56,3.57,11.88,1.79,56,4.30,10.71,365,0.0598,2,2,2,6,f,Stable
750303a20e9c56b2a6bc45cdce0b897d,goiania,GO,53,53,56,7876.00,53,3.77,14.02,1.89,53,4.30,9.43,367,0.0596,2,2,2,6,f,Stable
725c32fa80c2faacc4fc88450d27314e,sao paulo,SP,89,88,93,7838.88,87,1.15,9.49,0.00,87,4.52,2.30,369,0.0593,1,1,1,3,f,Stable
2dee2ce60de9709b1a24083217181a1f,sinop,MT,54,54,55,7784.50,54,1.85,14.07,0.00,54,4.43,5.56,371,0.0589,1,1,1,3,f,Stable
5b925e1d006e9476d738aa200751b73b,sao paulo,SP,63,58,63,7748.50,62,6.45,10.84,0.00,63,4.60,4.76,374,0.0586,3,1,1,5,f,Stable
08633c14ef2db992c11f840f04fad4cd,ribeirao pires,SP,74,72,97,7644.30,71,5.63,10.15,0.00,74,4.36,6.76,380,0.0578,3,1,1,5,f,Stable
73a63f72308aa20a46f4b1632018f196,curitiba,PR,27,26,35,7640.80,26,0.00,11.77,22.22,26,4.19,7.69,381,0.0578,1,4,1,6,f,Stable
9596c870880d900012f2e8e6e30d06d7,varginha,MG,21,21,23,7625.35,21,4.76,13.67,4.76,21,4.29,4.76,384,0.0577,2,3,1,6,f,Stable
0432ead42b6c8a0bdf68154add917fdf,maua,SP,82,82,87,7574.40,82,2.44,8.76,1.22,82,4.54,7.32,385,0.0573,1,1,1,3,f,Stable
42bde9fef835393bb8a8849cb6b7f245,brasilia,DF,34,33,39,7574.00,34,2.94,10.21,2.94,34,4.35,5.88,386,0.0573,1,2,1,4,f,Stable
8a432f4e5b471f8da497d7dc517666e2,presidente prudente,SP,95,95,106,7555.00,82,1.22,7.74,1.05,94,4.19,12.77,387,0.0571,1,1,3,5,f,Stable
058fd0aa2bfdb2274e05e1ae971dabb6,santo andre,SP,60,59,63,7549.90,59,6.78,10.19,0.00,60,4.38,10.00,389,0.0571,3,1,2,6,f,Stable
7008613ea464bad5cb9b83456e1e6a8f,canoinhas,SC,123,123,152,7538.70,123,4.88,14.46,3.25,122,4.28,7.38,390,0.0570,2,2,1,5,f,Stable
640e21a7d01df7614a3b4923e990d40c,ibitinga,SP,115,114,136,7528.89,103,4.85,10.31,3.48,115,4.33,7.83,391,0.0569,2,2,2,6,f,Stable
bd0389da23d89b726abf911cccc54596,brasilia,DF,87,87,90,7472.16,85,7.06,13.72,0.00,87,4.17,11.49,394,0.0565,3,1,2,6,f,Stable
0bae85eb84b9fb3bd773911e89288d54,itajai,SP,136,134,145,7433.56,134,0.75,10.22,0.00,136,4.29,6.62,397,0.0562,1,1,1,3,f,Stable
e0a366315b1b726b6c7832d664c0f530,sao paulo,SP,43,42,51,7400.09,42,2.38,8.02,0.00,43,4.30,13.95,400,0.0560,1,1,3,5,f,Stable
b410bdd36d5db7a65dcd42b7ead933b8,goiania,GO,42,42,42,7368.90,40,0.00,9.13,2.38,42,4.81,0.00,402,0.0557,1,2,1,4,f,Stable
381c83fdca332ea6afd896da20bf6e4a,curitiba,PR,46,46,46,7355.80,46,2.17,12.59,0.00,46,4.39,8.70,403,0.0556,1,1,2,4,f,Stable
b347677812ea483b0f528eaf8cbc09b7,curitiba,PR,21,21,21,7288.99,21,0.00,13.14,4.76,21,4.52,4.76,406,0.0551,1,3,1,5,f,Stable
aced59e9b31ef866a94f9e7f29d8d418,sao paulo,SP,61,60,67,7268.50,61,3.28,9.64,3.28,61,4.43,6.56,408,0.0550,2,2,1,5,f,Stable
e333046ce6517bd8bb510291d44f0130,ipaussu,SP,68,68,74,7268.00,67,4.48,10.16,1.47,68,4.34,8.82,409,0.0550,2,2,2,6,f,Stable
d624126b9206f595fb3fbb6ba03b28a8,curitiba,PR,23,23,28,7198.80,21,4.76,12.00,8.70,22,4.32,0.00,414,0.0544,2,3,1,6,f,Stable
cc63f0dd2acba93ffed4fe9f8e0321fa,sao jose do rio preto,SP,55,54,63,7096.71,55,0.00,8.91,5.45,55,4.09,9.09,417,0.0537,1,3,2,6,f,Stable
febab0275244b9a49a623f0bd613ca2f,pedreira,SP,106,105,126,7094.82,104,3.85,8.67,1.89,106,4.44,7.55,418,0.0537,2,2,1,5,f,Stable
7722b1df1b0e383e000397b2c11e3e19,sao bernardo do campo,SP,133,132,144,7046.60,131,3.05,8.37,2.26,132,4.23,11.36,423,0.0533,1,2,2,5,f,Stable
679769a98cfcc6da877c8486ff1c13f3,ipatinga,MG,21,21,21,7029.00,20,0.00,9.85,0.00,21,4.57,4.76,426,0.0532,1,1,1,3,f,Stable
d98eec89afa3380e14463da2aabaea72,porto alegre,RS,168,165,183,6968.53,166,2.41,8.55,5.36,167,4.34,7.78,429,0.0527,1,3,2,6,f,Stable
d9bd94811c3338dceb4181f3dbc0c73e,sao paulo,SP,54,54,61,6911.02,50,6.00,8.44,1.85,54,4.80,3.70,431,0.0523,3,2,1,6,f,Stable
58f1a6197ed863543e0136bdedb3fce2,conselheiro lafaiete,MG,44,44,45,6833.00,41,2.44,10.37,4.55,44,4.18,13.64,434,0.0517,1,2,3,6,f,Stable
5b67882648febfb6e1225e6ad7164f6b,umuarama,PR,27,27,30,6813.48,26,3.85,12.69,0.00,27,4.00,14.81,435,0.0515,2,1,3,6,f,Stable
3340ef1913fb70d28420f6ceb685c339,maringa,PR,32,31,42,6731.15,32,3.13,16.72,9.38,32,4.38,6.25,441,0.0509,1,3,1,5,f,Stable
1127b7f2594683f2510f1c2c834a486b,campinas,SP,110,110,128,6669.70,110,1.82,9.27,2.73,110,4.19,14.55,448,0.0504,1,2,3,6,f,Stable
b4ffb71f0cb1b1c3d63fad021ecf93e1,sao paulo,SP,143,141,164,6635.69,141,2.13,10.09,1.40,143,4.25,9.79,450,0.0502,1,1,2,4,f,Stable
83e197e95a1bbabc8c75e883ed016c47,mage,RJ,46,46,54,6574.19,46,2.17,10.48,6.52,46,4.80,2.17,454,0.0497,1,3,1,5,f,Stable
282f23a9769b2690c5dda22e316f9941,belo horizonte,MG,98,98,109,6464.28,96,4.17,11.15,6.12,98,4.37,4.08,461,0.0489,2,3,1,6,f,Stable
516e7738bd8f735ac19a010ee5450d8d,rio de janeiro,RJ,74,74,82,6463.19,69,2.90,8.97,0.00,74,4.64,2.70,462,0.0489,1,1,1,3,f,Stable
4c03b9dd4c11ee2cb35c96c49efc9420,campo limpo paulista,SP,48,48,48,6458.60,48,2.08,10.46,0.00,47,4.11,14.89,463,0.0488,1,1,3,5,f,Stable
376a891762bbdecbc02b4b6adec3fdda,goiania,GO,57,57,58,6406.23,57,3.51,12.12,0.00,57,4.67,1.75,466,0.0485,2,1,1,4,f,Stable
02f623a8eb246f3c5f7c2f96462654e6,botucatu,SP,44,44,44,6378.00,42,7.14,8.12,0.00,43,4.56,4.65,470,0.0482,3,1,1,5,f,Stable
57e632711dec9ec14ca7546769483e7e,navegantes,SC,62,62,65,6350.06,61,0.00,10.89,0.00,62,4.42,4.84,472,0.0480,1,1,1,3,f,Stable
bd4889b5e9133b35b66e42a8665cea5c,sao paulo,SP,36,36,42,6271.90,34,0.00,10.53,0.00,35,4.40,8.57,475,0.0474,1,1,2,4,f,Stable
6b243f80ed07b10f0e8aa0f21a205f3c,curitiba,PR,79,76,89,6260.10,76,3.95,11.24,0.00,79,4.27,10.13,476,0.0473,2,1,2,5,f,Stable
670c26e0f1bf8d0576271d5cfaec6d2b,maringa,PR,77,75,86,6250.10,77,5.19,14.18,1.30,77,4.31,7.79,478,0.0473,2,1,2,5,f,Stable
dee656f0f566ed1aa85bd137c943f08f,cruzeiro,SP,92,91,94,6212.08,90,4.44,12.54,2.17,92,4.37,7.61,481,0.0470,2,2,1,5,f,Stable
bacb1f0ed56ad24198f5810d2b3fe9a5,jacarei,SP,38,38,38,6078.05,38,2.63,9.76,5.26,37,4.32,8.11,486,0.0460,1,3,2,6,f,Stable
9baf5cb77970f539089d09a38bcec5c3,indaiatuba,SP,31,31,32,5989.68,31,0.00,15.13,9.68,31,4.42,6.45,491,0.0453,1,3,1,5,f,Stable
bba74270a87732727b5a3b4fd9ac1c39,betim,MG,35,35,40,5964.60,35,0.00,9.60,2.86,35,4.06,14.29,493,0.0451,1,2,3,6,f,Stable
05d2173d43ea568aa0540eba70d2ca76,alfenas,MG,62,61,66,5759.66,62,4.84,14.92,0.00,60,4.18,11.67,504,0.0436,2,1,3,6,f,Stable
91f848e9f4be368f4318775aac733370,sao paulo,SP,60,60,70,5668.61,60,1.67,10.02,1.67,58,4.40,5.17,507,0.0429,1,2,1,4,f,Stable
9616352088dcf83a7c06637f4ebf1c80,umuarama,PR,91,91,97,5643.10,91,0.00,12.29,4.40,91,4.34,7.69,509,0.0427,1,2,1,4,f,Stable
8c16d1f32a54d92897cc437244442e1b,blumenau,SC,108,108,118,5642.60,107,0.93,10.97,1.85,107,4.36,7.48,510,0.0427,1,2,1,4,f,Stable
080102cd0a76b09e0dcf55fcacc60e05,belo horizonte,MG,122,121,128,5612.65,118,4.24,9.81,0.82,122,4.52,4.10,512,0.0425,2,1,1,4,f,Stable
f181738b150df1f37cb0bd72e705b193,carapicuiba,SP,36,36,37,5529.70,36,8.33,9.17,0.00,36,4.47,5.56,515,0.0418,3,1,1,5,f,Stable
cc3d14116804f7209f3884f6367f1152,curitiba,PR,27,27,30,5477.80,27,0.00,12.78,0.00,27,4.63,3.70,517,0.0414,1,1,1,3,f,Stable
817245bcc3badd82bbd222e0366951a6,bauru,SP,28,28,44,5345.60,27,3.70,12.56,0.00,27,4.11,7.41,527,0.0404,2,1,1,4,f,Stable
916c9de0b5ad957346eeeb12f332687e,curitiba,PR,22,22,27,5336.50,20,0.00,9.15,0.00,22,4.55,4.55,529,0.0404,1,1,1,3,f,Stable
02ecc2a19303f05e59ce133fd923fff7,santo andre,SP,21,21,24,5264.19,21,0.00,11.05,4.76,21,4.62,4.76,533,0.0398,1,2,1,4,f,Stable
5bffbafbb22daf6d3bfc216a46db8708,nilopolis,RJ,21,21,23,5239.70,21,0.00,8.76,4.76,21,4.76,0.00,535,0.0396,1,3,1,5,f,Stable
f67efa3f0b6761102a7f8c6b7b571f5d,curitiba,PR,31,31,32,5188.68,31,0.00,10.06,3.23,31,4.48,6.45,538,0.0392,1,2,1,4,f,Stable
f680f85bee2d253556ac91be391d2c82,carapicuiba,SP,45,44,54,5183.92,44,2.27,9.80,0.00,45,4.33,6.67,539,0.0392,1,1,1,3,f,Stable
709e16e2b25c7474d980076c6bfc4806,birigui,SP,60,60,80,5151.90,57,3.51,10.61,3.33,60,4.52,1.67,542,0.0390,2,2,1,5,f,Stable
d566c37fa119d5e66c4e9052e83ee4ea,sao paulo,SP,65,65,73,5145.70,60,0.00,5.67,1.54,64,4.69,3.13,543,0.0389,1,2,1,4,f,Stable
fad44952713764836814be105382aee5,rio de janeiro,RJ,32,32,32,5129.00,30,0.00,11.03,9.38,32,4.28,6.25,544,0.0388,1,3,1,5,f,Stable
4bf2f4ee540798a61f9636d12cd9cc80,assis,SP,29,29,30,4995.56,29,0.00,13.45,3.45,29,4.14,10.34,555,0.0378,1,2,2,5,f,Stable
dbd66278cbfe1aa1000f90a217ca4695,sao paulo,SP,85,84,99,4928.90,83,3.61,9.11,1.18,85,4.51,2.35,560,0.0373,2,1,1,4,f,Stable
503c1de08ae81a2d86f17951b204db55,sao paulo,SP,22,22,22,4906.99,22,4.55,13.45,0.00,22,4.41,4.55,563,0.0371,2,1,1,4,f,Stable
abcd2cb37d46c2c8fb1bf071c859fc5b,cuiaba,MT,44,44,51,4817.32,43,4.65,13.95,4.55,44,4.32,2.27,570,0.0364,2,2,1,5,f,Stable
dfa0c4c6229ab200a4a1336b4d7128ff,florianopolis,SC,77,77,86,4777.10,69,1.45,10.03,1.30,77,4.00,18.18,578,0.0361,1,1,4,6,f,Stable
acce39e832338debb07b02385cde5967,contagem,MG,44,44,44,4748.10,44,0.00,7.02,0.00,44,4.48,6.82,579,0.0359,1,1,1,3,f,Stable
30a2f535bb48308f991d0b9ad4a8c4bb,santa barbara d'oeste,SP,71,71,87,4731.30,68,2.94,8.40,0.00,71,4.28,12.68,580,0.0358,1,1,3,5,f,Stable
582d4f8675b945722eda7c0cb61ba4c7,bertioga,SP,59,59,71,4702.96,58,1.72,11.00,0.00,59,4.15,15.25,583,0.0356,1,1,3,5,f,Stable
7e3f87d16fb353f408d467e74fbd8014,sao paulo,SP,91,91,93,4653.09,91,6.59,12.53,1.10,91,4.16,10.99,588,0.0352,3,1,2,6,f,Stable
537eb890efff034a88679788b647c564,rio de janeiro,RJ,158,157,171,4617.90,156,3.85,9.13,0.63,158,4.24,8.86,591,0.0349,2,1,2,5,f,Stable
a3dd39f583bc80bd8c5901c95878921e,salvador,BA,34,34,37,4607.81,33,3.03,12.33,8.82,34,4.59,2.94,592,0.0349,1,3,1,5,f,Stable
9add47bf45ce8e8c7db6b9cf670b1e09,fazenda rio grande,PR,41,41,43,4606.44,41,2.44,12.22,12.20,40,4.23,7.50,593,0.0348,1,4,1,6,f,Stable
31da954dc0855f2495c6310f70a2f931,araras,SP,29,29,30,4583.00,29,6.90,8.10,0.00,29,4.21,10.34,595,0.0347,3,1,2,6,f,Stable
c68fb906c8f4b4b946d8386bfa6e5467,jaboticabal,SP,45,45,48,4541.16,42,2.38,11.21,0.00,44,4.52,6.82,598,0.0343,1,1,1,3,f,Stable
1fe5540d7c1c37a595fefbacd5570d9e,paraiba do sul,RJ,20,19,25,4537.60,20,5.00,11.80,0.00,20,4.30,5.00,599,0.0343,2,1,1,4,f,Stable
55d3daac7c404d59e51c2aa2f4dc5a23,sao paulo,SP,21,21,28,4480.60,21,0.00,8.71,4.76,21,4.10,9.52,606,0.0339,1,2,2,5,f,Stable
8bd0f31cf0a614c658f6763bd02dea69,sao paulo,SP,33,33,35,4455.34,33,3.03,10.00,0.00,32,4.28,9.38,609,0.0337,1,1,2,4,f,Stable
b90e891671cffd9557f33a97dc523645,sao jose dos pinhais,PR,34,34,39,4449.00,33,0.00,7.58,0.00,34,4.32,8.82,610,0.0337,1,1,2,4,f,Stable
0ef83d7d83ed97cd2a0049ac8be5f88a,curitiba,PR,48,48,55,4421.01,46,2.17,9.78,0.00,47,4.15,19.15,613,0.0334,1,1,4,6,f,Stable
fc906263ca5083d09dce42fe02247800,belo horizonte,MG,112,112,117,4417.90,112,0.00,9.37,0.89,112,4.39,8.93,614,0.0334,1,1,2,4,f,Stable
a3f0b55de503387383c7b1de3ad7f678,curitiba,PR,24,24,26,4348.40,24,4.17,10.67,0.00,24,4.42,4.17,619,0.0329,2,1,1,4,f,Stable
2ff97219cb8622eaf3cd89b7d9c09824,salto,SP,87,87,94,4339.10,80,3.75,8.99,2.30,87,4.54,3.45,621,0.0328,2,2,1,5,f,Stable
cc5a78bbad32776dc4e3af205218368c,divinopolis,MG,33,33,38,4269.18,33,3.03,8.12,0.00,33,4.45,9.09,625,0.0323,1,1,2,4,f,Stable
43f8c9950d11ecd03a0304a49e010da6,carapicuiba,SP,41,41,41,4249.59,41,4.88,11.37,0.00,41,4.56,2.44,627,0.0321,2,1,1,4,f,Stable
6288c69c4ce638e59925e59193f98b16,santo andre,SP,20,19,20,4196.80,20,5.00,9.60,10.00,20,4.25,5.00,631,0.0317,2,3,1,6,f,Stable
8bb48dc19fccaa8613b6229bf7f452a2,assis,SP,82,82,95,4190.72,77,2.60,11.69,2.44,82,4.41,8.54,633,0.0317,1,2,2,5,f,Stable
bccf933e006e9b94a6184af782963e77,assis,SP,45,45,46,4162.74,45,2.22,11.62,2.22,44,4.52,6.82,636,0.0315,1,2,1,4,f,Stable
cd6efc47efaabf134f8bdb654e10b4f1,rio de janeiro,RJ,31,31,32,4158.55,29,6.90,8.34,0.00,31,4.48,6.45,639,0.0315,3,1,1,5,f,Stable
65febd49fd28ec955651299159b1f527,sao paulo,SP,33,33,38,4136.71,32,0.00,6.63,0.00,33,4.45,9.09,641,0.0313,1,1,2,4,f,Stable
d66c305afaec317ebee552073a674429,ribeirao das neves,MG,38,38,44,4126.59,38,2.63,9.84,13.16,38,4.47,5.26,644,0.0312,1,4,1,6,f,Stable
715bbd5ba4e6b74cb0d2f29eb45058b0,serra negra,SP,62,62,64,4043.30,59,8.47,11.98,3.23,62,4.47,6.45,652,0.0306,3,2,1,6,f,Stable
55a5b51f93f2b70ea513f5a047b0262a,sao joao del rei,MG,39,39,41,4002.30,39,2.56,13.67,7.69,39,4.46,5.13,656,0.0303,1,3,1,5,f,Stable
bf3c6d2a28b2b5501e6c15448982dcc9,sao paulo,SP,35,34,43,3956.50,35,2.86,11.71,0.00,35,4.60,2.86,663,0.0299,1,1,1,3,f,Stable
3f995f07c49d0d55a99d5c54957f7d81,itapecerica da serra,SP,43,43,43,3955.70,42,2.38,9.71,0.00,43,4.21,9.30,664,0.0299,1,1,2,4,f,Stable
fde0cc9ea29c8ccfc0a2c22256a58c71,curitiba,PR,35,33,35,3922.00,34,2.94,8.85,2.86,35,4.49,8.57,668,0.0297,1,2,2,5,f,Stable
79ed755314cfe6df0daef2c6cd3022cd,rio claro,SP,23,22,25,3907.50,23,0.00,9.22,0.00,22,4.73,0.00,672,0.0296,1,1,1,3,f,Stable
f00e21b1e91a79653163b7fd8f293ff1,andradas,SP,31,31,31,3900.09,31,3.23,12.97,0.00,30,4.10,13.33,674,0.0295,2,1,3,6,f,Stable
02f5837340d7eb4f653d676c7256523a,curitiba,PR,30,30,30,3883.05,30,3.33,9.60,0.00,30,4.83,3.33,676,0.0294,2,1,1,4,f,Stable
8090490573c6c0aa343a7231ebcb8c86,sao paulo - sp,SP,26,26,26,3871.12,24,8.33,9.67,0.00,26,4.19,11.54,677,0.0293,3,1,2,6,f,Stable
1b938a7ec6ac5061a66a3766e0e75f90,penapolis,SP,29,29,31,3859.80,28,0.00,11.54,0.00,29,4.41,6.90,678,0.0292,1,1,1,3,f,Stable
d12c926d74ceff0a90a21184466ce161,sao paulo,SP,76,75,97,3850.28,74,0.00,8.51,1.32,76,4.36,6.58,679,0.0291,1,1,1,3,f,Stable
42fa4ee7240e9b8eb4576358ec142ba7,caxias do sul,RS,22,22,22,3845.70,22,0.00,6.73,0.00,21,4.81,0.00,681,0.0291,1,1,1,3,f,Stable
232a6014e7b10cba61c6c2b2ea6bb4b0,cafelandia,SP,32,32,35,3819.97,31,3.23,13.42,0.00,32,4.16,12.50,684,0.0289,2,1,3,6,f,Stable
2199e7fe213c16213bf5d6a7eadc9a5d,registro,SP,24,24,30,3767.29,24,4.17,10.75,0.00,24,4.38,8.33,691,0.0285,2,1,2,5,f,Stable
3c4e0452bff7a2a788179488d3d77032,colombo,PR,32,32,36,3746.40,32,3.13,13.75,0.00,31,3.84,19.35,699,0.0283,1,1,4,6,f,Stable
520b493b57809f446cb0a233bb3e25c7,santos,SP,63,63,73,3698.90,63,1.59,7.65,3.17,63,4.29,9.52,707,0.0280,1,2,2,5,f,Stable
0509040ea3fe50071181bbc359eb7738,belo horizonte,MG,87,87,96,3689.35,87,4.60,11.53,4.60,86,4.48,1.16,709,0.0279,2,2,1,5,f,Stable
5f5b43b2bffa8656e4bc6efeb13cc649,sao paulo,SP,27,27,29,3677.20,27,3.70,13.96,0.00,27,4.41,7.41,710,0.0278,2,1,1,4,f,Stable
c731d18cea9bf687ffee82a241c25b11,concordia,SC,24,24,26,3662.00,24,0.00,7.92,0.00,23,4.22,17.39,713,0.0277,1,1,4,6,f,Stable
38e679b9e0064cd94c6f035707344dae,londrina,PR,27,27,28,3644.15,27,3.70,11.26,0.00,26,4.12,15.38,721,0.0276,2,1,3,6,f,Stable
ed4311e67debd72b8610a5347a743087,guarulhos,SP,25,25,26,3636.00,24,4.17,7.71,8.00,24,4.63,4.17,722,0.0275,2,3,1,6,f,Stable
e49c26c3edfa46d227d5121a6b6e4d37,brejao,PE,34,34,35,3624.35,34,0.00,11.56,0.00,34,4.56,5.88,724,0.0274,1,1,1,3,f,Stable
66dc1b1632bd6a3e508510c5b3492107,jau,SP,36,36,41,3542.19,36,2.78,10.17,0.00,36,3.64,25.00,736,0.0268,1,1,4,6,f,Stable
f0837c8d71434931d9e38e7b79234797,arvorezinha,RS,22,22,23,3446.90,20,5.00,12.00,4.55,22,4.59,0.00,748,0.0261,2,2,1,5,f,Stable
f4db9b37944bcb8873e6b456ee190bbf,itaquaquecetuba,SP,21,21,22,3409.78,20,10.00,12.45,0.00,21,4.57,0.00,753,0.0258,4,1,1,6,f,Stable
960945e1a9535cbc0cd6ddd35fbe7ae8,sao paulo,SP,28,28,29,3381.73,27,0.00,6.26,3.57,28,4.64,0.00,756,0.0256,1,2,1,4,f,Stable
1b8356dabde1d35e17cef975c3f82730,sao paulo,SP,55,55,60,3366.40,55,1.82,10.53,0.00,55,4.22,9.09,757,0.0255,1,1,2,4,f,Stable
6481e96574816ead57975da2c0f6d80d,sorocaba,SP,32,30,43,3324.90,29,3.45,7.14,3.13,32,4.19,9.38,759,0.0251,2,2,2,6,f,Stable
6b90f847357d8981edd79a1eb1bf0acb,guarulhos,SP,45,45,47,3322.08,42,0.00,5.64,0.00,45,4.36,6.67,760,0.0251,1,1,1,3,f,Stable
db4350fd57ae30082dec7acbaacc17f9,sao paulo,SP,136,134,145,3304.32,135,2.96,10.50,2.21,135,4.16,11.85,761,0.0250,1,2,3,6,f,Stable
594f9aaa48e5bf431f011ddc5669b0d5,contagem,MG,37,37,38,3248.80,36,2.78,7.44,0.00,37,4.59,2.70,768,0.0246,1,1,1,3,f,Stable
d57e18d5f73c7ccb7f7339b61166898d,sao paulo,SP,61,60,63,3187.70,60,0.00,9.12,1.64,61,4.43,8.20,774,0.0241,1,2,2,5,f,Stable
e48b04bf1aa1ef711caebeb7aede6180,curitiba,PR,25,25,25,3187.10,25,0.00,10.52,4.00,25,4.48,8.00,775,0.0241,1,2,2,5,f,Stable
c8b3445d737de6befde0c88ede534a5e,sao paulo,SP,30,30,36,3149.04,30,3.33,11.53,3.33,30,4.43,6.67,778,0.0238,2,2,1,5,f,Stable
b8555308bfdb4ca1ed54325a58da9a97,sao bernardo do campo,SP,26,26,28,3047.20,26,7.69,10.23,0.00,26,4.00,11.54,793,0.0230,3,1,2,6,f,Stable
0ebd97a106433a45a4aebe57c1799778,contagem,MG,31,31,32,3046.80,31,0.00,9.35,3.23,31,4.48,6.45,794,0.0230,1,2,1,4,f,Stable
4da0e408c99d2fdc2126dc9fce518060,cornelio procopio,PR,44,43,54,3026.00,44,0.00,9.30,2.27,44,4.41,6.82,795,0.0229,1,2,1,4,f,Stable
3bdff180c7e1f6551a643b99c265a120,sao paulo,SP,56,54,58,3008.20,56,1.79,10.02,1.79,55,4.25,9.09,799,0.0228,1,2,2,5,f,Stable
9646c3513289980f17226a2fc4720dbd,sao jose dos campos,SP,69,69,76,2964.40,69,2.90,11.17,1.45,69,4.45,5.80,803,0.0224,1,2,1,4,f,Stable
b1ac6ea7895bc3dd6f0f6f4abbdd2821,canoas,RS,38,38,38,2962.00,37,0.00,10.00,5.26,38,4.53,2.63,805,0.0224,1,3,1,5,f,Stable
20d83f3ef0e6925fd74bfd59170babf7,sao paulo,SP,40,40,54,2903.60,40,5.00,9.00,0.00,40,4.40,7.50,814,0.0220,2,1,1,4,f,Stable
1771297ac436903d1dd6b0e9279aa505,guarulhos,SP,28,27,36,2881.27,27,3.70,9.59,0.00,27,4.63,0.00,816,0.0218,2,1,1,4,f,Stable
bd697db56ff8e7c9cd1abeb7f72029b2,sao paulo,SP,21,21,21,2869.79,21,0.00,10.81,4.76,21,4.33,9.52,818,0.0217,1,3,2,6,f,Stable
730937bf88cb151eb2eb849f642fc213,rio claro,SP,22,21,26,2821.20,21,4.76,6.33,0.00,22,4.41,9.09,825,0.0213,2,1,2,5,f,Stable
5f1dc28029d2c244352a68107ec2b542,sao paulo,SP,62,62,78,2807.30,62,1.61,9.50,9.68,61,4.43,6.56,826,0.0212,1,3,1,5,f,Stable
1838dd9b8977065acf51d95e0053ea7a,belo horizonte,MG,62,62,65,2750.50,62,3.23,12.69,0.00,62,4.37,11.29,836,0.0208,2,1,2,5,f,Stable
5cbbd5a299cab112b7bf23862255e43e,pinhais,PR,36,36,38,2726.06,36,0.00,10.69,8.33,36,4.28,11.11,843,0.0206,1,3,2,6,f,Stable
31561f325664a8a7aba4c8d0c3a9b3db,sao paulo,SP,36,36,38,2702.19,34,0.00,7.56,5.56,36,4.64,2.78,849,0.0204,1,3,1,5,f,Stable
974cf2cb8f4b7add98709c30df02fe10,araraquara,SP,30,30,30,2694.70,28,3.57,11.61,0.00,30,4.17,10.00,851,0.0204,2,1,2,5,f,Stable
ccf8813e5a7d6c84d865cd38bfc2b130,taubate,SP,26,26,26,2635.50,26,3.85,11.31,0.00,26,4.38,11.54,863,0.0199,2,1,2,5,f,Stable
8ab42aa58097fd4668d60cc648225d5f,goiania,GO,20,20,26,2616.75,20,0.00,10.35,15.00,20,4.20,5.00,866,0.0198,1,4,1,6,f,Stable
0885aaf116795758dfeb5f1032487bcd,ferraz de vasconcelos,SP,27,27,29,2573.10,24,0.00,5.79,0.00,27,4.26,11.11,874,0.0195,1,1,2,4,f,Stable
b76dba6c951ab00dc4edf0a1aa88037e,sao paulo,SP,157,157,167,2545.31,155,3.23,10.43,3.18,155,4.22,10.32,879,0.0193,2,2,2,6,f,Stable
cea729054f157f5870bdd321a958d994,sao paulo,SP,24,24,26,2482.10,22,4.55,6.73,0.00,24,4.13,12.50,885,0.0188,2,1,3,6,f,Stable
1c40343cc5d18c2d8248ac2f3366de34,limeira,SP,21,21,22,2461.41,21,9.52,7.52,0.00,21,4.62,0.00,891,0.0186,4,1,1,6,f,Stable
efcd8d2104f1a05d028af7bad20d974b,aracatuba,SP,46,44,50,2384.79,44,2.27,9.98,2.17,46,4.20,8.70,902,0.0180,1,2,2,5,f,Stable
cfe94489ddd337d1e29e12f2a7205d10,sao paulo,SP,20,19,24,2376.00,20,5.00,6.85,10.00,20,4.30,5.00,907,0.0180,2,3,1,6,f,Stable
5160d23075764e18e07c1f4a87fad743,sao bernardo do campo,SP,33,32,38,2359.00,33,0.00,9.12,6.06,33,4.36,9.09,911,0.0178,1,3,2,6,f,Stable
3504c0cb71d7fa48d967e0e4c94d59d9,maua,SP,53,53,53,2349.94,53,0.00,7.21,0.00,53,4.42,3.77,916,0.0178,1,1,1,3,f,Stable
0bb738e4d789e63e2267697c42d35a2d,sao roque,SP,29,29,30,2308.40,28,3.57,11.93,3.45,29,4.66,0.00,920,0.0175,2,2,1,5,f,Stable
5a93f3ab0ef4c84ed5e1b5dbf23978bc,monteiro lobato,SP,38,36,43,2299.28,38,2.63,15.03,0.00,38,4.79,2.63,922,0.0174,1,1,1,3,f,Stable
1d4587203296c8f4ad134dc286fa6db0,sao paulo,SP,40,40,41,2287.50,38,2.63,9.13,2.50,40,4.35,10.00,924,0.0173,1,2,2,5,f,Stable
6338ea67c41078a46ad99cc009654956,farroupilha,RS,37,35,44,2286.09,37,0.00,13.11,21.62,35,4.60,5.71,925,0.0173,1,4,1,6,f,Stable
cac876b37d3abcd6bd76caca30277996,cascavel,PR,27,27,33,2229.77,26,0.00,9.88,0.00,26,4.46,3.85,934,0.0169,1,1,1,3,f,Stable
e9511df20ccd82658a30c37b7fb343af,bauru,SP,22,22,30,2096.60,22,0.00,9.59,0.00,22,4.32,9.09,967,0.0159,1,1,2,4,f,Stable
7f7b8245c336066a1f9933c359f11d77,mogi mirim,SP,38,38,43,2094.36,37,2.70,8.30,2.63,38,4.55,7.89,969,0.0158,1,2,2,5,f,Stable
412a4720f3e9431b4afa1476a1acddbe,campinas,SP,21,20,22,2058.10,21,4.76,10.38,0.00,21,4.24,9.52,979,0.0156,2,1,2,5,f,Stable
f7720c4fa8e3aba4546301ab80ea1f1b,curitiba,PR,59,58,77,2043.55,57,5.26,11.09,3.39,59,4.26,6.78,983,0.0155,2,2,1,5,f,Stable
116ccb1a1604bc88e4d234a8c23f33de,sao bernardo do campo,SP,61,61,73,2004.89,59,3.39,8.93,0.00,61,4.64,3.28,991,0.0152,2,1,1,4,f,Stable
c013e57c075a06e5b5c48ee03c525719,sao carlos,SP,42,41,45,1971.55,41,4.88,9.20,2.38,42,4.24,9.52,1000,0.0149,2,2,2,6,f,Stable
f41ce2e25237f9092cd8e6e7516c7a2f,guarulhos,SP,26,25,27,1961.90,26,0.00,8.65,7.69,26,4.42,3.85,1002,0.0148,1,3,1,5,f,Stable
6df688df543f90e9b38f4319e75a9d88,belo horizonte,MG,39,39,55,1891.76,39,0.00,7.87,0.00,39,4.56,2.56,1008,0.0143,1,1,1,3,f,Stable
5debea795b07621e1f90532e18f96145,apucarana,PR,25,25,33,1883.78,25,0.00,10.12,8.00,25,4.36,8.00,1012,0.0142,1,3,2,6,f,Stable
95ec4458365c4d11f452ccf538377619,limeira,SP,27,27,31,1866.76,26,3.85,6.35,7.41,26,4.62,3.85,1017,0.0141,2,3,1,6,f,Stable
7ade73f1b9b4e965f9009a4c3a7e2c15,bauru,SP,26,26,27,1835.30,26,0.00,9.58,3.85,26,4.77,0.00,1030,0.0139,1,2,1,4,f,Stable
a5a1bfcf728ab0e19182959cf0771ee4,socorro,SP,21,21,24,1812.96,21,4.76,13.38,0.00,21,4.33,4.76,1034,0.0137,2,1,1,4,f,Stable
729b2d09b2a0bdab221076327f13d050,mineiros do tiete,SP,48,48,60,1805.21,48,4.17,12.48,10.42,48,4.56,4.17,1035,0.0137,2,3,1,6,f,Stable
c8417879a15366a17c30af34c798c332,sao paulo,SP,25,25,35,1734.70,25,4.00,9.40,0.00,24,4.29,8.33,1056,0.0131,2,1,2,5,f,Stable
1dc2de47ee26a0a5b12dc14fd6dc0dea,ibitinga,SP,25,25,27,1670.30,24,4.17,14.75,8.00,25,4.56,4.00,1077,0.0126,2,3,1,6,f,Stable
25cf099de44674fde97473224f9d59ab,cotia,SP,50,49,50,1654.36,49,4.08,9.45,0.00,49,4.33,10.20,1083,0.0125,2,1,2,5,f,Stable
b2a6d334e2833acea353624840e25a0e,sao paulo,SP,25,25,26,1650.98,24,0.00,10.04,4.00,25,4.48,8.00,1085,0.0125,1,2,2,5,f,Stable
013900e863eace745d3ec7614cab5b1a,curitiba,PR,23,23,26,1619.70,23,0.00,12.00,8.70,23,4.70,4.35,1097,0.0123,1,3,1,5,f,Stable
845e8036c3f7bf62099352f5ed910240,rio de janeiro,RJ,21,21,24,1584.60,21,0.00,7.57,0.00,21,3.95,23.81,1108,0.0120,1,1,4,6,f,Stable
9b00ed88b7fdb95d6ff76e27c1b52d16,sao paulo,SP,46,46,50,1567.88,46,6.52,9.30,4.35,46,4.54,6.52,1115,0.0119,3,2,1,6,f,Stable
3785b653b1b82de85ab47dd139938091,ampere,PR,21,20,24,1552.00,21,0.00,11.86,0.00,21,4.71,0.00,1120,0.0117,1,1,1,3,f,Stable
ffc470761de7d0232558ba5e786e57b7,guarulhos,SP,27,27,30,1529.13,27,3.70,9.63,0.00,27,4.44,3.70,1126,0.0116,2,1,1,4,f,Stable
3586b8580d9c917874e053a1bb37b5ff,araraquara,SP,36,36,43,1524.70,36,2.78,13.50,0.00,36,4.42,5.56,1128,0.0115,1,1,1,3,f,Stable
d1ef48b38baca7e831711c4a0aeb398f,apucarana,PR,28,28,34,1439.13,28,7.14,9.86,3.57,28,4.57,0.00,1163,0.0109,3,2,1,6,f,Stable
d4e12e7884759a14fa0f5f896c791cae,sao paulo,SP,29,28,32,1400.00,28,3.57,7.64,0.00,29,4.62,6.90,1178,0.0106,2,1,1,4,f,Stable
d9a84e1403de8da0c3aa531d6d108ba6,sao paulo,SP,53,53,58,1385.30,53,5.66,7.45,0.00,53,4.58,5.66,1181,0.0105,3,1,1,5,f,Stable
42ef3192a9ff87a22d1867b74b3ee205,santo andre,SP,23,23,23,1354.09,23,0.00,9.22,26.09,23,4.65,4.35,1194,0.0102,1,4,1,6,f,Stable
7e26c750b4cb9f6766f58265ff9ebe95,belo horizonte,MG,23,23,27,1344.30,23,0.00,9.22,0.00,23,4.43,4.35,1199,0.0102,1,1,1,3,f,Stable
718539d38d07dd351c76db862760e2e2,campinas,SP,35,35,43,1273.01,35,0.00,8.54,0.00,35,4.63,2.86,1239,0.0096,1,1,1,3,f,Stable
671585f5a2af58b6e276bc01003c0d2b,curitiba,PR,27,27,27,1244.00,26,0.00,5.62,0.00,27,4.70,3.70,1252,0.0094,1,1,1,3,f,Stable
52f9db5cfb423382a2fa5c9e39303202,echapora,SP,21,21,22,1218.78,20,0.00,10.15,0.00,21,4.29,9.52,1262,0.0092,1,1,2,4,f,Stable
093805f8f2aeb63881444571e1f48f30,osasco,SP,22,22,27,1215.79,22,4.55,8.18,0.00,22,4.18,13.64,1265,0.0092,2,1,3,6,f,Stable
6426d21aca402a131fc0a5d0960a3c90,ribeirao preto,SP,23,23,23,1209.64,23,0.00,11.00,0.00,23,4.17,8.70,1269,0.0091,1,1,2,4,f,Stable
01fd077212124329bac32490e8ef80d9,ribeirao preto / sao paulo,SP,31,31,39,1208.00,31,3.23,8.00,0.00,31,4.16,16.13,1270,0.0091,2,1,3,6,f,Stable
d8c7ba53e7e38711eaef8c2849d6d2e1,floresta,PR,22,22,22,1190.87,22,0.00,8.09,0.00,22,4.50,0.00,1277,0.0090,1,1,1,3,f,Stable
5f3ae9136c875522250f8184f253413a,sao paulo,SP,42,42,45,1143.05,42,4.76,7.83,11.90,42,4.64,2.38,1304,0.0086,2,3,1,6,f,Stable
138dbe45fc62f1e244378131a6801526,sao paulo,SP,49,49,58,1125.56,45,2.22,6.40,2.04,49,4.08,16.33,1312,0.0085,1,2,3,6,f,Stable
75fbb52eda0cbc24f479d3b2fbfa8d3e,goiania,GO,38,37,41,1094.19,38,5.26,13.63,2.63,38,4.45,7.89,1325,0.0083,2,2,2,6,f,Stable
1464afc72f696af775557a821c2e253f,nova friburgo,RJ,29,29,30,1059.36,27,3.70,11.56,0.00,29,4.24,10.34,1349,0.0080,2,1,2,5,f,Stable
8fdca8e349553f99bc738833a62c8802,sao paulo,SP,22,22,29,989.34,22,4.55,10.64,4.55,21,4.19,9.52,1389,0.0075,2,2,2,6,f,Stable
325f3178fb58e2a9778334621eecdbf9,taboao da serra,SP,36,36,46,981.70,36,0.00,6.39,0.00,36,4.44,8.33,1395,0.0074,1,1,2,4,f,Stable
1caf283236cd69af44cbc09a0a1e7d32,nova iguacu,RJ,33,32,37,917.60,33,9.09,13.73,3.03,33,4.61,6.06,1427,0.0069,3,2,1,6,f,Stable
6a8a889bde935bafa76d7848782dfaf9,sao paulo,SP,26,24,30,860.82,24,8.33,8.25,0.00,26,4.04,11.54,1458,0.0065,3,1,2,6,f,Stable
bf00385a5f7fc1ef39a13c2e9ee50a5f,sao paulo,SP,28,28,28,855.40,26,0.00,5.58,3.57,28,4.43,7.14,1463,0.0065,1,2,1,4,f,Stable
113e3a788b935f48aad63e1c41dac1bd,aparecida,SP,39,39,48,847.35,38,5.26,13.37,5.13,38,4.32,5.26,1471,0.0064,2,3,1,6,f,Stable
10076e5788b8ee532724bcd460baf762,batatais,SP,23,23,26,821.48,22,4.55,10.09,0.00,23,4.57,4.35,1492,0.0062,2,1,1,4,f,Stable
41c2bad7229b0c25e6becf179ebf63ff,natal,RN,20,20,23,782.00,20,0.00,4.50,0.00,20,4.95,0.00,1534,0.0059,1,1,1,3,f,Stable
18e694e0e48ed6f7aa3f24aade5fd697,varzea paulista,SP,31,31,34,701.54,31,3.23,5.90,0.00,31,4.68,0.00,1602,0.0053,2,1,1,4,f,Stable
6b15924333bd1a741595fe981ea04822,sao caetano do sul,SP,21,21,21,614.32,21,0.00,7.81,0.00,21,4.67,0.00,1667,0.0046,1,1,1,3,f,Stable
0d33a55da925bbf1ff02af5f6059fc7f,sao paulo,SP,22,22,24,547.30,21,4.76,8.10,4.55,22,4.45,9.09,1726,0.0041,2,2,2,6,f,Stable
48efc9d94a9834137efd9ea76b065a38,curitiba,PR,33,18,34,345.60,33,0.00,10.73,84.85,33,5.00,0.00,1955,0.0026,1,4,1,6,f,Stable
